track_id,popularity
7rp0IP3Dy5pz2XGZ3In5HF,46.90601690555645
2UFtcdHQnzDkLJ9a8GIUkU,26.36858922535798
7rKT0Jkav0cc9BB1XA3BrB,36.46324532588234
6xYd4zCVeSp80Un2Rl9wDs,13.968407089486597
3zaXjodcrXLPj6Z8Wm3txR,17.361784021792335
2rjCLFdX8n9xLoMZgdMMxt,37.881233033207245
5KG2ahk1cONbHvg3dBdTbx,49.19525713848949
3TzFMl0zARNFZh2nGyFp62,29.320607632502508
5nCthAh3jt4xKuLJAifAaR,69.67382641054917
0P5D7ji9AJi85bEdQhq50a,54.043119780449096
0Mpuxn2GTE8LzUXJzIwk7H,38.92887224194573
1uwnBpEtKYO883Ro3woXWw,34.9747403953866
77s65ayZ3gXbqMV8jKH1A3,0.1338135758951954
6Ycf7Ch2VlEKlORbz7yfpJ,49.472602710958874
0dbuo1Rl0r5ba9HCoaSPL9,26.024347107305193
62cYasTwBy6Y7pstdSTmHu,51.04152466267194
60WI0RpQhFyXuyPvrPPFiH,52.29235980553349
34jQlhS7FGfPitCHJRd2fR,52.072948800679
0JITWDB1tVUH2VUXmVtYpL,56.22293951463431
5VODRtqd2P5vUH5oHBEUmf,51.02567554402364
4pMEp90aY5XZcQQGaH7ahu,44.454918111071485
3WATWS2Ywo5HeHtG0bE2iZ,65.64258015762675
7G7tgVYORlDuVprcYHuFJh,33.69548601024714
2eAtC4umRoDcvRcsyFzGL9,43.348548285076035
1YPktWvjzZW9zxZMStzG0L,52.39467545106258
4nSwWiwtieiNmRAjy9fEXN,41.881099198327945
3uHisD8WxXOYLaxeOl098L,44.72675178107053
2DyHhPyCZgZzNXn1IrtsTu,53.56068057503283
1ZCBORA4hOTX9dUcpSnW7M,37.18568263814811
4tkk65MyQNzYOQKgVbLCZ3,38.75946950296625
4GAGWckW9edK3zB6ZS7Tz5,37.292104193169294
71uQWxtXZDImodR71xdaWN,1.0948959162611949
1SPRmWXXsYC873W0owPzDw,60.15210314878018
2mZ7SXzf5mZkohPfDFIUET,60.513984137574
6rReKrolZgh6rv97SVSxPE,10.963396356238567
4RN1hrcYYPOQ16QJJfWYMf,24.25735773278643
7ujx3NYtwO2LkmKGz59mXp,66.206102457295
2ff0sgVBZ1DYnfdXkW5tkS,3.81285586721722
2PHugyVcwpbzP2S1w3fDTA,42.11143368574636
6q9CRTF8dyABIcKj7bCJwf,43.93146449447973
2ohNni8RN3X7nRbimfVQF7,45.36302215631008
4jpImWrX1hDIHHkVL9qpeu,9.185884905733674
5ncLYUmT8HlecKUJBMq4y0,25.839519706199585
720IIHD0NvNfDURgWSB3rP,66.11427155824099
69j0KoPJuwpnbGWrfn7Yll,46.16366190488792
2D1hlMwWWXpkc3CZJ5U351,23.388027366532903
0IVdlBreRkZn0ftoUwB0T6,21.961338237140303
4faxL6KhHe3puLaKGaJjql,0.0
6nnH5zeFZOH3HMpEOG5DLg,48.31089900171474
5j1yOqWONR9T6l43AzJ6Es,78.68250464049608
434VcYrm3FPRRiW4jw5nLb,14.979752097196402
1h20yRsf5WeuHbohrlfcCt,50.90469215666462
2lWhZbWmzzUYHYwfxakAj6,55.84142574902502
61mkzcrrV7CfpggUuCNMib,33.91626509992083
0OP1RzrglC008kj79Httv3,70.91019582378911
1xyRdEWnrKULKXbZCyZ9KS,35.55639985543828
0bGIiqXgKcQ2zvGc5PVnXc,22.770534812478495
5QcBkYPvcuDm0AYGYj0Y1h,16.480752609993203
2PFIZFcGry0po3ZfRZkzKc,39.537232522660275
4wJSJfK4TpN34ijo6gWTmZ,0.8558964007304205
1rfGO3N4DPGodJLSSY9Re5,19.219455125494555
1MrZOAWrE9VYYlosHFekQg,33.00940573367072
4yADFCeTlICXnrxRatXHrk,13.023516476229673
61nq0jg2PYWxUUiarofGBI,45.43264533220219
7yLysy4GtqecVYpC773q7g,45.55500328942683
3r23r7Ad7eXi0xKcBYd506,2.6480449555243006
5olaF84x7e8jKLmLsm4aA4,12.022032600120987
58CQmWVeUxIogEfGrmQcSh,41.84916035114127
0y9HijI86urtAmbpnaN8ty,42.402038243438504
0hNXSYtNpYVtfeME1wZq5r,54.94787040398327
5puKxbSkahwtI2XJR1xZgr,37.62561324936331
2vytyWClpsahqcL6NibSE3,40.23646803408209
44wXefe8WB9Fd6xwtmAwbR,59.21847564834508
1ZosUXeZM3qlTWdL1uTrhm,47.78655970824929
5qD3Qv8Wu3r5uRD0DahcZy,60.06620159128039
1TwVcKR6JojvPwBGbWZT36,28.406514756036838
5DkORVajfAFyI6PJnFFfng,59.96708790881356
2aEeghgUcnu75tzcolFMfs,39.600233908768296
6MSKVdRyRt2BeKFd7N4QKq,69.30335817736042
0yqGaBZ0r4av8o40knrpjz,50.992103800434556
0aBiwUsKI4buvP29xsacIm,32.390417714322346
6c9xVWbPeVPgrmWTYYeMTr,55.05646776907211
0hv6ku4431kPrjbpBBspw3,28.771049134397654
1S4rxDloMtAduogKeiJZmR,0.8892058669256552
4yT5usLhavd4mzP14LSiPU,60.12525480181353
48VqjlOsSBUxCnx3jEpPut,39.32011320525231
0fTiDOXRNEN0lUeYGoSHml,47.633417901644975
5anCkDvJ17aznvK5TED5uo,53.74047995899619
60EKSZLqpbybeB1D3ocwXr,34.74682855711371
4lO57zZGFcj7vSY4QhfVDq,71.96306310437394
7DRG5fvwk3fLH8IsR6AJaT,28.632864786433252
0BLR0gzwIbPJlI5y2BUGYZ,52.28907943384358
2AqKRuEcR0R8iYkBWk5Uqj,28.13597272987155
3XAFrOZbJYdMaHGP4qutqs,52.146427232743456
5hL9yKGJAMUxfwsjFnJ0aR,45.26641010330386
3Kj2M9gRU1Lwf5eiNjBtBp,50.03374229986503
26yRRQ1l9J2jhrCrPp3R1g,32.98284820299117
0hyHlv8GgTPJIx8vn2QxwC,33.68045866187806
1rylJ0VXvhOzLGNm401iaI,32.48628192378144
06Hdbxh6NCy6TIhjdXTchB,64.49432656421122
2jFGp1Z4qtFagTfHP4WAjA,37.0184230235767
3QftqIoFrzYaEOGrQdjWe7,48.4900863335889
3Z9vR8JrHFyyjB0JoHzx6p,40.4783246803256
1DogGoIMkFf8jsrs3AlTUQ,66.89854874431045
5eZrW59C3UgBhkqNlowEID,61.606181916434636
1ep7czKo3gvwkZ2cyuqwFc,15.374516159021352
3zUtuSPwyqKElkqfnJj3X2,71.94915354220407
78ZqE2tjAxbqEGGlvGnQfT,39.617689808082716
4TZ2Ub8bZh4LTs06eANDXa,38.338244226848126
7vhOZ7D4z03Y0tYkxFAG15,32.7740507562655
0xycFQK4tNdLoM9DFE7TSn,42.479707817687064
3GHtEaicELsTViK08EXEQQ,59.32576527628593
11Tfxz9hfGSoc9Mv3egU3B,20.536884291079947
33zaP9mzOPm76Zf7HPGkaw,21.3400234617168
0M4HcGtxIWVVH4rSNp6XhQ,60.79617638166174
0ZMd5tkIxm8XkFEwWn5Ftv,41.10582795038116
1JWWwXFfNKi6ioDZOaa9jX,46.688213405260775
1ydOxBgLmEMfWffu6t4H5x,73.80364873247859
5n0CTysih20NYdT2S0Wpe8,65.98690267454792
322tcqPhma7F6hfCeLisx0,75.28876684715274
4f3R4uWGQpemPGdfhgtu2I,19.580836683154754
4f6EmVhrIZpKr4cRyCi3Jk,21.610913774108802
65Zm64XaqNj1pXGAS6Z4hs,51.839912659612935
0KBVz8R57yXqv9XzqLcyah,25.01500639495296
48OrVEvT7yg0qELmu9QmbO,41.7692333391771
4XOq7frultDFgx4l3wuRPc,35.97825324220346
3Du2K5dLzmduCNp6uwuaL0,48.59503792330141
7dRj3sTBYkNbEx5kdNHriv,59.37081272953751
737gzPI5VAmgUGWiJ9yXuu,79.20326490168861
5kHiHWLcbsvTDtmHxBiaID,36.10353050603954
5Ms7TnzfvUT4FVFc2vR3CL,33.66334271467644
5pkLSTZeL9zbvaaq5Cw6XX,28.089012938779014
0bSr5pybJSlgG5OZH441gF,28.019587890872277
2K2NeVnP853rkR5ese8ZLP,66.1669770150884
2VpTT9dmZapkRO61WFxs3m,25.817297949767205
38zwkK6TtTjIW9tpYBfZ3D,67.86451522879254
58Yv6iSIVoOsrP5QGhZEu1,30.665965922345855
230QECARol1jtRJjhw2vFc,24.950893523827208
5NbdN6rPwkntsk9rdHO4vl,16.689867432394692
2QHkMyf71kpkTiYYsp8qYO,42.27809572615545
7sp9SYjIBBniAJ7xa1nkZh,59.532412591035296
2xrW6sZRmahuSAQMxO4BmJ,62.990758621722605
3qZkpG7RW81clweFyefCe2,36.213072111560614
0FzGKD3N0jK6nNOyOJBvNG,59.518841874363
7F9I648NBMfaTz1ChUXEls,56.03564861231982
4DMKwE2E2iYDKY01C335Uw,56.312398263595114
3Ob98mJElVwt9PwhuFqtIP,43.376416842828796
6X7qcg95CAeJpTjtg1wooM,56.26538684007051
5pFKe37vrYun2WzsRD5PeO,3.7836577791187564
6rehXBeRiXor3nSlkBDc4v,35.2661611280659
1kvZL6kWs8JTgw9dJQJYWY,18.689487497249957
2ZLoprAEuvfs30Y4InKlaq,41.954040873188625
1XrSjpNe49IiygZfzb74pk,64.7232829677508
6aDsgHPZsMztSbZernzlF8,21.688465319900832
7t7oaaj2ZrMgA6evRFZoIh,34.50784388742214
5umNmYXynJ7boN6CkMzjYT,53.98498819723432
2vWscHr7yNiNXny2UR8pqd,39.85893698615687
4d3UnYs8dRDDd93MVaoj74,21.64036091833417
0a4agFmqHXxcZl1nho1BxM,50.65891698476999
5ewa79Xg31HDefmPUpZX0Y,41.603279155985874
04o1cc3SZKXhAGFugDUHMx,34.58894152703016
5GKcpbYj5beL11aH0bloA2,14.887669440210187
5Q4DOojEcvYnwrFIHR22y6,19.159841561550255
38OQksFGBI3vGeSMrG5qMo,37.8148993890246
5aNH8inF5BsbThDeOLs7zs,60.514980655292014
0D7DRqVU5h31xtEUccV4s7,7.191138859902675
4QYGKJExNwTvNhf64Cp2XI,42.58261068627094
1qhgBzRH0jOzoVZJ2K1hDn,17.717775553013386
03EnOL1O9EKi9CFNmPyrCm,43.915606982907576
25Ril0FCw9THikD42bdOI7,23.118922168783484
18URo35acNKRTHfEdjTcGn,41.759955399386975
0UpW4nPCjKEX5D3mjQcbqJ,45.083242429211275
1hqrYSqvNc9x3BETX1cZhk,23.55180021535139
05U8JOKjeCFCRCKywXay8t,60.7555665516764
5Gu0PDLN4YJeW75PpBSg9p,50.3779134325277
4E89wfYbGzoNolObrFhoG4,31.535293665387993
6iX1f3r7oUJnMbGgQ2gx1j,46.25194474349059
11BHx1QpCJVGKLQZiRB7xk,19.993913982249325
3ssX20QT5c3nA9wk78V1LQ,55.721799023963754
5r2z0FHOoFI06GZEVGDjzM,26.510214173395106
2rUC9tmxfT8lsv2Ch3cFt4,50.89187544092413
1uwTmwkjv7wFImfzegvdI6,32.11823377831991
3Ill870Y1tXdih9qPnRKa1,46.00829313845052
5PMKzsUsTpZZGsCcJBuhP2,40.10676569946458
1iqj7vNKGuT0AIGJ11Kojy,48.92824986021019
2ZBalNGwjqdKJd29O76wBV,27.420137981091543
0QnGI4OgY8ReggLWvEXdgD,27.625190015212734
0CJzVKPtJaeOt76jO3PpbZ,26.790112289550194
0JiVRyTJcJnmlwCZ854K4p,53.121548818561635
6rej3WIk26EZsVnfYPROyc,40.01554573988744
223EftuwZfEBE6v2TnMrOl,38.24076306870865
3FdszHMbgPXCYxDYhW5B0N,33.94932529240416
2v8mIirSXpwpVwyBrUzAtT,25.129899972450843
5gys5nzVQIYhgHIfiOJYva,48.40078886991746
54iSfkh69fxhnSNrgvTEBp,18.648106360308073
3qHlBxD3acw5nrl7Padt0v,44.25580053528001
1z3LsJRCvln5qO5TOLduQM,58.715346249817614
5ONJ9mrQrCkO3G7LQi4wfE,49.80019296171428
6fczHcaWu4h7UYLQTXL6w8,33.57312143074084
14MGlCeQzAJj3EeznSGeEC,54.18142167424161
7dHqpgKhgRoTYo8HotjFwr,47.33898494731472
2qLqfjB96rV5SMgp91PcXR,25.25476028849822
4rs0H0EHWCOkSovLtyKwwI,39.69757337693576
6gPPoRYJwCsoB2VVdPJfmo,71.41436860374506
2bHRnMtpXMUmzDHZrAyxne,61.77817632419009
6ircokk87I6fpViV4zSQRX,6.696769563511606
3GGkqI7lQTP1D6CtymwnHZ,66.2538211333402
2ME0AueHgbGVdY7YcKCbkl,42.99121825739404
3Q5JcxqKmSE9hKGk3WmspW,34.15208472462522
3VZQshi4COChhXaz7cLP02,1.0063336611398117
1JC6qQzJsXlwSLHD8KypXg,27.186998088123538
5oV0Z1w1yZePvSY2Q6gtnD,30.55390226846526
13TqvB91x3vY05Ym9OJ9It,19.787873769644705
4XB0xu7PoC5rj8YpHzvo3y,1.7040584726871486
5lQyKTM5MZsrObdRbIjJv4,51.83019132190548
6YEOmCsXSk9ZPE0FkcCiuQ,38.98129153756109
6X16lGke7rTFXp8nlABGS1,3.3246396362437407
6wt8KAK3PEPAixC4aqlHNt,44.25148961342942
2VLU6LTuUA621cS87wVG7C,45.205740217339816
6xUy203RnyyOfbqf96Nven,61.294872312550844
2RVQIq7bLi4Eu6xHPyQ46t,6.565657916867563
4MTx23V7Axs7subL3UdGft,29.51665866464576
4MtitTdGu0ldNjytXNFV64,22.302453183599134
59XNy4523UcEvQfYM8fdQB,56.625724477491275
5B2U6awRptWQ3l4OpjZdBG,24.874250383817298
5ulyMRVraAUV3OC7cbkRpF,55.92015475056603
02gV5Zc9ctbZxD1uTNIok5,6.562082450763046
6RQgvscK17WsaMj3N5RTer,30.63234688735538
5ZkAx8zjLiSs1nMmBwJoZS,17.688463582476064
7xK0LBgSUW1RBUHrzifjP3,50.76061150886153
6HFVHZt5xRuPpiqFKXbJ6W,38.93290929172723
2tnVG71enUj33Ic2nFN6kZ,47.65042421951497
6vN77lE9LK6HP2DewaN6HZ,52.59445688980957
2mb1XdzL8GCVJhiz6JxVtw,42.49227530764557
5xo8RrjJ9CVNrtRg2S3B1R,67.65061657036743
7C5eNI6TuNnptPbO1PWLxv,35.22822354041781
4HdoM3ZRFpCqT0eKOZpUPO,0.8558964007304205
5xbqrbNPBTAOGDA6GD3O46,51.04853457668075
4FN82sgnqneYuQnW9VFygo,17.805096286949993
3ys72Tl1Texh8GM1OKaKor,76.78831173716243
1I1hwpvgwp3cFMFCOvpaS1,34.67332282238899
6RJ1V6qO8J8Spxo5jsC4wO,42.796815722115255
6GvLs37NcHbKpB03cS874a,49.65037174273025
6N5DRCQUSXT1qQqmqsO92B,41.48574525500781
3jI0kZNDxbyexHWxqjArOH,34.85852662908294
3flxPmOcA1rm7rKsZLfnD9,49.99464105417853
4DTGLPQPkto00HaMxlGLZm,37.3758557933657
19asXa48FNoDzO8PaQm9MN,49.29016328414553
3JXOMZdeJ7uMR7UfC3BN5T,29.550562146258766
0051nJ5xbRu8kuqPTYa9l7,23.495054682188403
02eF5vF3ASltFpWHDVWkdQ,41.42572857551032
0p0ljM6RxgpGt7wthGqBZa,43.37629395507869
2NgM0Rr5uLzSR4WOVR9XW9,40.52435182948789
0NI2W5tqkfMWwY1nhl0iPe,54.79721152278064
56ys3vnzof78GFoD3lf09j,32.22189307276092
383HIMyYYwqQL8DXRBAQzi,34.18929340672961
2F4JaV4P4zajoAiUkHD36b,52.91814023073142
0zhGp6rH3Em8VTS44hTOmT,58.540454919360485
1cN45YtJost0rjvbseomXj,49.03955517190896
3clIHVzJ9J2rvvrFUKLICo,39.72008918596117
5iC6ZUWu0FOug6uyNLZRS8,23.877795130233924
1Q1jsLcyE5vZrFspwsQce2,56.27827338938192
2ej6iCFQWQDD7c1DE4lmGq,17.514205452756155
5YSfZJE0EYrGVsWeYqv9xo,64.33611565263989
0X5p2uVpPIbHIMzyH7ky3V,42.95624296021036
5lNf1QuG7smWG4GNzMIHlE,23.678693628654727
3nwd2gUT7l10HDUAOKXrhs,4.14886865798809
60HibhiSF8eBC2w4DWgorI,37.90196853184241
4C2xWkpiO3sUaedG1VsdFq,31.381226993960674
265Anh9hGoozFigjUVLUeD,31.3653463473577
2BdSaGVMxZzEeJYjjrlo6n,23.968458195785544
76LN6cEeRkx4UmrqyrEybS,3.705506254235581
0e8nrvls4Qqv5Rfa2UhqmO,64.96312992206121
6M33ukGn1XGp1Lv5FhbcZy,29.623109570438274
7nhWtCc3v6Vem80gYPlppQ,49.48642432074485
5mOPeaSXywGZX3mDflbDsq,12.70155505312338
4rIAqwhHGfWChQvQGYwEfR,50.21603837647914
7HdHOGbA7uyepn1jbPKqOx,46.42074459701789
7lCGnFM1DoRZ2QE3rN1Cbz,39.39375455344597
20hpe9YNgbtggM66QipgWf,64.67616753152365
6w3wsSKoTXb6mUQXrnPAGE,30.72523664639322
5VPdmXGp3BR6Xst5gmbQrO,52.09289387504002
7Le8BxBqidxMRbK6QS6DRt,41.46535196975021
3cfOd4CMv2snFaKAnMdnvK,32.616506151805375
7hpJ9tATWb2vztlq99hERP,85.51056767387355
0YeZCdHQDDV8DEA9oXwi6K,40.106566859787876
2yWyFT6bW1Rd9cjVvYi4v8,33.53429158453319
2AEdT2ZKd14kzOouzdNOUj,61.765672637091804
6rVDypmrk2ub86XUF402uU,34.5553618943874
4MthqsBXn15DUWzjR1mi4l,45.0089878009011
3vTPsdhXkLKpOHhh3BReyL,31.971258604697862
2RsRY5npULtSFKQOe4MQxu,43.122051903045126
1ZpyIjwjGyW6Pt5NrQ0f1w,45.0411522847786
3XmIlmYem8DGp7aorcpBay,0.8033306406184828
35Aj3CGTmWkjGr4bjYmkk5,19.250200943781095
0KsWvegLnQmb6SXbQ32FAi,36.166803845383974
0eqJ0Ok26iVYMV5K7m521l,39.731637013331245
6F609ICg9Spjrw1epsAnpa,38.90697724482246
1nW7N99dQBxlSXdRfYIoHZ,48.42333853858599
2ZVN8uzgXLzwuCvOzMdn5W,1.2559537966357637
2yd4XPHioujoHNqKBpbLPT,25.966070707571255
5SE57ljOIUJ1ybL9U6CuBH,73.92010310163202
4UmehW6tTXGC7HsuIGujMR,39.2824571773785
0V9Uu0rto9mMxlZnjICnvZ,48.07791127626637
1b9yFGTYblk3jNF2g7fyBh,41.08876583797526
36sI03C20IFHKB1f63ezOD,45.36285807840246
7nnWIPM5hwE3DaUBkvOIpy,60.76778559268352
3UHv8SSIkNUDRBUHJx3Cg6,59.332039825972906
7A65TXKboDpRqITj44k1z7,41.24779516640569
5nIEi5tlzrUqIRN5fa060H,34.18201916654712
6b1RNvAcJjQH73eZO4BLAB,57.80591775173786
16PmczUxlX7dpr6ror6pXd,57.4520149292269
6RHUoTo2FfSkbygLRLpisM,42.450842405242014
6KjkgYu4mjsMVYy4aCzyw6,66.4133352984497
6y8SWSks7t2ANvmwunke0m,44.00549351704786
2ctvdKmETyOzPb2GiJJT53,54.38727236454946
7LeQ55Z5jPBB0ggYJtAiYO,43.86610112157297
3lO1h0KPfhlXl2fSjaTcnh,41.231707592247474
6wWKcjSREt5JgLdnVeVvSP,54.47873869721295
7BW60EnubNl94HnwcuB0E0,20.424166710678158
24BSTATmWEmrPOgEM17bfN,66.73584070172944
0NVTpy5COXhzMqgp1Z6P1i,41.74984974323588
5UbJK7IHuc6BSZCwagzp3L,16.99815520044732
0sT86uFdDw1mfkOGYT01bQ,52.95180197838751
2X9fsxb6O6bYEopJYmUbNC,34.938927672725946
0aD8W0ChzDgEKpB1zsJ8zv,43.27499036461966
4r4APlZYwRDLt0m91auppo,40.50289938330005
5aF9fM2bw3aJ55B04lLfW9,0.0
4AAcxOYMztCUH7dtNv4JFo,43.91225452458104
2mKvEIvd912eg3FZ8WamMS,61.782002584284776
4vOVlcGbOLDYlYIpZkU6VU,39.99052146304047
6vmVxm1RRAKfc7MPVUWy3z,32.26454998342983
0oVWKw4ZgoM51WXieVOE6Z,38.87176021136421
6F5c58TMEs1byxUstkzVeM,63.49318362462895
5WNKAbOTfyJA1OVYLa2WI7,39.979913891812195
5eAq5YKf0JNudp3nAs57gl,43.91453411216137
2fLL9lFVduAN0QHgbQ5oSV,46.806908479505566
0H0NjRO6P3UAiMU5kJtKoW,13.854656869977543
6vfZSkjmzjo6q5BhkWSRxY,53.35279365305618
3uozbmBqY6tB7dQJFtb5l5,64.17357542513813
5dYaElq0nua2omNCimEapq,40.890215512720275
1QBNBGeIRRGBnLhdlHbfI8,0.0
79ap7oTftmfgDUBUsUcYqt,44.257939367319544
0rRiqKn96pTPGn2HgO2zaG,41.357384826835876
0FLRn1KKH2CZNmPN9VOU7e,46.09653373545848
2NLGBSeIsNv1BRXiQVeDrc,45.989020586281946
5fXQmRFO1CDN04HtUVNCUh,36.71991948411343
0gZXockVcE7rEhSf4mcGLO,69.11566936923145
3qAqWMAacEDWKuI9pMfhRm,24.338633413769514
0KQRhak4Irr2CKxgQ9U6ay,1.3351373122275465
3Ex5RFJRUdpHcDOLXJOVLy,61.16640402643583
4vnlMcxPWvjMV2A5Gl8AY3,40.97915192708122
0W5JUrUOQmQbTmUOQwk7vx,55.72786062852319
6WC5YDTKztcTU3tWux0Jk1,58.66966024804997
3GApO5GOxyRdMkrGLUhXeO,32.37892672874727
5HaGVvE3t9r7aWig5KSmwA,27.514813561189367
53EbeKQwSawmvwdRsQyjRh,42.778421807809785
4Ce3D3E4RBqaur4dZiYioD,55.25962652492353
6flhEivmmwE0fMB1vEmwnn,45.254705861677046
0fIFjeeLJjIBliWUCsxyMF,34.73411363498813
5fbBrwIVgZW37UF6obyhkL,37.09730267217282
78wi1g772j8eJPEnD8rr9z,41.04636576771237
7AuM5Mu5LXtD2LR23njjBW,20.524983874312987
7dEKwMoUZCpvUFLLuJQjju,19.41463558225594
5StUs128KSibE16fxntBSL,61.30368525171103
0yc6Gst2xkRu0eMLeRMGCX,64.52546830310915
1tNJrcVe6gwLEiZCtprs1u,69.96746503140007
2Npjui495Y4HPVyTi4wO7j,26.33241939106813
0gv9o9mPK1JQeZd3eMFdTa,25.87359155446701
3iARls5EH6Q4fks2tWJStQ,43.66049069762751
16cRbq0B9cpBivRgXHk4wd,36.045380964007336
17trFB93d2q6bIMVRfOPAJ,30.74303021870324
5ZvAZJEH4R4YEbZegv1VDK,38.58604448277403
3TTMUI5dFcbeNSDTTDY9M8,65.49793659193338
5AYpoODLJZtDlP64IbpHCj,2.310746858530766
4vhVDkSx9RSb2k6mWFMYNI,42.20018015428241
5RGXoZt1qxmAErdhbyKJKq,57.36899748076092
3Fr1WmziIKmhU9s5fNKZrQ,59.31747637674948
2t5MXbc4x6anzAzq0XmtBN,31.566867952355402
3HOa2rytwSAWgqvW0W6LgK,18.79978738440655
0JX13l9ixwzb9BBTG5vaNV,43.31329853360427
1DOeqZUzpw3ChK8giHtCLr,39.16175987187213
23Vf9hNoBN8AacpUUHbiRy,65.39773039158281
2adTfABiJJQpZWlujYO3Qo,61.33512337141801
5vdWj5rEzg9lg5qbE98PmX,60.83374300613681
2Ocao0XJlBrKgIQm9ckhsH,54.97920184972384
1F9dkdIZdlSFekJrvjQMe7,16.86144716747646
0snqXhYtZExuEtkdehmzhe,4.0471714206551415
2erfXuZOAQ8T6FjJPDFpBC,41.496461637891905
0KQ1LhU7vGiXqn7eAw1nfl,43.035266064108036
0rX7mbNXYmAolFCY2TYVPH,32.481799815185376
1sYSP7gKa5kdKIfhANfori,60.61389141914799
6KEEQ2YKESpvvurl6l2eIg,32.231414470304166
1fVzpydMREur3ZJYTiDSgq,41.94622521586273
0EFEkt29P7Icr7dO4vN6yk,60.7895105254127
4xG1egDLS0WxscEhf7eSL1,58.98403770053355
6Wgy62vZBMu9dkcSl7Ib78,15.414859023453234
3xNpMrm8by097v1EzioexV,42.632726718844665
047fCsbO4NdmwCBn8pcUXl,49.383495502521214
6gXHfD2fiEWFmCpeu2R6CO,33.353435249739164
1pJGUidC2jhNw3FDEUTQDk,0.8558964007304205
3lRgzwd3g1TewI4zjgbh9V,12.131263066601006
4xnB2yGAeXOuR3kJ9KTD3b,31.63474378560473
1AEBHsada30zIIiWnAvHb3,37.918142803816735
4Z9npQ93MrnIkRcTBKwSa3,53.23645337224868
0S6bnMvhuqWG3ZDJuc5rGF,16.655441503631167
1M8LMTTEajUuw7AN0g4f4i,29.123094658699962
07zQA8UkyxpmnRhPjHOVOB,41.419869858056686
0xtIp0lgccN85GfGOekS5L,41.443511196798596
62mo6hlcn33B701x3TVdrH,3.9637861281293643
56FNy1crkdeoOhhxH3yWJk,25.320067974657757
6oX9RuILbVIglevEhbg8iM,80.1338403385186
3LN41NUdHkyNqQhi9gExMm,36.395364095326514
496MA7l7OJ0oQtfSKHqvXH,36.449379395492926
6GqRl2u7LIW93T8Vi5LnXU,46.559963505723644
5e3YOg6fIkP0wD5TyxcHOH,28.05903436119289
57TUYBa41jfW56U2U9652l,31.99920041626132
6MDjeiUWPPgEwLtiBrr9he,47.8529665420207
5lN1EH25gdiqT1SFALMAq1,49.06025192231971
3dD9yyYTQ73SZvyOygyKva,43.093177307000325
7d6qX28ITEgBUhCJ86SeYq,62.611621089263274
6wJ1NA0Ay3YTeljg9nQnDB,38.65381509996163
6Cl90cl4efMaG05Xm4LjDN,39.60385319743285
6UzYTq2NG3LdYDFQi2Kxxm,32.0463997364462
4xoHBWqRYCxRFvAoDV4YDt,57.47451175597597
5UGUV0sOHUlckbPNW6AXUd,30.252007838782546
2Vag8ExVU4vAFj1FVvw0yC,38.69329524298973
0LIBpB6hgEmPyWaMoaMfBQ,66.03005385944044
0WQbCSbujb6bSPVENrWYrl,1.9461396767237558
0VJv4lPQV88hkeSRklQ98R,15.640868252971446
6mcn8yWhqQ1nkfVAHVXFrz,48.23455410933512
7L7KnCltNM8yXWs3ozuUY1,54.077706968373704
1uDCw6LVMOmbZ6zRliNcNX,0.0
4EYK0suibSo3Fl7RawPChQ,40.34042895592087
5rSVQzJQ5nMUcFJDkJMfzL,84.52811027336931
2JF6XTiPGGbYOXsLbAnTWx,36.22106544325436
4G3wQNaWDtqWnHQnFwH84N,29.981768735145792
4iddJAOsc6U0hJ3krSJAKn,68.88102926023717
2xO8kCpctRw9ofqeL71NaT,29.961294566611397
2mPMFJvQ0v27gVqe5b6nDn,39.69529129475133
5BLXWjtErKV3De7MOtomI6,41.68040563148102
4JMRpe5sUhYjOlf0JE4BT8,41.638260228067516
7ujhMvJuLNkmm0hnhlNyv9,6.72149643418007
4Yt4jOTZExnjcrMrN0rGi0,70.74489578931313
6uWCsjSVEbZpf7KT9RFgos,37.64670322193028
08smDzfxppUCFABj6FU2Xh,33.657235263628486
6PjE8V6NzXRAJq1PvxQOVQ,20.623392055073467
1tS3YIyOAczsBzjub9PrZj,31.712602503894217
2AY1UAimvTqjJC8vDJsOyy,37.11296893266008
2PJXxCcjgX1EWVgSR9uJDM,2.310746858530766
0QVCqacAloq7NsnPWhW3Pk,23.503732213947302
5GWrhVfgP4szBtCOXbSki8,65.87260521951478
5pov3V37DnTkVV93lWgHqo,0.0
44M6Wd0vAzN9khoCQSR6ji,30.125601333205225
29VrHhpC5AS9b7XJYDPhqb,31.215997180014803
1Pqv7l6vxjBxd5fx4bWchC,37.973022960098234
4AimtqU9MO2HnMro20AK2j,36.494693076110245
4sNiMTu47WkUgW87qeUlWF,36.45024165138564
3idqWaBn3mRdsIodCU6uBi,54.34767843024264
2LbkpJUH052AvFcNIgjHTO,36.16056719234367
2goLsvvODILDzeeiT4dAoR,44.894231311021755
11BAVEGi1ivJ6JWLqKUNrZ,11.561598483876605
7gF611irT26CBRN7JOTRAU,32.37492118968593
582QmuQapDg7uo1jcAKsgN,29.123094658699962
2i76C2MZFJqg0Aq7Ldyea8,46.37207196613958
3Z5bdTJfjTvEJIzA27Jtk6,0.41787896469890684
40xcrghLmBuKzRFSZ6klGZ,48.16264031281599
4WehxcnPTxouLdfQhqANb3,31.287023315980914
6TeB7j56k4AbELOl3G4zfj,40.60775712437587
7DKNcWFgJiy4CZ377CZc1f,48.07353479421892
4LRPiXqCikLlN15c3yImP7,84.0222125753206
3PVpKa7dXMPpm7sh0ETH7Z,36.948196205424
4L3hja5ROnBDN5So4bUEo3,28.554694920850537
2e8r5YIPMCxXVJPPfwaSK8,59.22381017866203
4hnjS0dbHpJwBlCkEAKVyX,44.32300401245912
06NfzaCnz9aE1mDR07eQjd,40.551027963415756
4AtIYKn78JEjApGA0Dv68a,21.468827591415252
511zIRlXGOQs2oykDi4KwT,2.9304511553848336
356ry72djzWnoIjOCrLS7h,2.7959444898085337
3bC0IKk62yB6TDaratb1s2,40.766894518695956
6KuXb26rHuRy3ZDse1VRmx,64.10109639063414
4Vk9JVC3eBEY35i7JgkSTG,41.17661863538723
1DAxXOny3bze31Slf2DjHe,5.37954192559926
2aV8nAkyt5nsWdQTruzgmJ,33.71168993333923
0TiXAAVOLdhZnto4Kwsgtm,44.08260036645251
7Akh21WwTaO2rlyH9xxCFg,25.56771083023158
3JRi5bymnIQ2fhIetoOm3r,40.68421119209689
0gchQwxmBWj5no8NJ8b2yH,64.51806141166456
2Uik6DjW1n5CWbRNdZilV5,59.68068083613404
4yQpMgnJSWXdjrZr8B8XZz,21.552019022678156
3l9CW99AHtExIRV4hW2N5m,36.71062415121998
0yelbFU0gJpmEOxJVahtD7,31.01890958862607
0JtcFIgrkSagrM5JdFakeO,46.57473353029495
7vb1HJXTK7hR3ug25xtiuY,52.360016643406084
4NffXDmI70vw19P5Efoe0T,44.71950582690434
1yexhSDARSLVvRCBU3wDAm,57.09134532064148
2CAXzfk8tLXCi3rWjAJUNp,49.684638426636496
22mkOWtVEgGrRB7YCXRiF6,40.027580520919685
2x0supcZhd6NEH1nem9DnR,39.018173047337356
3NgApo4U2gMHh0TKXntZRq,8.370719234839441
6EDH26ppl7R8oV4tGilCkS,74.2132211366538
70OBOxYnVHt07Vgv1KgjKu,2.950595320022501
5CjwXdq5Z73Va0XCPFG5Aq,46.03028603948176
5hKPv68Xf6xXRZeHiVpW3V,45.823002207265446
7apizLyhMRutg3ccXvr2qv,64.23639510605263
3E7heceGl4ojbkWXyBiLSL,41.99799586161906
4eSWa9HMmxXNo7ubJEspeD,25.429530743675244
0obIo2GEab6qqms6t3JaMY,42.53391432004739
5rDrZXgrZ6iKxE6jDO2mFD,11.458385540166134
0U8fm89VKJwDYa0mzh6foW,61.29107586984646
5sMIFZaagXcwKiSfl95zIW,39.82297378692432
2YL6ORlq8Ob2G5qhsvPL1M,51.5101136332006
5eTNdkstwKaNahHf41fJ9u,50.80347724945096
7fO8Ok3rByqDqGc0MmBsj9,63.80390458933306
0dh1X0wdxSZoaFdDddVhPF,15.514428125951778
4V3N5LvUOh3yDPP16cwAhE,49.49163747328298
3rKYiySCDMUKTw5kGVVhaa,56.33458059225328
1GdSeZej0EL6gMqrLIUjo7,49.61627814360319
5PGtbjfmWEfKkj2XrYNSSo,47.96745018989457
5C5TS7hQesbPAcWjX8av8z,36.35967867617679
5Z7L8FJk0aRrpxYyvoCFik,36.61824947076506
5YgaxBGE09BdrdpEwkvpx2,32.35142314439333
2ZCTP54O2dMSbVrdsg60to,0.0
3TB0OtQMzrPoNcmXfUMVzC,40.83272446213712
0plCazD5B9XGKqJgxhgRJm,46.50651988525816
3N1McBmL4FxqiHSfKAB413,32.29022152131399
4sAgnJgFJjhG8wNfqc1tlj,45.12206716139639
3nS2Qnx8s1zuYSi7tcsDzi,1.6233014154688525
3WRr1TGp0glkYj7hL4unH5,48.1312166791601
5PhShslWTooBj2SuyeHnBm,7.367462338291139
24Hzd4FPhz0HPx9jhM9cap,50.93106594216042
2xLMifQCjDGFmkHkpNLD9h,75.84664482527505
63pQm5g0IXLckrv9X3KEyX,75.40321395291161
4mGHzFvAiRCSOPIpjLvf80,49.820513447848846
3iuDZuKpdLI8aQlqDslRDm,53.84164925997152
2CeKVsFFXG4QzA415QygGb,21.28027554262907
5VLuVbmpfP6s2oWVvbUdYp,10.772638527189635
38RI4pQFGNyWFVnhogStzH,43.02704185820132
6zfczP87XO2SxWlQtnjFNa,38.95072443327637
3PiMbgO3Ac7JaCOvAzqTgS,40.27156697143283
6M6Tk58pQvABy6ru66dY3d,52.346459979053456
0KMGxYKeUzK9wc5DZCt3HT,45.978441617535346
2Y6I8OVTgvz1Yuch4oQJcO,39.26471177468826
1UAmQe8EwpxQ80OfYVD13z,33.172423506475376
5gJGOikGhvbDtpCME5g8sJ,19.09688601448101
65ES1qwOB577ZnTkizMXJJ,46.43951004767949
3PUIguYpwKFXmfGD6uU7Jl,41.82368874932689
5HOR3skey0qLfiTejqQ7KD,20.397918872849523
4VIGLmOTFOJ9TGoqvUbr8l,34.37781517169082
2hDMBVN3P47GEhH5VtmA6m,63.16779145367543
3B3eOgLJSqPEA0RfboIQVM,65.38616118978648
1MJ5f5EYBC92ADD6xcz7nb,70.27872096273201
7JJuFG4gELSwccbMXsvTVS,16.388711063368284
60knpe02nSLudHQYX2FZBI,62.13304490048191
0jztNko72GBF0ZUkatu08w,58.22947506933662
53ROeduQXgL4UgemVlOSKY,17.31294113254482
2W3z2ZY7j35tyUh1FNJ3jM,55.81267392763714
1PB7gRWcvefzu7t3LJLUlf,57.50000931137419
3UaQy1ix1NtWK6rh63PVkn,0.621865351199998
3dFN5YFFF9QLj8zX78MN6J,37.52537716232866
5ZLzl6T8JwqMTMdoE0nCbU,37.97213887219117
4PML5RtrVcYAwTTS46otXB,42.35201774249721
5ZEDdR3gnXAudntQOn0yOC,15.07150804988751
2q8X0AA5YHDu0GelavXvUU,45.26197311713612
7AEvaz0EOmlqN27o6zpt3k,38.11822627791304
0LP3SUCVq4PYB4dEBZNqWN,30.24586208633985
1soxeK1ZBX9SsSjK4j4ECa,28.883668023995998
6AkFxZzBfyzV5RF7mGkASM,58.0318257415485
4f1Bxzgor1HNbdm2kGl8mL,48.24234732421127
5m53JNox7zkJDMfoeLEa8D,44.791316982138476
55hCcJ8MTcCwtTVKPJdo7r,40.50589439926015
1CeizRCGEYPWooEeVfmyFL,33.678293943134875
0hnlRgTh80b1emNnM0jmwt,54.18490010926813
5EOoMWIB9iK4ZpcSex9Ec7,49.03441546142348
0P4wupoasH0Pj0cuvwaIwN,42.54938933708601
48p5E25cFPanxuwCTmTpuL,35.29557004260572
59nOXPmaKlBfGMDeOVGrIK,41.771970079285424
018zT8xThRbMH2QeUoMlKQ,60.289498266320145
1riX7P7D7CL0ui06UqBquh,21.00110601027305
7pe2OKY04MW1Cunyqrai83,26.631462032960297
1AkfLrSAGqHfPkehct08Tw,25.0949849222601
6kwAbEjseqBob48jCus7Sz,63.3689023250086
0GSguwVydcDTrHPoQsS8FU,33.69162993450257
3InNdtWYQV1Wx81qST5rU1,40.233617287620184
3W2reBya7FkjHCP1B2nmQr,60.896570477731444
5o84LEb5HomrkUXZPrQJJH,26.376247720787255
6TFKclwGeJRTeZdY97XqPG,66.92534579682227
72V3zdMD3x7CxNhtN7xYX5,43.54555316890435
5nP6bZZpeT9hbtvePmy9ko,60.782579490329404
57GgptBE1aWcVn83dWVjU1,31.95098186674017
1CDX9A7Gw2PJOVNij6z0Rx,52.193637072503215
0Y32zGpqjKqDVZNelcqILu,20.036360783864133
0gof4zJewt0Krlibe7egiR,35.51946070307075
4D9QMZ3n8OupOPdxU0MMBS,21.44054099655412
5tfuXF09XVnvro9l5l9Mle,12.022032600120987
0XOFJ634crTl8z9N5Gxh2S,42.948349919807995
3pr5K78tjjl9lpgm6CDzwD,4.41468867443807
0pw2SQhAtP0zblvVFQfr3n,70.23036525987891
1JW1HkmhfAqtohhvOioLMB,27.648801790330896
1JUlWXa4Qn77rZL1otnhdR,54.89690542479503
158ETs8mtorXxJyGcjV3oH,76.08770462587916
7LkktUSWNxyR7YGVqQKjXt,58.56825148984196
7wKwX3QFmx3icbH7iKVPe4,35.52301454631126
1DZ9n7K1LZW8bWBZqGJUfN,39.44923248608639
3cWMNY5QEgeFl7WOfn4gf3,42.71920869842682
4WoKuMjwJXuy9IqX6AH5JE,51.786716361808836
67d8DiMwQJLwPRdKhVjmS4,37.80519046279427
51rPRW8NjxZoWPPjnRGzHw,39.29312469879794
7zKj7SWOeFKPqDqjL7kk2B,60.17091893415564
6C7aTTCUWRK7dD379yUT3W,51.10768784292803
1xMLthTaWJieT9YGV1hyS5,32.56693375942931
2XzziOT8OUGrDnnveRpxwI,8.367238816853236
4NCNS1hUY29Iy2o7qKpGBG,37.56761867627372
2AmEv442DGwSxMGZ9XEvBA,41.89319955307092
0lz4rVOk2ovGAS5aWjaPTA,45.76456957621095
2AilvPt1AQ8PixlCKqkjfj,74.21560292693502
7vFoFDWqTX0mHzLfrF1Cfy,33.78027116661238
7bWTJ9aXMNGoQ3rCQEjEWu,41.11657906952185
3zpDCxcj8FscWu8FtnLUex,37.21026639292415
4pbG9SUmWIvsROVLF0zF9s,50.25867493356688
3yDQCV4v257L3R8iaS9GGb,28.71359480114552
4qqT68UURRP6lPHiI9TApM,62.09453658976506
7tfdE7sUbVkPhfAK3rwyc2,36.772166077244634
5AFXAnmid4MBfUGJHISTqT,41.67016959416503
4cAyotQrmkob1ciSlPS2OS,28.24136179721285
07ceEXOyS7ghQkyCOycXwP,58.86378596033154
3ZMFrvkNgwwMfPdX3aThYs,51.78985781856031
7xsnFEgiTGz6Zk4oSZ7Olx,10.407793807351652
38y2r6F9E3VutUPgBlcnpc,34.349352482966175
6ceQfFvEr9UjRUCZFTimEJ,23.503468372601326
4vlL7HTI5eVGBYOb1w7Goi,68.20715826016456
7JxTp4HrI99hr6L3VMCZbj,39.93243269399445
4Pwjz3DfvfQWV0rO2V8jyh,52.65589914721714
3A0cAzFKPefBCz7Z02UnnO,43.89328331154914
2wHTMZwkLbpM6LNkUBs2Xt,63.1750238970589
11Ko2RWkUomW4PY1liDDrd,30.48833364084196
2kMrCPZ0o5gErBPLCRgoli,10.490565058065249
0mW4qfi2vus7qErr9jAeFJ,39.337334558004756
7LoGfKBAaOl0nxhodJ1240,42.91351010292576
22P91O1SzSzDoDDb6ccy8H,0.621865351199998
1cTZMwcBJT0Ka3UJPXOeeN,44.947048491386546
2miDOaZ3uuYy0mmNK91MoB,64.58762686910353
4YNpbmyD7RQUhyBbu8V3HD,45.10931829708765
7ujmpF0vCLlFJJBPmiFXQR,0.8558964007304205
7mbly2D0GmkwqDGN8nTrRz,39.13882160486572
6pEw5btuIQZGO4Rsj963Wm,36.21456846042835
6hu4zxEVl8vhbZwDlqNqK6,70.06460747878663
1g5Jqwo02PuitYfv19B6Jn,43.02264456518671
5oUg1GpldQiHaMlfAV05tL,61.03009068882197
454h9zAIuTe1eJyw9iTnj4,40.42675958560609
4pIKFpwflOdhYNIRmPTj3E,22.567281455271893
5dpKnqLjEbInIS8aEvInpQ,16.815796998287617
4Y3WqmBWmG23thvU9xEhMv,12.463750819978161
27lm3yIbCVK72Sxzg2bC2q,33.4134533578301
4hQ6UGyWQIGJmHSo0J88JW,53.39979521173913
3eSyMBd7ERw68NVB3jlRmW,66.71247811319127
5BMRyNbvHDAlsMtt7TwBdY,12.17777634311064
0BzXo4hVmCi4Hy49X1BtRs,38.03200954764456
616iXZO76Rq81MEfFBktME,67.82818060954384
00X2yv2vrtritPt2CZnUTZ,40.844948146341444
2CGhzWArXQZG86V1Ztv4Q2,67.91424412441421
5PONCrsJnRyMsHBsnUS6I9,29.721617187598376
1sM0yZDxUhPQhkDh2CLd6l,56.96850937110683
027VSEVC8RRjUXLEJAzhH6,38.896760946631005
6BwN05qKw4Q8bNoq3rYuz7,58.10556994452655
7GNzwHSSPfnIrlv5KuC5Pi,68.00267098768173
2VbesmhJ6U5t8KaZEjzVCJ,21.647033068671806
1XItaBEbLOBFsligmO1y7g,22.546905010432877
6Vjk8MNXpQpi0F4BefdTyq,68.53146551545595
7yasMcAFN42BxmGycTY8sw,39.62071368695815
5Ixl6yA2BqmegVaVPdgkfy,34.623925841699524
3UYiU57SMiAS5LqolhHJw1,76.61651173309595
6FE2iI43OZnszFLuLtvvmg,46.911554507930376
49ziHtycEUnbFQtE8e8slt,49.57946615204931
3GZD6HmiNUhxXYf8Gch723,62.73258610817349
6zuJ3bs99RchNQ7JUOSY1k,34.57453406994456
7pFULalDv2RbnQ61XkfmKi,26.697582592781902
6yXwzAdml0MyRURctW038w,57.52378363384714
6unYNtRRSI65tn3GJUFYlZ,42.31637248691506
6xzQ1uSk2Rzz6Xdf8xBnWn,44.682344093743886
4JjQPwb0MnDsO5wIvxlvNi,21.566670291577015
31u6rUeIEXGrYVoh10U7eu,59.13453690036537
5D507IC1VOAg7bKkmOblr6,42.57209465584466
4FIUGSvwYUNiacopdF94Cf,18.64675826659606
57fhqwIkHMUIzcvqODgf4l,29.69234279420124
0c7K73roy6RW4ebDkf4yGh,65.29509561690276
6osMzmRHCVETbZMHceLRmh,34.31403729764454
5KXhpAEkmtJ1BsuugIzrAv,38.75279038768186
6RIbiMwg1QbFTq4dcJGQqq,53.55480830419201
2yOm4lN7aTygtXanJFNFWU,35.91109959697427
0PzZvi3PwXMuNlhaokdxfg,19.23294521904556
1UTXQrmAL4oladIwc1PWSh,61.662717657176465
29fm3WWIiHmHIaMX2tK2aH,58.58466743027376
4HTwtT08PGNr6GrikqP9w9,20.576048342324682
5UKKau8AB449VK4xnWLg0B,46.190874921660104
2wByBKgqvrsTEtyB3LT25m,23.921110325762896
51R5mPcJjOnfv9lKY1u5sW,39.02630193975671
2rZ96iBHXE82GIeXOwblNe,39.87948827872322
2Vim06YsRb4uJRpbeq6NR6,49.52644321063298
164OriBVFeVRcwOKdglRRb,3.3246396362437407
37OBhWRMPAvFdxGaNrDg16,45.77280412985421
1mMCe8c6iNVLu6fzJl2tIi,43.471363457427735
1dJNuQQ5Zp06oBlnwpiNzT,40.605511700068085
2tjWCe2W7sgvS3C8NHcdtI,35.97323429117224
6wZ8kvKP9d1MKlNFTMZrBK,71.58304420346238
7vidktgNZFQylTgH1GEnMs,51.96118649827186
6E78mLTxvTcIYSZf583kgx,26.77248437053209
1O0iUsIwFDt7GyqjOkAHa8,39.95768176618589
2jNlqJV2GnmKosuuvJS8RY,29.71871265398726
0rE7P5d3R1q1rdmi4busL1,39.184448476896186
3pkbfqWxPWu0jLUbVayQaG,34.053684602249184
4ho76qriHdzQFaoKhrPvwr,62.158233343308495
1JIgaRnqtzS7DuGM3hVZU9,47.816643883225794
6WE7jSshLCuVKoCmobVKVf,57.80997393757139
577MNC3o3L0lNIzx9abqOk,51.01264189015781
1gXAOrVN8fJ2CaASrNhofk,41.403149269269974
2BydLQAh7CUIFvSEqAMc4x,46.27299721171876
3seflYvRN3gmh50Iih5yMd,20.95493108049161
1YekSxsAlGlYvm9zjLsKdh,43.5756636507288
1PZf3xkR1X0IMj7o924Gpx,41.61239626527147
1DzQvaFztN7CnbqcXOO5k0,29.15376775335486
2KArbNRAnfGcnZ1gSYhVy5,32.367987465552474
3SsSCdNTc2gnZ7aqrCVdnI,38.96650347227874
698BVnDEuu5eDWjWfVH0qV,1.1282077101397996
6eQ5PZ0nOj4vKAX63dIQSJ,34.01311100369583
2g8KDyKv8lA0bhmK8je3Zc,16.93072018462079
6G41AeVgQkpvEbTxN5fNkW,48.09792548074387
6jzcEtCzGYnslrheybOMoc,46.22634742038013
7m4CgL81VVIHaaiSxyH922,62.46037683795038
2diNjYDYu3BhouRuKoStiB,38.673546177675085
7wQQLVAxrmY4fox5GKasHX,66.35654999807714
221XjUujzRVflke8Ed7wdn,46.917701880348524
4uGIJG1jYFonGc4LGp5uQL,56.698535285309966
54JpZ7kVvW7VsMFj8FqY95,14.507228849554789
5nlKcuzD8Pd79njhGXt1vT,64.2033432217318
4uQcfhLIZNpiWJKS9nPz3z,59.48192583647985
6xB180dd0R1L54apgTLLGD,31.049031111987738
3SGBjlzkYK52pRFisKT3pJ,29.9075968273005
5JccvAiwcZ7n3urnXqWPsG,15.872646093509479
0853SQNjVnNVFa2j68txPo,34.092770687677685
68SFWL1zqe85V929FKugUi,21.82718355405204
6tgknDU0VMbXILuWixFKKn,69.97155307816035
1Pj511so3LG0PKCkZrkd5Z,39.07703879499827
0ShbiDJGWaMyTimkimVohJ,41.757219735274305
5oHJE4qCu170sH2ABgr52M,22.473877571602216
2YXEabNsLoihw7kBtiQpSa,43.76639536837063
4Y7XAxTANhu3lmnLAzhWJW,69.88362726638717
4yZB0cywBNhhpNe9fnqgjz,65.14735877506054
60ubljabcQKHeMpjiypBcH,49.964372451206714
2vIzH4NfFGoJHA5rn1dFWT,68.71270817771831
6eusWfAal7mOOLr0XFLkiY,67.35811963355808
49ou9vBZLTCi4TYoYzR3F9,34.55102884430764
4H4aA1Cg69dB46GWkK74mx,46.59857914546612
3CPWVEyZoMmxPdfwrlIbv0,37.487978344866654
6BK1Z6VNYJjJ1wfwU8wdCr,46.4224291105842
3JCvjoJdEpnvnY5QxLuUDE,41.982846898482634
6tCd8bPvYnceDG7W9M1RMk,76.5627575213993
2kLf4myxQME1Nd0voeKZri,66.3888606088368
1DTT5r0ImuzOXi1iNZ5o9C,49.127617024761236
3C09tEhYKCysPOVqmJxOTN,31.453351060453755
5yEwEUGYpCWsSOC0rm8gFJ,0.0
6TNotbswY14X5euD4KojgL,7.913219752160354
54U8KseFLbjpPYfq2DEB7B,41.23501789184136
5LUb4KVbWIJXIaLmQ07K1V,40.442026547397276
37KiqJuaMXQWWra2KKcrfX,29.11156329560119
4vELW2hK9eb9R7Q0BNJ3Vh,52.92221940441477
3LmiKN6q3OwFD3sV8rhkk2,31.50214442731189
0Nme92vYmYrVGAEslR2LB0,45.704039490385554
7FxzgizJRGTQ3fxUqfvljg,55.59213278827505
389QX9Q1eUOEZ19vtzzI9O,61.68608173147978
4BSrRUm2cSaLRjN7xGpCRt,49.32960086052849
4QdovcM8j50QPlyR7tH4xe,33.71403418159659
1BtFqF8pw7OEFCHjvKUcx7,46.28718649465985
0CxXdYtBAWzE58Inc2Zius,23.639510387726972
08s6gVAGNsmTOWDPfjpn6A,41.45918244988334
1K2RnVhm3eauKnA8PAcPu1,25.262845098375063
7ae2GdeXS5Tvo5RvdNwgaz,55.68092514343659
2VBluJiNj9bKohWX0dY1Lh,52.50217656432845
3xxmjMvJsSR3L7mUOxP9QA,33.93715874899228
7dRhHLtfdZaIrlQAJEUZuz,39.90344207689952
5ELEsgMwvWJald9BQbIgsV,43.559394990664806
61veBHF4sj0pKNpXeHF1ah,41.82956859962169
5RVE3ef6pf6bkLRFFv7cfs,24.293942516586
35wVRTJlUu2kDkqXFegOKt,42.32130646655636
5kFWp8In0sIpeXPfPuJlYE,39.48156616122723
2AFkO878iaoha59V5SDeXm,49.310946291873236
7sqnI7oQSdaA12yXYKmjZR,41.19749832103991
5zCunX8URvLoBHlg1Fnjv6,41.78534854813371
0PyWKgNmGiYTFe6MXN5U4K,46.43657781814743
6PCZz5q0rnEPKRbyag6ZFT,40.01824953712709
2gABnPYOMsyxThmsOQ4uWK,31.776948234448994
6ivEZ3UsWccxvqqqNXwmFB,27.804353435436614
1HimGOB6BjOaCQYMIF1xtU,66.07588997226455
3QZ7uX97s82HFYSmQUAN1D,38.239605354136046
6c0I7CfL9ziGZN8yYkLppP,61.73745670775911
0xzgKue9yMCG1K7fj30xIx,35.590243560159664
49clMzwHdKb5f0awEH99pg,67.98025290264371
5XeFesFbtLpXzIVDNQP22n,48.41519539341841
6ZizKmm2kQY7e77rXrlwWs,56.83049639813503
4Ta3PhWmY50ZLU1uhKFKPE,71.63765469842627
2HrXRO1Z8xOpirCjqfqoKr,54.119958140218415
6XR39r2QaqGKEt11aO2rEy,22.69448835302925
1RES1p3VXofj02iOJ65ZaA,34.750389159066835
6JTYg0H6jvDMtpnP11NpE0,47.609275202501756
3W3KtDwAIg3mAruSpnfG3Q,37.415951483303985
6kb6eE0tLvCoNbPUVsShro,83.33555609700815
5wwQmWZtmEoV8XSm05zQvA,51.667206006611075
2xnNgKhyMl9MxBmRNGnBJP,67.46831225468817
36Kg94RTJAgnTZbGwdVjJG,41.041015775826025
6kDtkwN4D9SFo3Rmv2AvKV,52.05057952142821
2CTxO5tp2dOzehMnYFsSMD,37.44779635032912
7lhISVP7d3AByvq3KBlvH4,48.529355138889194
0flKOLkgpWup1pH16EVaPO,0.13384265695400163
1fPDldWK8SRdIjGPXrDqZT,47.27219695512669
1sEkQDvj0SurW8OUbQ8W3H,43.85245841168476
6156ZPGcezId0Bmw7x7c7K,52.486988734593645
1EB3Z38oKDKVp4K2yEO2dl,41.24102091847175
6EJMN1wW6ciSAB57yRLErU,42.78872820997479
69le48ftkCK4dSXEaFs0Sa,1.0124600990431192
1fbZDbnXkNXN4wbzme7Kk0,45.999815933318466
6F99SN9dlqtPJYBp283Num,9.737801974950768
0gsDBm94QELEJAcGS59f1b,58.63609345884207
35cGkoZHj3mcUYa1kVjFOh,6.23844508843963
1rxFqPtriV25MxPFEv0hOa,37.15947669122527
3gyYXpRajPWHM1k7wl7i0H,31.404657043989175
37sijFfgFJRxDBrCqyD6It,45.98877836607274
4Uy3Q3h0VbWWyyiB1MmRoP,58.85499757803083
4yeNEikDoJHQQhARd7atfR,36.6225414106361
1IX9zu7Ciqf1k48IyPLruN,37.693617329849715
1qWsE6O5N0pXuagGrCA7rT,20.884272980088753
5BAJMdCQqax0oBQigQTl5h,68.26204255168427
4v9LyMx5ncUQeT3KPLqPma,11.394004561402692
3uhTOxvu2h2YEm0uPNF2vi,81.15541879881891
0kdIImE10HocARiLPkJmQ1,1.0124600990431192
6jreFSOTUAViWjKyzOC4Kg,51.31447526441342
6KeunoKe447ohIj7u32Y7D,1.321407597835626
1Bno2DWL2kmfiy1V5OlmCz,43.45349904329876
3KmNFfvM2EyGdNPwDDJCp7,47.5465770344353
3pC1ILr9KzmQLMe8Kn5QBG,42.85669526336439
5nXT0jRAR9ChVWmh2tLQln,37.77920712256091
1hB4340DP1nnBmfWn37uTN,42.27871032482142
5BXj1QDRU77J1ngVavG1tI,35.73575995572363
57onkj1hvlwkekdwo6LlCf,46.8106656916089
3y29QLWHxB1G7CfuFyZ8qe,50.85423893438513
3umS4y3uQDkqekNjVpiRUs,69.83786085750116
0pwYLVXVknPSGUQb39cePC,57.18328151510213
2TuQv76tDFGZbAA8vcrH9b,23.00709711860896
6HCyy1QPiFX6z9TT0ifJKA,31.89688570183137
2tpWsVSb9UEmDRxAl1zhX1,51.74288239533696
2pcv1gReKGKTqg7YCWIXjp,5.185136482269671
5Aw0QmDZJZID69ZcTvEzXI,77.51890053891458
0qkqKBRv8FJKx50yyI9B6b,26.387112608684188
6eshn81GQPqBfv7TEOyoTI,58.96868496292177
5Op9PcisNc0oGnS4dysmbu,34.32376813768101
3SVAN3BRByDmHOhKyIDxfC,58.097965463914775
3fZ31KU4L6HjkiFBVH7rz9,63.11285787746432
4anzVbFPUuZTw0KQeZ0qnu,61.36130460191426
3ezuOjWuTirncJITAb8ahf,31.623686465573687
4XibrJJHS3DJO13t3hF6SW,60.44273253050214
2R1Q4cxCUuOK7SJzxblk5k,36.81579290652776
71cUqXJ3h1r0Ees6YdENLU,1.9066288440636865
6q7bXTv3yBedHblKRoC5uu,46.03754831910527
72VK0BfYZFxoMkPWA5a5Iz,33.24970663015554
6eEYGGFfFbtKHCgJM4uh9v,48.46142740343965
0iWYUegJm3Ty16VEp69HLs,32.23372993934282
39k3wsNvgJ9dEyhPPraXzZ,18.656466743290526
61dCUoMCg28qEBzrW6htYM,66.33321696662928
2bMlSOpa1WVMQZT9zWYUZc,31.671419572417086
2H3wWrnO758y0fPH7Ilerg,65.06154810888306
0G598RMjEm3GoWVNBvbAId,0.6944590849539048
1YxJ0LwE6HQM8COctgjZVo,0.8406433356570235
00FR9VQ0uzF4NNxVKKiMz2,36.43164612001577
4USzbSnPuhnR0b2CUiHwyF,29.411862550827756
6T74sWvcHvSAO5prlk5dDw,47.805425072118254
49ylH81Y53wUOlTHqXK1J2,54.87462544801207
6SI4JD7iyQ0rrudhCNtMv0,35.42762500698953
44o1MQVbm8S827avRs4RHc,0.0
4KFJcb5jrr9KUr9T85t9Ss,24.406509617834697
0o9bHFc8Lt5tZFvTjNZTNf,59.804963603356676
7N0cq7ULjRQ4bcy3IscmAH,49.701627283653494
0tngt6JLxGR62PA5cLPTNH,38.282021716262236
1tQ5TSr1tyeQUbHKBee0jv,33.75261198654098
64UvHDm99aHsf3eSJdNpuB,75.72536792918933
7DYsBLdOqz0z14tYWMt2Tn,42.89048029291343
2v9QddUdHVKOu7lNpCaXa6,26.96503689354398
76cy1WJvNGJTj78UqeA5zr,65.38467905733991
29UavGPcPDfUp1w4P1BXYV,39.9583596354028
2dE38SXWT06ER3n3fUeJ3k,22.641132149070817
0K4qBG4ySviff81dZ0VdYU,36.160445234131785
2Y8i6ntDzXIhCO4UJPl5Qv,7.761144665958694
1dYw8HTRJnFpeEeMtXj99a,58.57354634771606
3mAlODfJ2p4DnV2ZJ16Bhq,38.12714231787576
1BltsyC5W3SAABdxyrDXwi,37.84043786251696
4NK49OnNDP3oJcTGs89XSg,40.52576540146196
4cJOLN346rtOty3UPACsao,63.347677752441534
79cAPxneo5AvbNgR6ch3Cj,35.00286973833047
5Qkixf9OjJp5a4XphaONKO,48.16956582430073
5h2jt8xsUhW06rFv9HvY7N,45.26352703514365
2yUbCEiaolfSMluDo9RMmG,50.56516709031562
2GM23TPqcL8zXBhWf1fjaD,51.40414660238249
4zCP9shp3aiL68yGQ8v8DE,3.5748563581957575
1fkjRQA8wXPPyxqYLbxuqy,36.72019108381954
6Vs53ujCYKgv2OHfFU0FrU,22.938826508827407
4TwbiHzsLKYydj4CxrufQB,40.11389497620418
6glqOjvvv1aOwX1LeFaRtw,30.392362664188898
7o7rrKyfqGo5xw318JNFUb,21.36570442074264
73ej5lGd0Pyji6pbIBQ9fi,29.16566902839296
3vooOYHU0Fi3ViCG7Ozh0Y,69.43557102764
6LGwYMXXgURfaequXipzHx,72.32698068715987
6xax7ldwP2060XaEpzuMOu,32.33721647267853
1IBKePjbIXAkXiSvT2E4LQ,40.44715650032509
4cIEQ6n11b04xjMqZri4ui,46.08494556023747
2UZCTcfF0y4jiVdQkPcmO7,28.02429086178663
1yZfyNarqiwD8eJBswXplK,40.87691090999365
3OVKJJYEckoVDmU1K3tQnK,33.505103547103104
5dNfHmqgr128gMY2tc5CeJ,26.817033895865247
07OKKRUAmBaJDf8YGF1PD5,40.606000267355476
6Zz5CiVpQk2Fz2nV8m3YQm,46.39078898302969
5oKBOiiJceLlAEQ4VaVe8p,48.849231431490836
2KrHwwnKAfSDdOStftigJm,38.752675473932
03b1NUHnoavfpLLKcEMfIb,23.902454700925613
3n0VgOwlCp8cdSWqN9GnwZ,33.90520952055917
5xZD3yLZ31r1z0GcdKfsyr,24.578215210223316
0zLv81RNFByXTZ3wu91y1R,25.838702273149604
2Zrb6QwRYBF7EQmY44mbnl,43.89989686480929
0bVtevEgtDIeRjCJbK3Lmv,38.42915208703982
1zx6GSqLYI2ynzAHnPRKBR,46.59662423117918
5H7CwzYZ60e7w69tX4ivQN,34.43637213422225
2XLjGMZHV31QJGwbALFj95,52.5754284214829
14c6Q17DoHUY4A2u9HlxxL,38.02255409155418
09qA7f3qumec6qaTEVeL7Q,23.747230472315064
5tmrnhMxx39jnu3kjopMdP,62.25867851209511
0wokCRaKD0zPNhMRXAgVsr,59.20972982182853
2bvJM2iIdMlWEG9lk8dxxw,28.48264313598607
7AQxzmkhwBJwgSYr0qQTVf,44.670271011068365
6Fw0I1fDME2xFSmjAwgVxJ,44.436920900818606
5xARsmYzBFk5onyIWoAIMH,39.075215146940224
015ENhxZgNXSvzml1FJueG,37.11889536416137
6hwQ69v7VbPhTTR2fOtYX7,36.76194920129778
2iAq1y8jEVOQM6OA8L0XtO,7.774693609399181
30k0wGukDZlauyrRU4hTc2,54.494286299928525
27F9FlipD657qYRQT3qxFm,72.39371202581702
3pzmGlzQeAkyjKEfR33yec,35.79979102918543
3TXKwYk2H7hZQFB0j8z4yq,39.78983381181284
1oRi9SJ8UmyYZsOmsR4Vb9,34.4288025923081
11PUdjgVfGEZLG9zs9UeTp,39.249441684419345
6VDsq0jh9jhXY7I3qmG6gw,20.859113767712767
6SjbzGo7arjfM5cXpXhc5B,69.42195204302095
1FHNctV68GUNLgXclG2DtR,40.829129478213886
6g1VQsGGteeFbJm4IEn3N4,37.24511720196645
0ufcuftmmSD0iWt75nn9Oy,0.9534026725223282
084ILpH20VSBeamcU7mM4K,47.438065089756385
3nqQXoyQOWXiESFLlDF1hG,35.64637205053306
5UJshy5HDHdNEVqlJwzsQB,55.53774051071239
0SLjeqwh5iy8DZcaGNIaHJ,2.369833843731957
6IFpcg6Tjt1r5dAyfmn7UK,46.11259614010691
1EZokfR0iyAe9LuPKccBsu,13.006071987058515
5AQhw6cV5w1NipoBJbOb3f,51.40695532478692
3mh3uLBvd7sOYnu15zxM91,28.214554328998315
7aSnPAggMMgElb6BgXeSEw,41.132628544573635
4Z43nMEiOiNeDrqu2BN0JD,66.30938647147127
0PHfHk7nElZ2EX7phkuTwl,37.36995895238104
7hynhxDoDpgMIV12JuVtNa,47.842968173903934
1Sftcy34zmDZ36l23fXgLX,19.130818635906333
1algWk375QvT1XNJJbRsGM,57.25281571217569
2OEmtRXH5FL5foKlwoIZYU,5.624839454603422
6Grw9OtoslF9JrDJ6pgsQG,28.7980814250982
1bL6fctRT13NffF2JHU5zQ,53.48974573437059
4vI35LUtIpj5bRrExUjaD6,59.89104265881047
1MHYAqWWdDRePmnqORynrq,45.100735894117854
5EiVLH2dO0dOkkYapy1Q9A,39.11216075296325
6WU66nFWemwQyQNjCAfVPZ,27.99034669958154
5sYxtT5C8uAzGbplBcjLYB,51.69807673656674
4u2NKwieTd2UVGZksWRpNi,42.37978012615213
0V0WtaKdSJIyRd6ODjF0hx,21.625772809443237
0bYsT1b741xstgFwe4WoKp,2.4962653643687336
5HXWIpc8zLACuoaR5gMaip,58.354859246185114
2nvC4i2aMo4CzRjRflysah,47.247790396706534
1J8tZR0ZeunPtPGZzdnP5S,19.911725277337567
2sssyogPeYk581LqeMZOQu,41.52037648645878
63CSozvYUEudPp12679UVF,35.608112114422944
5KJaEu2ZMIt9FMvofqUgmg,9.104022708771868
24MVilhtBOg06UxlnNOonf,42.46317282692495
16o45Fh28QM2FRDb1BFFVL,26.179189284560753
0ulOkeffvXAADiep778P4U,1.9975972744841415
7bhgpTeCM37yP1HDPn3E4N,27.724392644735847
1yYr4D1KjhhyDD5bZIiFQy,53.24397050004917
1a4USTrL1ZtLggEllkU2vw,10.591582410386351
4d0dY3ZeMdoYrD5YmdFvWZ,38.99471230430331
49MHCPzvMLXhRjDantBMVH,57.71517788513215
0YkJU6TjjwzsVXUPRIO0DB,52.793886068246984
4ExbAn6QFTRUxml2SDVUBa,46.43678938545381
4PmMVdIFpJTB9WQbmILf4p,8.629300463966898
4beibTdsFNXHq7bosci34R,43.319974697916194
63nLTE8alkNlpudCkxUnd1,2.0700373459143098
3gUpg2O28QtrGKMGGqwiFp,0.0
0xYqWfml0Wh2OWPCJ9qLKb,33.09619846493284
1DbdQp5dwuawBGmxSHw6Fr,58.78416805965408
3DWkYRm35UkcM1V0icj6lo,56.45605437959589
0EUEtq224zqzpzPHof2qmL,58.06303464211955
7KFV09JUeoWlKei8kpy530,40.82929418378867
4KqsLRDsHTHCMhH5ktgc6K,39.90134590021785
7dkZMguZGB1L67Me5p4UYq,22.148120666281127
6lxcWIvMQK3yezxwFfZcKZ,53.55969529358807
2l4Wcuw1Q4TU5iFGthCCHM,40.08728509717539
1bzM1cd6oqFozdr4wK6HdR,46.11831004672932
2bIi1UdD4dxajSJqpWpE3V,37.05358284798872
2RfT1lgI87TDqWFM10dBVa,47.66435146776756
4JfmN8cwHrE4sxXrAPPPNV,53.05220384475803
3h1iFQztLecJNxMdPZtpZq,17.674100735246412
5OxclJsdFESni44YlpNpkR,65.12774567795533
0u4rkpmNtgcFxYHepnVF4v,67.73191749834174
7dgXB9Y5Aa0ScoDde0Jnmy,27.855261345521004
5P1eorfAD2voGnX7ZbuvFz,38.41549729129226
1LQBLintxKQiYmmb55mhKq,1.449085982670497
35w3g0LOtCMTOlzFYBtI52,1.0202546391240916
14okV3iEWZeXDiprLkqU2G,22.30311826193959
4ub6coEs7YEXIuEmiDN59O,37.97798821035249
7B109wzCWzXI5LFvjXWie1,29.669590357470724
6hmhG1b4LEyNuashVvuIAo,63.045147149593
6FLMTRlci8RrAegvGIuoYS,1.2207826238182726
2pyjbGTpJCPjMYwCbdymiF,68.60128908046705
6gryRHxijWXqeRxchge5mP,27.19821821544255
2fCB9ONCcLPVBlsr3v39eJ,43.015059448629096
6FbrSyJzNzfFtsUE9swQVS,1.165645855648228
4Gd9PUEuOTOJtbgd4YxLXM,58.99931633718241
5f7EsCYZJvfx8A63UxdIPx,24.20698218561524
7MIKwg3dDCWhxMVjMvqF1O,0.0
77OweUKV2752QnHqq9mMOE,61.72603725663859
1D3ODoXHBLpdxolZRHWV1j,45.76737953921303
4P3L9MQSsM5OMtQjEaYt0I,59.51270687622813
5zZt5BzzSrUXwytlRatvc2,39.326697374432996
3uL1IBFhg52VcQqOwAG01E,34.179758102853064
6uQKuonTU8VKBz5SHZuQXD,30.264808664360956
5T7ZFtCcOgkpjxcuaeZbw0,74.14150351300609
0KztjtD3ytzgYjUKIVfBnW,66.53995595674182
3cc0FHJApouanbqTyFuEjY,6.6001043525964604
2RqtfcLB7iOZj0zYB8Auhu,43.21151812416091
2m6knc5tEfzVYwGY6GlCPm,48.24374154557919
2rHDreGzB2CNwHSA75WRdA,25.573813102667934
7MOxI9pvMofAfHwwEGpDpb,24.462438013037477
0RcwRKBj3hgolikstM4j1H,0.7178725776322163
4sFzG7iUlyPmuyASCkre9A,62.192666894578494
6YmPSmsQqU5PWS5M8b21K1,19.59876646575653
7FWuzwapuKHTEyDJIcQOw3,49.758721575642895
5gVkQehV7dXjnau9jjfJ7a,10.482160705055954
2q9STTSwMoEVLyvlNZyOdA,10.369291174711007
7uCOtDi9a8dyrkcfjZrQy1,46.57058649628477
5tUXQvc0yMQD42799A1mec,18.869612460129296
0Q5OUoMBRrbQIYb3TZnzQe,24.578218783987197
4jR6F4pGMhui8B6AbW5dBb,39.715390705253476
0kmkzSABDGQp0YUMWEZhMJ,10.440605282760842
4MbHRawvVQnFG38J8NliN2,1.7191043335970035
4lt4QTuoYOEEOhrNDZJ1o8,46.43357780702133
2JTbggEbb9tifed7Nzgk7G,30.19714734158959
2Vhd5uZB4brKHmM0MNxkZo,53.97076192386794
3khiYRqf3tjb6PSGBhkfl4,35.53202452648891
1YCsTFttuHAzgfEWKdOb9K,24.52843432452186
51rdCmgHBzg9HJ7eHjVRK9,53.2195428662316
7kgDuEKh17vT0ehHkkfrzC,27.092690379573533
2AxCeJ6PSsBYiTckM0HLY7,60.888382395030135
4eRoGhykyQCIzhOaFf35zX,37.84756902756708
5YTUCHSwfwJ4oHFDjFgpEe,70.13589112740944
5kstxhvKTpuO3A8PYmYeKV,39.3529947690256
27k9Vb6ko9YYK6N8EJ8SA5,63.058330854110615
1DoK3CdipMjplLk5LXUdcp,37.22418749990697
0kuBKsjNhqjKc5zzDpzxAC,35.49467887919646
7sTDqaGUr9NM8NHQ5SNHi1,47.73722449519341
5hOnCHMwQdXOd4qfAWEhKP,40.56732990305098
0zAk27oGo3z1cKjX8Q4aj5,70.91319867444787
085XpQzAKm4nAfcfRp2get,50.95150996170495
5Ztlpo0tihmvazlFYTL3fQ,43.284556566924614
1d9KF847JVwN14mR4zBe8l,44.09482676270885
2IdFCGg70vpQbQL0hJmM2L,38.94249592454883
4KxEJRXY977tTYIfHvL81N,19.470051985832107
6ADSaE87h8Y3lccZlBJdXH,32.783621347101814
7dZJrIhvv8dkM6O7Xb8Lww,51.91889054205356
7mjOxXnZYbGtgjyX0hqaLs,64.33483321169068
5WftZRyqVSUZVyAnChqgfU,41.03462562792467
7elVjOsjavNKmAMZOT89Od,44.88157486601562
2jihadt1H0tk4LvvGgmS9H,1.1142641483066915
2PIMvIwLS16zr5EBYss3pF,32.51781361735097
0wzPtKCOIaIYImBblrBcaC,0.0
7qpLvsz6U3TSYxLIg82tVd,2.2984603823515095
2Fjz5ZC5BvFdCqcnTZ3ilH,50.94262860103612
4dVbhS6OiYvFikshyaQaCN,59.23319197598441
4eSJM9STV1Tfho9D5n6mHK,2.54904196312907
1V3FaAOYea3Hxw5SYvi8tl,43.41055872474259
2uEz2uLMNj9ySHMkwuCDo5,29.5628839582743
3ydusC725etWQ7QlAjmIi4,50.5962541722632
0fjZCWrP7r0Gzar4lLId62,15.780836980191774
6QicTxeiSaRkPnkGDUvYOs,73.55513353466125
0RdxqjfOtnZQfhgmC7Fa5x,24.773628076888983
7lta1NBNyp50gaTqHT6U4S,58.4872438728701
65sql5o05skwJ6frSq4exl,23.361302001547845
0gTAcOg1yS6KY3eMaYlpKg,11.552969654202466
420Ta8vWYCgXk7yqpLO53M,30.68287895076775
59tBqJGkzbe0pz99EU6MIw,44.12301758475093
19yAuvJISI6wGCkCMr5jzV,19.770004466096623
4QIyEq7TcTdAcxjI2AFlAK,41.45885591603398
5p9IGH0xpbhJI9d8YWJe47,14.95887456398357
4Jr0O3zgoKEk71sIlABkLp,34.054161115157996
5yVIlYEHZxQVLyInCdldoS,74.6739776856832
1nas007nDbzLwDGwvMdz79,44.47184266285611
7jicciytVTNBXYrIXHs3Hv,32.01644013483419
0bfvHnWWOeU1U5XeKyVLbW,63.83791641577262
4ceYhlROdfqzWwwDS4BXCi,38.37207790517754
4nuUssdgKFy2QyYHHNkZQW,34.41944463351842
3KkXRkHbMCARz0aVfEt68P,64.57146091745648
4fouWK6XVHhzl78KzQ1UjL,6.907436441525503
5uSq44B4BVNOG5FklL98lc,16.66621882119609
7nnpU2iHbi2k23GNPJMKUM,51.34886375243054
7Go01FM0sfNRmNs7uJka4b,30.616841668607204
2TA9nZUGyYjR3Fd0CrPFot,44.69178561496167
1ko2iL09yVsV57V1Z616KP,3.2838115856983063
1PwJ2wgHHGWR2tHYmxR1Q7,0.4156249020867824
6xsUlQIjfduRdQt88yekZ5,44.40662605646249
0ZPl9nB62OHQNMdLphpyps,40.1012462241699
7J8V76XTLhJXAm8hwCQKXG,52.31305529456052
6sPOmDulFtLzfX25zICNrC,47.01610822197657
2JHX4L5wNhzxVMPwc7UMAw,60.49973472383769
4pbids8jHfPl0HW8XMhOgQ,39.95736911232439
0YtYAaCp626cLIDyjB5bcS,0.8433917340863963
4r5Z0E4EGbaDni0sX4cBwG,37.63722723689161
6oGPZcErzd9Hjw3E4sDBrq,22.047120614908398
4veeNpXDK1YRHMTJ1Cppsg,57.692913001988344
2u7mxWSeoqTXndK5e08jMp,37.202845901133095
0HAqq2GcQKyi3s87GuN7jU,71.97402699344119
1kKzLv3w7I5NXzEtWkSzi4,55.07777156627999
4sCcDvX30uu39ozvxcRsqB,40.04579559875947
5jFiyUs5R6kHuKbAs0ZU2s,31.804122404852812
2iObjOsy2vpsariW4Y7hQg,52.35365313267679
1D3tgMuJxzaZJMJs8yFVYJ,40.44229319425268
0qRR9d89hIS0MHRkQ0ejxX,60.90293411097775
2AQCskFaJwiWx6KILDe3hX,40.296509313828246
03QuZlIrO7RGx12G7T8enl,25.47538493524757
2HegWuw33lBqopjopozt7N,35.90456779707365
1BPOfdf7EwvZ6NZsiZVB9N,11.741503264916323
1xUrARGhggaxXG6gBsB5NH,36.07508639996349
2xMVj4nOUTvVZUNlh9oaW1,41.27901896746644
4o1E2c0ye1RlIJJqOM0dqP,24.509352330218913
6cDWbP0Hn5kXwZlMtWysTK,39.4194055704709
4xAMacCHE7J3Mv875tIYWa,5.243859130020948
31c3hIaCg0Ad4jd36uWqSj,34.51111549433752
5Sr3ppJ2yQEHPTjKPHbKuU,37.885195766140136
3uB2mkp8ovjiuJA734dbGe,42.57282710669106
7AV5YuWUHs9ItxsyWtWZuF,40.37868311968816
4s5Xxp8O5elepcn6tuFfsu,16.400959098879586
0Z1WCUZ5NGzVt0s0XzXGMi,12.221005124391151
2UkAjD17Sc1bH39sKCTCJN,46.307328617265355
20k6wvqnsp9pyv4FaTf94h,22.76380484549098
63JtyRFsZqi6Rf61T48YRJ,49.89119572375093
2FW36jWgTjADLc5DXEfFWG,77.84356489669094
3QVIBuVrIe5IHOZepa7JBZ,39.892138289876435
7jzldCBnJjpJM3epzJ85KE,62.756918031257264
4A7DUET5H4f7dJkUhjfVFB,53.55969529358807
4CyfoJZdIKGXBMIpVCX13X,26.60028891257183
4hrae8atte6cRlSC9a7VCO,36.61434617838571
2IbzYGcve6P1QV94UFxtik,44.595290488317936
5GcmJoEmrus69907XfjoTu,48.091954198027814
4ORXSxr4tV5H6gH5KHAiAh,52.50180721803602
6cyntFdDRN7KRDvMStC0Vj,15.95537924980503
2lUECytCuzKCCDSsUdIqyC,26.972966433519883
12GnlylbGCoHldjYsMoz0C,33.144078668257855
4fIjxAZjZLcJNygHWsFrLl,29.511323123383992
06rBBhdrIHTmR4oyUiybt1,1.2559537966357637
004G9E3EZhxxn5aE9yEQqx,39.63295115501783
3tgVp3M5fgSNhEUE1iMILQ,1.2359660331590683
6eLL7QTdMWdhhG4i3jHDR9,46.75627255808057
7L93GESzq43UkKUt5FsOCq,53.338982658049865
0DskSLv9ocz7KsJlqUSCGw,40.10987615995865
0Ie7tyxtKMKzLnDF4pvt8r,6.907436441525503
3AHqaOkEFKZ6zEHdiplIv7,65.82710825958867
4f8AcONRDFSTj0eanWITR1,37.21071379178402
5zjdL4aLh3D3wOKeRkZSL6,63.237314892108486
5XcZRgJv3zMhTqCyESjQrF,45.07736817763024
3p8iG863bPsafyReUXaqXO,49.16888815399991
6FUXgvzbMrMCzAuYGIiGIl,56.518427706935825
4gjrsP1Tmrqh1IiHhMXQm5,28.794358195354018
2HirdhcyrBod79Utk0acmI,41.95093148603702
0JWeXAsgB7Bz9I87hmGpB9,35.639070576308015
7Drho95MhTBx5JRbk7ykVs,27.296702279832797
3CRDbSIZ4r5MsZ0YwxuEkn,47.35378554658859
1ydKLmtx7LYnDe1udTu96w,48.655919371922586
3439OLNIeD3y68kVuoZUO5,25.747797374774223
11iiMB7TmFTtaXT4YJAltw,64.96255970740016
2SPFC3GXog3hBb24Ww9sFV,2.2825865871001008
1yWRbOzBD3d6C3Ttu3xF5Y,25.705690743903393
5VPS2mSgfIyp7Y45WRcV8w,23.539050215986897
527SR1b4bqUhBpdcZjU9kQ,21.2123619108148
6Z0gK8Fp0AqS9EX8Icp4hj,39.78414410157628
4DxJKxGAJMus7zVDOGI3Ab,37.8046202997171
1ctoZDhYkpKa0o9B9Wjen3,33.06865155608885
3uzebsHzwFBBYTd2qFPRh9,25.45391057244363
2nrqCvsHTendQmjtTB1SxS,43.36984795628803
04ILadtH6a83MZ8rAsk9TS,22.75120041722865
0ovkEppB15UR6H8BCqtd4C,34.13077228557224
2nMjfJtl5Tj5F9vzuHhqOl,40.00487341040283
1KxrkdJlsMOjM0nfFWTwI6,31.084727041608904
2qPNdVlqZl1cYqsNc3MXnA,41.611920877384314
07PkyKflNaG0qbvXJ4Z3SU,26.054582529381882
6LH6IWKmglYak5gTQAAg3f,32.695136800798885
2Mfv5HaqnI18Q9JRv9hqnn,60.15878807666438
0TD0ydYJuFPEaqshquDEpw,37.62435293108133
4dI3UmOl7scnyCU4KgaaNO,11.312591588331593
2w9nvs1ByWUGkED4M0ug34,46.43554396422567
6vqQdAqNwmS87sjgiaIcK5,55.99822627306266
6hbK9zJUAlB5PYL15SzKtB,55.27576178310384
2rvQ8M4T6rbpc2c63pwNMu,50.63206011830425
32lmL4vQAAotg6MrJnhlQZ,31.428808482785485
4yqtwO7MQIIXqoiRBPHAgR,35.25123883776193
3yNZ5r3LKfdmjoS3gkhUCT,68.65228786595387
4GPTqTFAkOXNGd5Cy6sTvx,30.617515341005237
4ZhPLoMzZwewHLLjV1J15c,48.744564920300505
1eyq8cjUQ2daFthW2PC2GM,59.783337180298176
4WgM2becr135oJ7DfVNaCd,50.98567118884572
25sgk305KZfyuqVBQIahim,64.84384682166075
3x1v32I3SZNvC7q7bDhcGm,59.91227120030105
0Av7Ar6HYYeCKVYbDSQSbY,55.945575284261125
1v1nsB6TCXuhdC4QNP4aB4,6.17876808124671
4R8BdwRidxAWaYyFNU00P1,38.88164008063914
2yX2u7VsiaYJPncqwcmyur,33.120747261073696
5emRxq4oACZeHNuUhw09XV,25.286756496967108
4tL0U1zThI2buyH4gZZyjM,1.2559537966357637
5S98MKSX7MJKmLTyvNXdg9,38.664087318355925
65nxwwEt3wwNv5hFqUQWph,2.2002565112365366
5RqXWlzFcJRVa0Pcm9oot7,18.370490550605375
47RYQsFm8QIxEEqLIaWd6I,29.910408324064083
4pP59HlzHAwxIynUHCegzv,39.87755020850012
3D7rcEEifDAaTdeUL7tbpv,45.208715575579106
62agzDjK1fD7WqKpjaLWKD,0.9180163633949704
6Yv3FXYgZ4HF8iOPg3e41z,41.68285031720975
4ZcKL6BGQCzAn5aUZK0dYw,2.525025065431882
1OGORI9Hx45AEYqxkndMhN,1.950990217960477
694l2zv6a2jjUgjz5eyX6g,46.45529532288326
2Uyda5UuQnxkdYkECw3F8C,51.20495269473631
3c02RAbOojbCSXQebk6Sf1,61.35885916494596
6gfUOprNMeD8amncMOSFl0,26.262260695668328
2OtcGlYvI7rMGNJKG6pDLg,53.98456127973789
7mLEUzAulFygMchoGMrP8E,33.197666907337855
0Slixd3mfdLlfx5twxD1DZ,22.8105438468019
1ci5FGk5faD2gWyYl995yw,27.287292761814854
1OPoUUFSLgXXsFcjP1SRIS,5.624839454603422
6V3YhAkCJYdfsAueGUgeCR,1.2559537966357637
7cSLuynax4DXSi9G28wPXk,51.16055159916318
7ss73yV5efYHgm9bAQ98JM,45.34659891351183
6jJjAgqZ9Nh9NAaPuvDTHm,37.62419548391256
0etwgQ3KAVKdg2A4y2SPFp,4.921492578709474
0d4mAx3fJvSJQPkREvjMDT,0.08140352411085489
7x6cBmHXwdS1EGwVx4silu,23.84107823064854
7aFZCKEMHlANdvfocuE4Re,22.364133206524674
6PUabSMXmPnZna361Wwmf7,41.74505874933054
0NrK4sqr5wcvgSIaYcxSID,51.21963157557501
0A4Xb4Io50uHnHZ1V8x2KC,44.77136582691496
6uzGmmQ4CuG9HvZktEy0LF,42.334980851610595
6dNJ3lasVLPd0078T9yqlm,27.571980159830275
7vTWDgT6kwl7efPEh0AkmD,39.700924385524935
4LJcNiq2pBb8OeqrGdBJQw,7.036856016900701
1DLbjtj2CSYt5Y9kJ0mkXE,32.1828081063861
38Qvhp5yjj5uizSxVdcucY,46.868808864102
4hurKoJaOsZHfHiI4feGyy,35.94365253367976
0u15XLJIKeIGYmT32AUSzp,30.055620549308983
67BLxClTNYBMrzdqKe3Rqr,38.19161908617054
3idqrJWsonNKPOvCbwSW6f,33.74386808769016
1TnUURhehaoMWKAqQtirm6,55.26364878582994
2KWc5DKUCdoIMVIgivR1bb,55.02014882059676
7z8XCViP5KT8O7HqoCsRTV,37.29706319822702
5bkpKxDCCTpeW1v2JcFTQ7,18.715224865803947
3kp0sG1Vxb3rbxqYjTYtvl,1.1634787201877008
22sTSq5hrpBe4OiWgylpAC,34.915113810863005
5oBzet0pFpm9tEz5pUmdK1,34.18261966667081
5Sp1DyYJT89ptyhuZj8eP4,22.09125518193043
70VfAhsPWCKIXO9yc1rKQN,26.619283421452717
1ZpDPZU5LeMqqLAAOxqPMh,40.602222692746075
6fRSzXf5gWRuoKCnsYgWy5,37.3758557933657
176U6EwkFsWpSo1h9rTUuC,42.14942558002871
2KaRk8KFLzdiwHSZCG7zgV,50.27817915976223
2FBAM2dVhCex33z30YA7hV,22.05818797055576
6U6nzpSvKxju6WA0Kojcxn,50.16291857576223
4VX3CpgAIuhTg4Qg1gh56x,41.95715664744542
3TQQia7NM2GwsiwiVZWrSC,30.842729490644068
31UjYv5vLsDkzchJOtUMtW,74.9313828518787
0myB6MFI5O76ebuwKEfALj,2.8011469770079684
4cQrSREMqBSvJ8ZzBZjVb8,33.550544619539075
5vJKDteoDcK1uId4IUJSmQ,21.209696639980503
683Zokh8DyHi8UJCI6pz3k,51.572627471548415
4pj8ElgSWmmy5LT9a7jb0s,48.22220593612567
7di4QTqNCZjX4JUFKhWQsr,35.52155744841987
5xnk57TIC5Y11fVnBEVuQ6,25.198025793215862
2fXKyAyPrEa24c6PJyqznF,45.49692318183822
5sZ7F3XUiW3LismMsvoEG1,19.12457477359469
1nMYtxDrONcoGnKRvxTwPv,65.2693573283607
5OMwQFBcte0aWFJFqrr5oj,60.13197002797958
2vzWylXWogTG11HR0frews,49.23012183405408
7HS3jD4NrWf6Y5I9IMphNI,41.58858042000152
6eYxmK9fdL4hwLnXG2zY3s,62.301660573962174
0SvrVP6M9upRX8nAuxUcdW,21.266531799410387
4Yk3S2fj55EIP6GaFjghSn,60.98854795521956
5edBgVtRD0fvWk140Sl21T,38.6405618325984
2howvzFOQExWLRPIi5TAcn,32.55910387296241
3N02rdKYcUq6nabDpCRv7v,32.585230445253984
5MsQuMJQRxbZpVRnqWzj0n,42.819384929238836
6Byuke1Ac5qWJHFgzu7byM,10.369291174711007
5NPv7MhqawQbvqXd0BiJzm,31.179738233528656
0UY4FvG4f9JI6kBR1BlWrZ,58.34852550669502
39dQlrBRyv03PaPZbYTo51,0.0
4vbJFkIF8TFCOwqZRI5C2Q,20.809621629458015
313yF0VXTCmFFoYEJF7nBQ,59.621464205278905
6FMbRkntFOPQOiB059MQ4x,68.5118830187534
22t3RGAjsN5qaUD3GmaGHx,41.566098861175966
3hyi4CYvZ3K6EqAI2ja7pl,51.58329905251063
6JUQViD0hLXlvWXCV4uUF8,64.68954015066842
722N7OOvzhtyUEimkeu91r,50.25105537189447
37O5phPvMfJZBIscgXlw4a,58.91730638406044
7A4DelrsueDxATfANucgZ9,34.2000705302203
1srFoNCknHTaIU1s4sStxy,44.823776004880116
5KqmpRieVH3WGO1D9kcVzQ,5.848951838977688
5xvUgoVED1F4mBu8FL0HaW,4.596622413181182
2hYGXe0QDxegyHwiZnWUeY,54.58306483832532
1gQvIFgLzOPDnyFvNTPh4v,43.55572190538357
5odlY52u43F5BjByhxg7wg,54.97841008472225
45e6OL7Aixm8fxWpBAJ7DY,0.7839041133435809
4Znd47cztY1DEmoWWVcP74,60.32586970372071
1EuQFujqMzy76oZZ7R2xNO,41.954875341039305
04i2uLdBAfCSYjQzZqspDa,57.631982536572814
1cXEPHFzgFTuqGeLZGd7Sk,39.72429374978395
5VQtzkdA45dJW2DkSdo4UG,47.28227505559482
6k5qYxiFt76meFmKRDtZEz,41.612705522466825
2ujbOwvdiH020TO5EucGiX,49.74986911895589
5JlqbEj7Bbh2RdZgcO5kJE,40.076921024191066
6FEKEO3y7QFcMwoGeR0GtU,43.76389729483906
7sG2bWi2eDtvX9vX8yC1Gn,41.71813377985431
2KQM3kDM0zMBC9iynePBbS,40.60277221598571
7jcpgrFEPvZLEBswLpiSLn,17.68748573938112
149dWfm2AUDf6WIwJs2mDn,0.6176999604687494
63cd4JkwGgYJrbOizbfmsp,65.64148443226152
59X2Mc2Kn34UUdCoHCJ0Nd,48.92100786799851
1yaWRS9r2woTNmJpCKd5l9,64.86342745651127
76gRg3RyCTCijQ2La5vtns,37.24891772707498
2Kgm7u0NqBWaD2FY8vZGk7,48.59905957266541
6Wbih8MPwF1l9Rkf3Om1FZ,57.45784150452527
3Q3XLVUfQ0HOxUOtCUYMpG,37.25583929895529
25IiJu0DjOqsnQXgNHWp5i,36.54362746118682
2tgC51q7KZKdYEmrLDJJrA,1.9629276590596854
379MRJIfTs6DtjUXL6kjh4,40.26145986321404
7jbf5HTZGIORLBkJqueO5G,41.96376639916261
4VFNyv0nVew5C878WDsPvE,25.871830820389317
1sUdq3kWa9dJXHu3eYOUll,11.889861029688756
7HVFkjQT4zk6DrCnBE03QM,35.62472651472701
0D21XvHcVsIvJM6FcGY2BT,74.74810688655306
6MOst484piqXpzPPRRe8i5,61.393816521177556
4l2soLCGAoYvSKGyqFtsbJ,73.58122198788517
7fttjqzmvgvpRQoOzyYng3,42.12021618856265
41cDKFuTigPfBWyLYQKMsO,1.9975972744841415
4AL35ipeLY3R45DhAteP8H,51.72585884445085
627xNKrkXJw0L3JKUpJMb1,37.31951545733931
24NcYbEauj5ZYpq6Rp13q1,35.99026589560615
4y36Vr1pT3p67eRCaBU1hK,30.055620549308983
0K4USWqV0DZZ5sffa3wxh0,43.13581312321484
7d370xeaJldl9wZ6QnL3zs,33.30375457422509
2nMeu6UenVvwUktBCpLMK9,45.440431639094285
30JbQlyoAUUud1FjAq4KPn,29.32393613271127
70HWRkitkAKfos500LBk0T,61.72709654903514
69jRUfC6ZjhiY88OySXqoj,41.637044596367794
5dBP9gDiDlsXiitxvB4HGb,49.13538999962758
0tBTnrMcc91qKP9dHqhsS7,24.714371070823905
7LGO7lhkvLK0tuul9FTapc,24.249308476982478
5Ztwhn7zR0q7wRe2ZZsrmN,40.98938849265843
028JxheELfIvvY4zBXuMjw,81.36335358049803
46s77n3x4XZqUhZfIOCax9,53.5341094762203
6RaoAZP9DWRgOZS5Fzayws,16.42228884632529
6hfeUDWuWzLm19VEMBFXy6,37.203672329437545
1d4lS5M1URec80lUeRqUsn,39.39304598608541
5PXsZaT8cOxb4mXrA20PMQ,67.53599822112926
0HKYCq1NGxm1PgBVduhxVH,38.659669292534126
1o6DclZHw0HomxXEQR1ijX,48.09339755066151
66urf1ZXFy4qVKdNqcdbaZ,48.077332379658664
2Vlk8O848wZuu9CLWnAYSb,30.975327619033855
2lm3Ric7MeBk8hLfsiVokr,70.03741651925573
62leJoS03BiNzdoQmb9ByN,35.77933834256877
6sAdmaffuMijDszeFrGF1H,60.01962775347994
0GQjTATSapMJFHoKXiqprG,39.34609265400501
1eetzMDPNpYSZOreBw7SSk,19.34585659394837
7xeMD2bU9QrjrPRYSvSkKn,45.004626793541256
2qdhIjNdEZfrEfUDHxxpjr,34.92156747324589
140yxPsD6SvMVOySZssyA0,42.93688459231204
5AebNkVaY2zcdNFCqPBIV7,48.30585342555319
0vTJP35J4M1PY9iAA8UmbV,41.37770444177382
0kNkyCg59tcaSGyoC2ByTX,53.970114417057346
5uBNMdSk5d4xgwLbfGmq9S,30.344948434272172
2sZG75vxCe2L2ReZPz48kj,6.802043200420118
0T6VlW1YjEskHYnWacdTBP,18.838895856137828
5ax1MN2MGW0ZJXquCkpuLM,47.79264786354342
34lSXdfXd2Xt75hi3mrfnN,40.711995323408196
1i2ujygcFXUBEJucbsBvKQ,47.102438128424474
7FNClArpU0MQIIkAU5VSwh,6.17876808124671
3ziPHAggrmXP6Dx9Dk7wVM,26.343821312603296
4Q1grs5HY4n8uDIdoqYHCl,28.637941889105488
0DYFK6GnldzwhuA2wwAnmn,69.70539274011675
4qKcDkK6siZ7Jp1Jb4m0aL,39.34088008044446
55kxuWtCLOZ9LD7paQylnO,42.617185707815054
1DWZUa5Mzf2BwzpHtgbHPY,54.77152405861598
4noXM2J8hOKnJ78J4dSTdj,51.72017407497924
4NeioZ97QrelO02IXj4uYf,62.51002221737494
0wvBJDXwnRtHGp4NL9hW2L,20.859113767712767
0XPZzPRsYxxsVQCQYb6IEH,13.808652049466941
1nFJAKHt0jgzVogbNJT3Zz,59.837733989124885
5w9c2J52mkdntKOmRLeM2m,76.60858342338334
78mNkiUBAwHqjT0QOeEqqg,52.862336416766695
32Ntr8rYMAfuTEyrNeMtpg,39.56332601111291
1cCyOo8t5XryFuzThSdPHr,43.994843048858144
7zjYX6OVJbsOE1Hk8YnagY,1.1634787201877008
4FX8fPOIDRR2voDqOkfeKk,48.29189713368323
53QYoW9TegrLAQFMs3tAzB,23.33022267817411
3nW5v0Htr1ySk8czTJIA2V,35.76689066469019
3jCw4TeJAt4H17uPkWo4M6,46.24340529628935
6TesHoNPZGdcVjllhAuKJh,60.59727130026113
0NB68WBmKfJNC3fhhqfZGv,17.889318416964468
2dBud3AlOI7HI9Es8oBa8i,22.31317093608829
1IoA7fqXfbjndYJTdrQLZn,40.28022882728751
73ucpKq91TuejrLHgzDNHK,50.52637233084213
5WEAZtjEufELtaxqYcqCJg,53.784212553577156
2cOpRVjsE4qZLZbFOB47VJ,45.421791277606204
5E0kbd2qWAodXncg9Sxhfu,39.57983824717179
1QGO7udymj4xp6w8jbpiF8,31.52802226053534
7oGZAicScQt96OAW4AruYy,62.03371323665967
2kUIOTeKv8ZeT6vh9gh7RF,46.28189974547857
3rPAD722s5FFNnwjC91t7Z,50.38902662032085
7u9BIFBgxuqntGW7wO5lMs,57.84443164481524
6FblKHY6mrOR3LQXeOQGeu,34.16784056513652
0EKkqQapgIe6R32RwM70od,23.924750816681815
5J5PXmMdQ2nh1lZOal8KmK,62.57737316804207
6iq4lMooC2s4RkJpcDNFsW,55.331061748327805
1LDAh7QQnWvp3GJ9QDa1Pj,61.79201523387881
6RH1tgyOx8OrzPExzCm59Q,41.40075233519593
3VQjHDZKiksfFLm7Fg8dEF,18.0295212482753
5XUuldRjPXcP5QxyEN4IXT,65.47353430798444
1XPAphgEXCVkWMpGx3aF8U,8.550322584864983
33PZBbcUCJkXIEzalNdnG2,56.86367180457728
5Fa7z8XzhlGzFdARu6dd5S,45.33097980040166
7GASUNtLpNwSmvLNkRSRiU,53.3965166894253
5aYVqxyetmT5OYmvZCA90X,44.020701994420016
3v64IAj0C9myTAtDsUAqR3,37.859292221114735
25HWrN7rPVMy7r7JlYZvsC,42.54944952283043
10SUWedx0zohs8M3OJpnA7,52.21103168129702
7B70bxCMRcIMwtaGvOs1oe,0.6275761329543185
32U1XMh3DKlm45uvpofhvY,61.00175285407956
5GZEeowhvSieFDiR8fQ2im,36.31124527690086
0QHEWicUbdyWuHsMcVd1Ka,61.64895148510069
6KBYefIoo7KydImq1uUQlL,67.04893990123384
4yt0DRCLWr1608bGXGcD5u,59.09061575474553
2zMXH5k5NZy1Nw460bLvRh,40.54637185992697
0nsZBSzz5WG7onOtEL5mqj,52.85591043507281
4bw3ZyWA1ui0Adu285NWDl,50.09846436457951
18LavD1R3IO5UCtkXrRVzm,32.60270852345935
1JZQrwNrQVl2B6IMzepkxA,17.315143272032692
5YGLiu7ebWcnqoghFBk3yy,24.971216811502813
5I6y1KWmUoV5YCaIEcs1qs,66.7711155421744
0ESdtt9cjGZUkUbaubSrv2,54.16190468364903
5rYpwP1dHWGVMrSZbTmt3e,67.63292064400385
3wz2vWhYnnBoFmgMkqtzLy,43.521868887646036
7AyumpcX24H7KYJxeCFOlC,37.02558162446822
6MD6xpFK4cfquxRqXxqwjq,56.50534094747813
7IQ31sLsqagiPCDeD7SIFt,42.95961051877561
61WUErnrzgOMPuTgXqtNA9,10.473695001777335
3vZhtkZTHAcfvQl3X9XFkA,42.50625914368091
1t9QfMMUAij4Wtwq4HVDbz,37.709507352249396
44SY0lrgMUDjPf9ltY7XW5,1.1704319151591263
4FthwGFz9SVZgCVqxNXsSK,44.78313894468899
2f98imn7H9PuCLIHurtKDb,41.82992131568191
67dyMPOUsbZ9Yg06PnfAAh,49.86512168942521
4ZBLFgkbSB0YGsooiVejSz,29.1115179486285
0BWhmRyHvBLMcEJDAos2PD,37.70130108663189
05X7coSTvw1MidUYNwqc41,25.675807372817957
5GqXOR9mrPWRmpRBiJPD24,19.49121584043056
3Ozu8P9g9rZUDiKGG5ZUmx,59.11520092558594
1zc9mfxeNZ6HiSxRzY7JIA,22.501906240579885
6ePcfMCQ7uUKwAamUiVtXL,35.77150417480627
6SxDyZv0icnCfTS9WBaa4j,34.78965890180662
4fZxGiES1FKbNqJPrI4L3s,52.0724692525685
7BrbGr8S8rjrnlGLqtfFwA,39.51019581063345
04F42oEuKrRComYJfJuyVR,28.290567204101592
7tN0ceaX3JAz6aVtyXn9mn,62.380525835927095
1yi8EOTpKeVK4cj5HS8DRp,55.48681552874582
2ySKRXKN58cbIlY1cxd80y,66.34553805721157
251PNRmJU9KcUnFQAB5t6I,35.53115744987928
1ZCreSfHLOgtmC85t9nNsI,0.8892058669256552
6QZtmgaUkxWk3Rlq3Upll6,59.63609731372612
7472P30KNDvqlHFJ8kjohy,30.254603320730027
5vZ4IeUenK2cHub2d7yfWk,61.617864393096035
3uotsVdKcolpIxr0WHnaPe,47.693968952025294
3hkC9EHFZNQPXrtl8WPHnX,70.7442479930121
5lWHbKbyWlf0HpqLmEI01t,27.829480300505946
027A615jcOJgvezFn8kok4,40.52568476166304
6wZI4mdT8JwXgkGURnBQiq,67.20553985222519
7mNZUnDWUDidWBFaUpVtOC,42.63561892292662
7EsjkelQuoUlJXEw7SeVV4,26.10814159416547
13wNEvWmBsWaWVtiLPRIW5,56.119561810610605
1gJrH78tBc0ymRXZiizxKx,12.594445159765385
1uhQ3H3TSDX9Bq9Oz6uHWV,41.12090701991037
5D09Q1CFr1VtVIw92Gf0zS,11.587247713703581
3AZLDgqvdILajILwA5jPIo,51.217126158098836
7c62jZO67cCV5MpVBgUd8A,27.520565462521486
6wVViUl2xSRoDK2T7dMZbR,28.687582559632453
3QNhN2XUA84slgbYjqvG8l,38.544620167198346
5mc6EyF1OIEOhAkD0Gg9Lc,50.80888955969046
4zKExHG2zgXyPwaYo0rGbT,41.013997801397515
760xFXFj5Fksa3jawSCn5g,47.7399345500978
2yEcS5L2x98hPVjRn5TVnN,38.90358103599301
7mJdz7uNv3jgVSIMkSf8ca,46.34395939543909
2drouoeVvVzz5cRfe9VK8W,0.9534026725223282
08VX4aMgET3RjiJB5P1JRy,54.93173176968887
4krDgarmwOgZxppwJd8RkY,0.08157204991398974
10k9teyEyRep55WEzxz5oc,1.9975972744841415
0Pj6KjqwmJNdIOttPShZC9,36.545971090875874
5c2oCfWpqrtU3avaOuekLs,19.27275290748048
7jwDuO7UZvWs77KNj9HbvF,38.744004997477006
3KiquXmZBWCD2qPgr4o7t3,33.272605328754004
70LcF31zb1H0PyJoS1Sx1r,61.80923309777689
3T7gFooBRI9cyFPFc7lFNx,63.817784769636134
0l6b6fXyv5BHHoJizlq2De,0.0
3hgESJrxlX103Q78BrEAfr,38.8818206240695
3Yk1AGCMd0y14z6t1dQ549,47.86513032485554
2UHoZE4P1shj40Z3aQLi3I,0.0
1AguHaKOuggrVTebp7cZEI,2.3246804887142236
0fea68AdmYNygeTGI4RC18,80.48705107611788
7hke4o18WMJDxYpNkmYuYl,68.35946670173347
6M6enRLXXbqhUHDLuKdNQf,34.75777009238512
6lKRMylSZMtA7EqPl0pcdI,64.97489888953679
19kuZ0IExry8qYJ4lU2A0r,33.298565405229446
1D2L6MefbXon28PzIk9I3r,70.9577918426648
3u18DwDsN8r88M3Tf0McAc,55.768093253260716
7gFzBppKTiKAs38SWOjbO6,41.760497363011105
17tIwr1xQm4SB6cRDylO2O,23.018455195080186
2kYf8lZWXI4Ajd7ZhVhKhu,58.29346765339454
3ucOCwg83vQI5AQukxNTM3,29.882086507290694
2ZFxZ4QNiciMhvJV2GjKWL,29.79441442921257
4Yq4i6ISO9v5NFYaiWgR4C,13.813139711747187
41mqrgHlbSBA3LPypIfUoi,56.18916924397106
2takcwOaAZWiXQijPHIx7B,62.46017357324022
5JVe7nJ0MqVBiKAkjE9UXW,43.17074490933328
6vye1WybNriUDdlZTbDidn,24.354843959370626
5QbzvnhnS0CZMHjFGIwfHd,65.58013726518246
7nwGvxqSrgAuty1tlPGCFz,43.97178388927559
7AkLPOwjju8taQCJCaIUts,55.12511079273095
3oZcHR0hqmmdnP06bc84Gd,1.9975972744841415
01LODLnhlfNphZ366BqKc0,56.167156156081276
0Au15HOsloAV2EeSyEqWtA,1.1947729814709869
3pJIlfJpdSYDSjjs5tVWSZ,39.27155505998825
0jdPUGPxzjKB3A4qqflyMH,1.571619843149602
5VKU0Lh9deNkVq046FVIir,35.81790095711991
4nw0S8MtvcLSpXCS9M8ciL,42.72314979892014
2TZ3ofX1PWwlpcyfd75CDg,1.2559537966357637
1IO7WmbmHJu4tJX1mZ1GTH,41.18129448640674
0x6p8igMmoAmVcny8uyVbk,56.18638777040721
7cUXKXdigEIP8FgWbmckde,37.63734672097915
2xKQj6P0TgxBVaRiojP2s2,67.65814835300509
5IeK0mLstlvIiXdiE9AfbN,41.161411333894975
4DhRNOTDjNOpNI191Wt0EE,29.23409279371144
3UsbGR71AjcBYOWoUlfTdm,9.060081987793394
4SE5DLktx49YQSKTme6JsG,21.436241169989813
4yb3ikgJkgBNTSkGm2Lvhz,54.15229638439307
1yCs1b8JQCzyVgpsQCY4Sj,4.427041726303069
4mbOTHs6heygME9uDHg0mf,35.441870396514034
6379OM1UeWonOckjr8ikLh,53.17045267740948
1yl4Lly0mQBJwDeocjsbxc,42.01110104492595
3LJF72vPczYb04NczDfAYH,1.0183893946464235
7rIsY7FvM3KPjjn8HVgj4N,42.821115842052066
6nc3d5wRTTzkZo29kZRr5r,67.75617369761756
5tlKygvcLAJr1dfQ94OsTs,68.48215617563903
2QnK6yqqcI4Q25DGlDNc9Y,45.36662603082324
7yqidL1A0Pz68SvDCNE0Vg,39.650069795566964
044qU7kwVZaDwzWnRsmVVL,62.34120625652965
7vUZEGiBy9oZ2LxRnIEbs8,62.74033218036506
730BcPQOrjKsggqap01CJv,37.38298731087785
6dUGQzqCA18wKzVuiGttJF,52.111633624674866
486eCsiRqWYaHnfeuiIGey,39.098582019804645
1veNS1osFHTWf2G6q5AbuQ,37.31505133774473
5Zjge6yCThuBMdnJdOBp9A,43.26794414111007
2IUkw09LrFwfXNRwnecgmG,1.9975972744841415
29hBRadFZf9QTGRHZmxm65,50.96847357436003
1gqcQWdsH5d141QcxotwfG,1.1209509541097102
3ghuZcBkziLf0HU8TktqM4,33.63063185901202
1hRa373L1NxacnE6HdEVSF,41.079958870650096
3lRzVvMNG1QJcHlhLXM0lA,59.73933570066705
2ln8TMs7T1zEctVoifIXjj,44.625237930723955
6TCk1yecQRDU5sXG3vjTYj,41.28562151127093
4YGhDHkR1cJAfpjLHK7uz4,1.6506245639768296
0fdN1fuFWKKACOGnDJmyiC,39.16009730566111
6Xve7pWqzW6CQV8mlXzpBe,25.56584597541404
4DmBVImaIhE3RyNvbtZTTz,57.16567777929976
76WNl0hDHHxTUhfLrEIBSm,67.22035434189006
6F2vo4sxRNQ58VYe3pdiaL,36.51685352520852
5cRPdqpWkaNmIbPi6wJDg2,55.43087979996763
12mGwph2YzDIlChtq3EdXP,58.96687840339064
0oWHLtxWeMJhmwxtrxhNK0,39.504733032966115
3UDmHZcBTQp8Iu8droNtUl,65.527813663101
5a4MgIUSf9K8wXLSm6xPEx,54.836340153118115
5LuXEmya3JlX3ZfdudPAbO,26.48811895534071
7e8utCy2JlSB8dRHKi49xM,50.646464394705134
6iovySmAVi5FSbQgzTfoAG,14.87382426539405
35G3OPh6mgKHN9I0W76Ybi,13.745175624039126
0gHTo7KKgfNMMqjSIAZSre,28.783485162757348
0xgdVxRQS6s35MtlrN3P4C,38.731271522656904
5Kjf7kWia6Ey8nRM4Mgj5l,31.331879563690247
5mv3fJMtGxKUoDVv6R3gVi,4.674267127019477
3VXDc9f8J96uBnAAeFrrmw,55.04991937160611
0L3BTsSDXfdRlIyvKLUcST,32.3367854583297
1QSxLf1ldQnoBqOoLKQT9e,60.348463576076526
6XN91pyNTEtP2o1SZY5Cwk,48.54181786150043
1ZGRG4rjkltlWg6jxcaWKW,61.72486576813725
1wDTIaOD00oYLgQn37E1SC,37.301538041015284
6J2pC3j9WF4tVJo4mEHZdn,38.5974784831012
7qLqv48Sl8JTFRlqotyvfY,31.40006204122897
27HnK724hIqv0Td5jT33T0,1.0268954073243646
0e5LcankE0UyJUuCoq1uH2,9.09947993790762
48b3btPS19LeSIgOsA8q2c,1.6483854438722283
7rwW1Si2yr1dlLj6G2eDnU,41.212416120441915
6vG4oazWuYOaMnHyLJmOMe,60.76512741986393
69MpAbCg0X0HVUoGcprfq7,79.43983129105976
6zC0mpGYwbNTpk9SKwh08f,26.07429356394525
5kD9T7GForh8LnRz5ClbL8,47.42906986304262
5pPfqZ8yDJXhmSPaZO9Ir7,26.277110600439297
0Qx3WZTUUmcyKR5jCDWojv,58.0816427196714
1NeQzAqahRYI09bgLbhVFN,61.39324234122145
0ADZ5dmXhlfzjMw6lefoPl,58.88322970683639
3NUXLtK8UGdD8TvZ12b4dD,53.38305594628407
6mZcNu9i8uhOYMiEAyEx81,18.8582866154453
2aRdz1goHRuJ2FkDw3vpVX,37.48190039654802
2Y0iGXY6m6immVb2ktbseM,77.15795693388299
6uW0PIRcyZLvkoonm763xD,52.046982853990166
3Ibuw6J8n0axsBfX8zMqSr,34.391986565497554
6siDDghVE7fxel5o7fE4OF,50.51605469455361
3bWGaqVeYKMlLss40mPgNn,55.67987151800597
7mNlE9QwjGnxPH5TQ3wuEp,26.206501297558148
34vNlluk4oi0Sv3csNs1Vs,35.39619196660674
0DNk7lEqDGCN6nDD0H8emF,38.68528138990651
2G1tXoGBaEMJ7FKGnkf6ud,49.445983229642316
4JVcs7AUaMK1X8aHFpYgNY,40.580016107340576
5KZl7Cymt0Vm6ol0ErO2Sp,8.709721265382168
0g9NUt0uI1HSWgkLynXRbP,58.57987269994811
0LtOwyZoSNZKJWHqjzADpW,35.66652702728124
7BeyKNY20Ti4CdpxnyUKSB,40.65539251767823
3BrWLBC4WYx393yRUOlTih,10.311962892761976
77Y57qRJBvkGCUw9qs0qMg,65.29191253719254
6onJ9L9XvgDuXJab5LtQTI,36.09442007806896
4fN0dQGDaV4Hg7Gd7mBOE0,7.264729077532056
14msK75pk3pA33pzPVNtBF,79.16096144567032
2D6S2O4uicZB3IFIDKENcl,23.13541730738736
4vzk2UltiJhQavDEOASIK9,49.97416182097112
2P91MQbaiQOfbiz9VqhqKQ,74.28751271028
1esE8j1nVyzEQ5rVhYXoJT,58.41369955442671
5HjBpej4uHPAX8sMeUFJms,39.30485891105988
2TNPagu8Z4zvDOpmnktF00,41.31263107336583
3GHDhZVRhSIrlWdgxch7uA,39.53003517641193
6MgMEOCGht5CdHn07uEIU7,44.65353435301497
0U2TocFjqul3sis3sE5jZl,41.68328252023651
3VoiRl0qG64KYMlIHz9XCv,18.270121023608684
4TuolvR6umOx58y53a9Vak,40.14624864797215
5by7gtiDrxe4n2qQQunL8S,56.60542983145366
6CCcI6EsbZ15NsCAMJAkpC,44.08631065196009
3A2OHirUAlQp2x73BJlEDA,56.03109387163275
0CeOseGlRvn6zFoMLDvtsa,34.37151224690276
0J0AeuBkJeDOKNT2mslSZr,24.01992518360598
4dFI3oZOaZn2iSOEUe1FFO,45.58816727165952
3Q69IS4SzCvFCWkPd7o7Ny,34.38993529361215
4r0LAir7t2WbMTae52XOo7,0.0
48qKqo6HgIG8VLN4CpYb37,63.095721103158304
69zxj1EFDfAouZu9JDmQld,43.31923590347399
34vq540jPfrXKt2aogxib9,37.345056759520695
78i2QPC8prEzftYZrBjKOM,41.7230091602929
0vnYHWczAoq1PD1Ff6dUGI,34.638860593898485
6OSs0dmcVqVdeWOmsaA5g1,44.899897311566214
2B9i8K60LxOChRDUnmx2Fk,6.697831214542168
5tIr2cGQsj0oeqLk2tAU0L,62.59600053522796
6RyAT06uxBnFt4tHNOk8Tp,30.086607522206094
3eCnsTxwGCSiADS26T5ES7,58.4373379408277
62UEqfAXpFJOLC66EqM7ji,46.40074795413709
55Kb9jM9W9s9axYfaZ8Op1,2.5895781187031
6SHSvo6OGgpneKfsxFGhhk,53.35931731269517
0CawrCDxkBgaR2ImcpQYMm,38.924378033722085
1G1Z9hpmbR5yRBBFRzu5D3,0.0
3X0qI1VjyCv7eiE7bftaSL,38.06982343731114
7bw1XVQuxg9SmXsoaBWcjJ,21.161534569996604
3eYCJXTViFwl5mdtcTsF4G,32.209785823477844
79zshLLUoqncCBkd9YfVUE,45.61433723628854
3towKHKVOXCCcL1fHv6xFO,38.47601123043397
0jcnKiHDwgcgBUokWDckX9,1.9629276590596854
0ttfJZcKq7E7NcIldlogbn,13.41575935589173
7ro9q9n77tluI6o1DgL4Kg,32.88350267729317
64bYbVvaukSYcWrUrO6klS,50.747069098113045
27LtwN20Rvhi6LVmUaaucZ,35.55995123783244
7BrsBU0BAytRDvROM4yCbn,56.481086527389266
7tZQznsUajYIVj4IwALXmz,62.15426076222417
3vNirK8TosxVKYeZoXpIxv,39.70129041476432
7i8OCYUCt76BjxFPB6bYNY,45.91765918601953
70RrIIfbY4OjEdX9xnVr3X,44.65012630711145
6ulPbMD0AFYuSv5vKFxd8i,55.31237235549319
3j2SaDGyzZhiifh5g5tmNw,64.29183492959852
161DnLWsx1i3u1JT05lzqU,60.78923982131484
1tIq1IvXMN4fPXNYQQenfn,45.38824061800419
36orMWv2PgvnzXsd5CJ0yL,63.91380691291339
7kEQvD0bqdiDh28wvQ33ZH,21.426211130200066
3uVE5vLKkigiWBOQEgmdDk,71.58847258262817
37ihcbpKwRGlZqmSeLx0Gx,53.00041767894806
181I2gMZOSj4P5nB5gehEx,49.94718782733483
3nx1LABlssQw0JCmHTWMn3,62.16193991163096
7azo4rpSUh8nXgtonC6Pkq,49.79660087219286
5qKqRkWnRTXNVWbEOOmGxk,50.62128317467929
10GJQkjRJcZhGTLagFOC62,42.378267033442185
1i6N76fftMZhijOzFQ5ZtL,23.06469052718414
3A47sbm8jQSMNyAtLHk9Em,0.0
4qEJ335QcS2azvUJPgHG7S,2.113523025964858
1xZS63xkvT4f8r1SGpePtN,24.521686282273336
2HsYjR4rBa38aePVMWL3zb,58.58920214757318
7u6aTzXw1JtiK5sr7XctFs,23.316862502754315
5KcZcZOfq0Kwpa6fhiaGZu,33.645397947995754
3ZbrIs9xvGTLtHDcOel91B,26.814823274046717
7rBuZl6EfQGqQc16peGTS1,23.706647740249693
6B0T7mAx1eIaVSzQupcwTe,23.95341539786601
69Lq3BWssbLhf4QDRtFY51,55.67030033103845
225xvV8r1yKMHErSWivnow,49.268927415329664
3ietiUYcpAjD0burVmHBri,30.642758387603006
39eL80vvxZ36RXKfOZgrPb,3.571804673507307
2YlZnw2ikdb837oKMKjBkW,62.83091572972908
4S8wmEZy12C5UJUU0IQUee,64.07568982758112
1DfASEEKVByFKTgCArlkS5,70.6164562920935
65c7ThLCjdleiLILiri41Z,47.228506293758805
5HaTv6nHDSVO1LqjwoP7RA,55.43959285284218
3eWv4B65BIrhqZqj9odCKP,49.034770716780315
2PfBSkCKZDXMsJogMT0wML,42.28693642677712
07MWoC4pmDx3N3dEHvRh88,40.22374616303667
5fgHQws1Cj6KDLQmlqM6lF,45.769408329775125
4MPTj8lMMvxLwT3EwuXFop,49.75650910019362
2VGQ342iuqj6aSaYbyBQVJ,33.61902290159349
7r9n8i6kikpwxEomUFujzY,33.492598094143865
4aWE5S8LTbTBeR1o44ozLu,40.93085156886717
2oPv5XfZvGsPD8m7oBl5aJ,61.89492661912201
0XthAWvbDoOunjDceV6Jq2,66.4676487786367
33zkGcvdzx3UPg3AKbPpSS,0.0
6FZjiSBSQoj1geAgXjvqez,61.11549597796918
3lWCa9e0KhDghboM5L9C6d,43.27839206666186
3UoApjQ4IttQXTAAS5ucKL,30.908957391877276
522Kz7dt6L6UVoHZzXpgkn,42.730139368373
6zKF4293k44ItKWJJgrhXv,61.83761302730334
5jRM57e9BCpKm2F0iQmReN,0.6197336841738658
0It6VJoMAare1zdV2wxqZq,60.29213433327093
6jBUP2KCe821yqf1hiBqPR,62.43898200050475
3YRCgAw6nq0qcPpGOb3FZk,37.5706469399796
3KIYGBcEJbDP9gfUqPK14i,22.334921511806673
56whVbEPZ2bRA5VboQPned,44.848287330273095
2mmEOMZRIxWsrAMV9WvV2J,34.797363149985976
62zuXt6X5B6YQOBNFV2eXG,54.88547779764886
7goH985cO5l8scNvaYOmT3,28.030174317441563
0n0eMsX7WgEtc7dlscbuKU,20.079789890606307
013TFRzJWkT41RRSgSenfI,58.00973361921855
0hMmCpvgtjF8ZUsbl2x0Cg,16.81425480597553
5pIXg8cywRwdTyFeVsWtht,21.01573229844917
1UEj7RpdqH02grDvdxTKLP,3.5100881984259513
3G0EKJZy0j3rMG077UawaC,69.34011477310666
5rDsAMjmB4Qa5WNciJPsfK,41.240516042206906
1gTzghZ42RCmFTPVTWvOIb,44.517509894879
6aF5JtQSrh7wNrkDE9B0My,28.037282048548356
3IDxECslyQnrA8IFZOgk79,34.37509881572522
741OE401HO7ZCaPhEqCZ7w,48.5837636615933
2awk2br4XeJn2L6Dl9stuj,34.9137816438852
5tEcfo106PMFTrnGMZ5rRG,13.854656869977543
4Qt4C8wHxu4TSjrUivLy3O,39.96805565010758
0Lju0ckryBvpk0uTt0hhXK,28.824637769421972
6gj08XDlv9Duc2fPOxUmVD,62.49415479112068
54L6rC5mpGdFNgYnkIAogl,24.994564377590674
4U4LEUWV8sFtos5PdjfDA7,61.532800599455
1nE78lQ7ix7XNrjuzTE4Jz,27.582402751881208
0xHxeH4QTqlfNrQvczkoTA,49.73268633167667
1TWhpLaqdToKoHHpFnCxsd,26.042752287681665
68BTFws92cRztMS1oQ7Ewj,58.72290402981825
1qjrYozGqc7upUgfN776lZ,61.29315382036992
3bGajsf263P7JWL3p6eK90,42.156273963881674
4qIF5fVTqtk3zPJsTYzdoY,24.618569921724923
3iujc137OCdTRNTiVTdwpK,6.936860468071444
2xTft6GEZeTyWNpdX94rkf,45.55618924589645
4OPCYJakyUV0h6xVFFZiVD,37.6602733560846
52KDAbgFGCXZQVlOXy2XIQ,30.129835737502138
2P3SLxeQHPqh8qKB6gtJY2,55.92457874696884
1d33rv3YwKEoc7rtTVWCqt,33.763640436496445
7busfkOzRWvXsi009i3FUO,41.59470627636456
1xEOoCGmv8rotFDo7n8GAg,33.78878567766596
0Qo6ENwrR9bj9nKWEuNslx,15.561912258824192
16UK0laJ1pGf3va3kUPqZf,24.43729877582067
6gZVQvQZOFpzIy3HblJ20F,70.81724343728129
5yDL13y5giogKs2fSNf7sj,17.854509057691672
0QSx3sQoHPNUfg2vwh5tOi,21.72948334525208
3H8Oa80ZmlKsY6WGWwJOmy,37.57823415271814
1xbtojAZsQjOgiGdGX6ChU,51.11438977772452
3s3VVLE1kB7Xk2AoJKlGmr,48.48737757928733
7LRMbd3LEoV5wZJvXT1Lwb,68.96865678774687
6N22ySkUN6TD8qYGml6003,34.30654979097529
48LSzryqsS0K3oNJKwBtEP,39.3439491281857
6oMZhY0f1ReI6AJDDYfuSb,33.898628459705904
3TU1H0EAnvbGc7IzE7CUn7,38.94400628041979
6N7ahLwkE8p1e9v6GIrp7z,12.321844932965915
5Z9KJZvQzH6PFmb8SNkxuk,84.02832785764102
4YtsQv4fham2xoPIQ8Ho9Q,44.79410423746762
3CeKc83EsgRPItgvlDHo5B,47.11344416378739
3NLrRZoMF0Lx6zTlYqeIo4,54.833428716447635
4xNRAFyADjMPrBHl4NiqmC,46.06343284226925
4Cp1G28atULvUeanW3vomY,24.36343048994448
0bICb3YSdsgg0lIYPr6mvn,0.6281582900304034
32jIZu0r58awikPzy3kIR8,50.85711781045435
3ZqKbMO9UasuKgQeGT7QZS,67.31503965678576
5eGsHi6RcL33gb9k89UYaB,62.51263027200222
00ITtxUozN0vifE2uYvtqn,45.26606340976569
1vtHa69RQqnroGsWQuyp05,36.347597368232
3xVC56rIYsxy1bMuf5ijpA,54.02641773479624
77eDrs7w2utSdbBdpbefol,39.29822211100697
0SLtqCrXBRrnkxSOMA3X4W,72.81783124288322
7AJINadgHJ1AJITr6U65yI,37.037443376157654
3NdZOLiujwW06QYApQqQoh,23.380789544324813
5XAPpyIoYF3QXP34Hv8Pvx,55.180293737684934
5uuXtfqM7Wp3idCxyHeOll,63.73512125192883
2EIaO5knwUA3F2qnf9LV3S,55.73270444033655
57MWRhMsRLm394pOeYup4n,50.92583543004963
7k09lnI8FXcEREvDps6oPJ,36.769531209666994
2gSyc23Hua25fqSFpgAh6W,59.09796791795273
6M4h6Y9aft9icQR5nuvSTy,20.6205389345876
5GXAXm5YOmYT0kL5jHvYBt,65.05726297210107
6CkLcIjIAWHJp3nZWhNQvF,12.204000190875572
4zFDDTSInTkLg0d0KzxqJj,43.686920623900384
3qyeNnFY67zX6VmmIbzPsL,58.729569365471896
1sL25mF0g1qMJbAPDfacum,13.113718959500787
7MB3TlGuV2oDvmkZyK7NDW,21.882796754872807
15IuOb99czEVjmWHXCEGBJ,35.243506736118626
2mI1SPVGokUeX4ZRRulIrL,1.1835863028856626
6oNU9YKF6xVDQvOB2TrYV8,36.9071217998008
6jmbmsPYXhA0HHQ7LSxvyD,4.268176601988715
6FhAMHnJWfTsUtn9tPFa4Q,38.990383676627275
0ARK753YaiJbpLUk7z5yIM,51.12339068477086
0pU3BtslOPzQIhwgdZMd8O,26.76514726517483
769Fq73HiVK9qfOQKKvpLB,26.391504273190318
1AHR24HYoVVCTHC5bujra6,67.2572327834567
7c6AxRHaO6nfzhOxLShc94,33.01316506932941
1nzKLH9FeSV4KZdBwdCPQg,33.09340014103313
4huh5oqBz9RkgpzAkyuEAs,53.00545461629441
50zu0sYFPOwXaczd2gAht0,39.48872852708772
2tkuLIkwcEBPr6PICqAaf8,0.8406433356570235
5MiZQMuJnf9OXjXubJP6M6,40.35503260346922
3gEaSrF7vC2FhfAARGeCoK,15.985424345789818
1puTLQ5v3ErYGIM8MwD1xs,27.565879110057054
4eCQkJy0Gq9i5lQqOJcVKN,34.88904099030582
1yv4qlcuYd1MO0LBj9wokm,35.94827421463482
3GRSqlALWISqLeNncZMbpX,77.01298985787179
7xCcUcMcGsIYGKUVgBZUw5,27.77713052030768
4jEdoSDTKhIwu1OcyQfcrw,22.14570271528348
0jpH3aJTsu8PNTHO5TzWPv,18.783603115816494
5ZY7Gug850kv4heJcWZGHM,47.99212157692142
78aWb3IqcEa8n7mInJiatR,29.112486459541618
0bORa4VpL8NzyMXEI6UFGK,57.042731675596386
1RGcxEKlVL5TSMHqV13etr,66.29072250309979
3AjZqmRivJhEVqbliY3yJa,28.21454434818998
45u1g3oY1Tb0Ibmlwqo8f2,3.109663851141075
34Hdo1qNE9qyx3Pf1TsBbR,38.34022367412353
31i56LZnwE6uSu3exoHjtB,76.6779786366465
2QkLuXpj8hKSfajGNVvfVX,61.43119183092582
42tBlHWL3VfDkUM2iWcc5p,58.440060023620525
1f4jpmUuTXDcFmB8gJiO6E,49.82479336455325
5AYPC1YEJdwPqnPz0Lib50,55.3459692720815
4Ce37cRWvM1vIGGynKcs22,38.91684869919509
4OI4viYLfwLgFa1lEXBHVA,66.16748863385861
7jfZybgHr6yzp4iuMS2K8u,61.20595119100092
77RFXda1NeUkBIor8iZYJG,42.70891213092919
104buTcnP2AsxqB7U1FIZ4,24.80230028690947
1DqLRYf1IrztVFjWUme4oC,38.291004154660904
7q8P4uyBBOW8VadS69xgOc,37.226976249884665
0aMs9TzfoK8n8nRxatnNkQ,38.78743531325531
16ejic4tkC645g8FwuqIHA,0.3690295994681841
1wYXIhJXqlIAGS6sbzpTL6,41.36147049251708
68V3gC4Bvj2yH7KgM0jwSd,38.91670783874235
6FQhXdQCiGEwEdsph5W78h,58.00790679850189
4aYOQDyN2wTOlt2mRQ6zef,27.550838313648462
7eqKxh6djiu1NqW6GMjHIJ,42.61265023219112
3AZ9y0djGcK0kcOkCxuUOU,39.82908276299307
5PntSbMHC1ud6Vvl8x56qd,54.692236722585974
5jGbxKNLOEWZoOmVpcYbJO,22.101242032733463
0n4bITAu0Y0nigrz3MFJMb,29.780058476925
5k3VjTwIsOjQ2woGz3Yx71,39.863359615645734
5jaCENu4mOuHJoAyAbVLba,40.19645842103194
5EUPK2x1wJ5bERxjQ47lKv,50.41435722725508
04aAxqtGp5pv12UXAg4pkq,58.149718779730414
1CrCjB0ihP0OBPMHYwviF0,30.46376897874968
3Fc9ucJTAFZ9NdrAZB5tF0,30.171713199889826
4rfoxdyoyZc9Es4TitEpMr,31.002134437616498
6RtnuC14DOUrvpRgS6WMQX,46.060005190175836
6zeeWid2sgw4lap2jV61PZ,73.5106742694404
0RjuP2ncb70tx4f6RdwaCB,36.49833773558631
3ZOEytgrvLwQaqXreDs2Jx,64.23517194432313
3kzmI3qZbtBKcVfiUyT2xI,42.5749395661225
7xXdY3jDGRj4szfxDrl6oX,46.79678202839883
0nMhDSuIrRNmQm0MmTbXIe,42.46794551908695
0tkBOcK7oRVXQJY97zzSvr,66.93903815221476
5JtvedSVWW9McnoEAPJwQm,69.41927075458312
4HXmYG1IR5xduvxTnr7fAp,19.059631781564214
0ICSJKAcCQ9dhKXrJ1kRnv,37.68825341561838
1I5PbTAcWMqV66XR8B2vzK,63.98221044215882
3hRwcwpkOenKHjOsyIwTxf,8.505624187898361
1GPRHgVXzRfzoc44HEZZQI,47.63471174675195
6JCgP3lmyFmpYKTTripIq6,37.28031274867672
0pLfv0qTmH5AG2aUQQdkBt,23.49591741268575
6CmXuuXstpcQeLL007qdti,41.5261233019811
1JrxuCpVd1eNiWqNmqmI2j,41.81939928251327
0wFmawqundY8rOn9sZUqA6,66.10648425476359
2yPNn7KSfUMMu2jSRwYjae,40.65612062349118
6OSmeoh8kXhCfz9WqvzDoJ,27.58399500976369
19Hg1UCZaCdpHB37L7x63X,40.40794977800018
1Ge8R2h7W0IlaAHl6Q2kM3,23.374412045760707
1Jgaw4deeHcbldSmKbP5h3,20.624899911202508
5RjOdVrGkXEo1hEaAlHgq4,42.02786671178771
3lwgTWlafjM1VGG8AsRl9u,4.88547353941959
2FkbeqpCrjjDdVH1SZgDo6,48.51904611832834
0JOw67rq2X6NDz5AJP9uIG,50.86919088564633
31010AUbrLuIM46ucf88QA,25.052750883720613
25rMWDcZtRw4HBiYby4tBK,37.630312845783216
41Fflg7qHiVOD6dEPvsCzO,52.57014811891138
3vNFsxBbA4dPkymPF5Jm1b,50.90549346167174
19EZKr7Kf0XWCcspyWL8Rp,42.80103268860767
0zt8GJzgYpifvQugGDiuTk,25.54096474980365
33IPzl4qNKrI4UsLVemh5U,28.399422873654235
2plHsnfOSAKrXqOulEYPEn,61.67018159833844
42wrGE9uzMGFettCcPThfl,13.854656869977543
4yffABDkB5A9flvr9vQFck,45.00128031563099
7FGuyTjqH2dmk5tOUPGZYx,41.22478312415261
6avU5EHB4NNLv9RItX9pEb,1.1209509541097102
6QNkLUwipUu4QMGyCeJQd0,38.67740332595337
4yXNMbZrsFJbPTH0WfhwEB,37.54463982280411
3ixyQ0IdbbDaYOyodp6hvr,39.82957691268713
7pluJ15vmT0NZdX2lmIbBI,65.71547320977338
6aLt4PslIzYEoNx5opdeWR,32.89042863716701
0Bd3oaSitY4a57zlwV9sG6,48.18290220517066
4F1yvJfQ7gJkrcgFJQDjOr,65.5731370837458
49fsYdg1kdM5FDwyuUAtSx,63.27732726488598
2SI0lVzEn93n3ZuJqeUCIc,49.45704160010696
5EnCFISDzoIMWMaicJxxX9,66.29194785033519
5IaHrVsrferBYDm0bDyABy,53.11237074760721
2GJEMlKxt3GL2rJMOTET6Z,48.367590615076324
4J4fFMrP25pj6uKOyTIpcG,19.740809800517916
7HziDJrMMjIIt9mw2fJ7u1,35.880918313526905
1057KuzIH4fWCyI5Gb5kX2,51.50887888465554
1CGuP5K5NdgKYeCCKtKdGB,41.22229456088282
2ph6BRhGcUzc2W9wIulG5k,13.420629996295734
7msanQSPzDtRboYSinCW5o,51.91131546669719
4ZsvhlPNQgrwpZABfwG8l8,17.20324112675301
07yM5vxBxAIXWzNqu1BnF6,69.87531499222897
2UK4qw712yzFh8vYYJGv2B,62.34704028671557
5uImkHXfTLkNYwemtGH7kB,38.87427148843308
2W4HNWdpmrg64swTIK6TLI,7.913219752160354
2XfkKphS1o6JF9N3AZbVju,1.569227232606883
74RFiTUWHQwWbqhVrBfKuW,24.456937654906277
7vUvwzUlzQMyV4iGUgqvoT,2.2086834570634797
7wdwIaXUuzlu1grzWMFRJm,25.957590818715563
7gSeGMqiOrv7ftmxYLFaOA,60.21679387874683
556JR8TWeOKA0OH9MJKb6B,49.83414757598666
2cmyKUsMTBi9j2t3uByzfB,26.820145272525668
2HB0RLSCaKALpRHFw7PcOy,45.297344914624226
6OmknRIYvZmABONKgva2GK,15.017254014887735
0iuRYmJA5Oy6GF3wpibS27,36.739386118869426
506La0sS4cMOKiMRMKlsrG,15.188726633371822
48ZUwXrEOhaXLCxvmRYhZv,51.64677738913642
6diNIDVm0xuLUp2tYDkCoE,13.386704799438617
4Msk8J3ymLJNpxTQ9y4nfR,31.17776013491467
3S7NB9yGDk4HjbHxkqzgK8,29.457751781406575
5psbwXbjlWCqmLVzIqif7Q,63.85634436023392
4tRTglAwmKdf6ir90DH5pS,21.21478772335969
5NvOZCjZaGGGL597exlQWv,75.90129421297158
6rmtT7Y8cH7NpvovoPiV6k,47.52065930658459
60S0MHNzjWWE0pvfP31ffY,45.31598087410689
5zM3ge7sOQE4vyjEjBzVL9,26.767135213050555
71vsEyBd4X1D5BUmLdFSVH,39.38926794362934
4v0134PgBTGsFJiGcV4eJk,46.25628393317731
3miNUXAGvMFePI3EwItWWY,29.6017807061043
5cE201rNvIkryS8N1dJ5nR,51.5685412850646
4gzsuuZypVbxs0Af1LSZyB,34.02453622678438
502YAAGo4tiKD8xIqa3M5N,59.1439145010627
7ILVCyIphAqzSgy5DNWuu2,42.11933031465753
2d1qiSnmzS5jiAAss3Svbr,33.12553114365549
7JgG9KxAl0uhCPOLSdQjlg,39.056276289903245
1eqGYJJr2z2GXK1i0hD3BC,53.324699855019716
2OLBFXBmMc43M7H0YrHcL5,12.54084133573318
5DGvwXAzpohcIjQkoPcWUO,42.63456412658248
5Mggz5o8l77QsLYvhfs0CZ,41.22240677370283
4npTFQuKygDyXdExVLJ2de,53.33767018825399
1RRKJPVnNwNZafc3xubwX8,19.997262490775725
5ghIJDpPoe3CfHMGu71E6T,62.62855649807784
2NV0oNAYgjlN27SeNIo8bL,35.5066483074644
6WL8EGMLQvDTWfRklPrZjO,41.274756467691574
50KzUnn80DNmBJJPx0Rynn,42.988067106218665
2j6DORpoXYTicBm4hl5Ztx,45.477177530002656
4ZvzH0HKoh04HAgLq9PfWD,58.58854734194669
02gH8djuf4t1V0aCaPBfNM,46.688737214913225
0Ac7MrpcCf0Qj1r8fPHxqi,38.60805731283606
5vqPDs7Edwgkdl3hL56w6h,40.65596112506616
7ch89fdAaK52QYF5QKUUab,5.694777280858502
28Dx1LdHVYVJuxclLNT9MC,1.0183893946464235
1ARifmfUe56dVQS6xBZgLr,31.791114111666335
3pkfVWPONcWQU5UAxWyALx,50.37520603749177
4Znt4ohK6UOUphYtdoxIKQ,24.015540660587035
0jG92AlXau21qgCQRxGLic,69.43346892565802
6qNY8xr8GNcvskh5GkVS7b,49.402218351487456
3OfofodOTLTtJzVXXkgNW5,47.02858779373697
6cR1U61DMpYbS2TtNTlSvo,51.20633402196237
7AjJ7XxshOygmee6CODfAu,39.17763499538445
1sCl8sl2EWfFHNERnOJoms,54.70699332648493
3U4LgrkH4QBt2rv6hyUliD,26.442180299570737
63iWrvtycN9ro0gFD47JpU,47.73126006066244
6UGpcXcENaUqQKPc6oqOe4,46.60652335253871
4trhHl9s0gsBsm2FLPll03,35.67831313578705
2z9YkcLojiOE7Eu2p9lPZR,17.165350886016505
6h9xi8i9zVOXk5FqGqcBNH,9.293197328670761
164OhifL9Eld1xMaptReyR,42.597244391671246
5ksFMdZQyP8o2yE2TqqHlX,43.44289656538053
6pO9pxKxrIHuTRqK7VLP8B,33.621486963970035
5HKJl9V8QDMflGBH0jFS85,33.893614014203116
5IYqcX40Tr97RZDg3Sifl0,21.330279695286986
087zhxfoAGzPjlaGJz2CuR,24.277528247484096
5BK5IvPzmTZBGsCnYRjSue,59.7407465348162
2LIoLF2jJrHW7SK8F2oGVW,32.17191168918949
4rS4K30qVDExdjeU4feF4c,36.511607307501734
39lOHITmszIVH9WF4Jpbum,47.56296995566742
5d6ZRqgbz26Sg4bk1oifQw,40.233359914598495
70Vdd1gx5tn84jkAU31ASv,54.1648361704561
43z6scIZU2QcEieMQFAJRG,46.92010222537941
6MZ91tbZxwwqimJffOoLsW,50.94496176314746
6jmTHeoWvBaSrwWttr8Xvu,39.96744840470436
5ZIU2kT1wNjQNclQeVCz5O,54.35430512821504
52DtQQcCl82YR38T8oP0WK,32.982644702577495
6ul8Krzy7gmzTtC0I6s0T5,43.211530855296616
0RW1xWSPxmbXf012RN3yWl,56.19352181244781
0L7TjIdcVQaDlX3nQbMdQC,50.910872863575726
2VV0eDxSkOhjZFrGsgT0Ip,39.535707249238406
4Y2bR875LdPq9JILrY2FSw,56.24451737021135
050vmlJyVUbjkJ1C6hrWKr,39.46600017630204
0JiEGVMAF8wzdnmXVNxELS,37.49951881839282
3oWv5qDKYN7MH6FdlglMN5,40.551225700063796
7AW4g4I9fPfUIyqtbsuAkM,61.45984746138238
2VEsmoek0sol9MnJFyoG9e,58.95815438745406
7GHf8dQ2wA71wYOuRsQCZP,1.454716863219359
6mBoE4SeqM0zYBKFvPB5Pd,28.069133786914676
7tgjDlQsMR8RvkdlNCJA58,69.9355787771157
2VDkE9sdVpQAgEqH5fvTMV,46.901501517327475
2KrN3MCNztKcSleZgHEj83,55.47630452751242
4Ua2SU25r2XCnT8CpmYAyM,33.20569913047834
2jTujnt0y344ai1rNOywgr,30.20393816736152
5Uel5PmPBZICA0TQTI912U,41.22592155865269
36evXa8bNvfBYNzePEWhG1,43.88494031829531
3u7pHtKn4sU86VzJHM4Wbw,22.163602621666872
3bRcSxW2FnSSwrzoYT1knV,43.24962244679694
2XCBqjHk1WqF49hMs6gxZN,27.065959652455327
48cDp6sgNIuIHrxtuhDRrg,27.63071537327249
0SqqAgdovOE24BzxIClpjw,72.16021502865354
7layOOgCgrlfSdBbOWTxzp,0.5857648013956613
6WK9dVrRABMkUXFLNlgWFh,51.668691882804886
2PqRGBqhO6QoIPyhvQSFCl,40.573241402815626
51FpZbIYAtkWtbFzZVLxUk,45.98910543630986
29mtZPY0dBU9WJmwnOig3E,50.213495728664704
51OjUIiXdsPCr52oB5ntX8,44.73592379809572
3PkLiVZFchdmUluS9QL8fv,55.97078534171008
45GshECNB7YmOu9yM8Y039,61.24938342991242
49eU6cfKOpuh3DiuwNma5l,11.231328046476944
4fsyPCAb55yWiyJVbDJLr5,51.63259505633882
4Pkst1hmHJ8dUdOaBqdee7,35.32276171952837
3A6nR4GSolo160nu7xtDk7,2.0518637231081187
4nsRC5m6nhWEGytiaDgewc,44.2504895766462
0DgOmXeyDY7mMqcjelEqse,27.416042764653923
37qI0mchgzUSeUhPiwUWPY,47.62520096104477
0f70fllnpYQJlADzm3dkEX,35.418158779510335
0gmEt2nKOssVRStyUmjSpE,57.3015120420911
6xGDXrZQoisoWkKWsgplcZ,36.95371018537511
3HVWdVOQ0ZA45FuZGSfvns,56.53206658425645
0uRzka6sn4LVUj8sHQELYz,36.91653643647138
7hzeu43gNUoHwh5CQrl3Jk,16.767860259087648
2KX7ZC9JL8BAeFnCrcVRHE,49.06570265078147
45fB0PhuWRLYK2teusTMt2,41.6684891843389
68Lpc1gRqriMhm88ywfjB8,44.03301538976138
6Bjtr3tPdto5nyuLYf61sN,44.91611711481778
4eoMx75WWJVa0Q6lO3Q0zS,1.0392924266118648
1UfJ3Z0pPyejEKi37A0utw,63.88591006976422
7zNfYofQ0mkPo6oj0jjRlb,54.63265598511586
3VDcmJe6TSGy3MfjhHdDOX,25.028937867035367
6XaR5tiIlnHcAmX1ERxUDE,42.21659413191193
1E8A6Ceb92WBAe6mUxCBDO,42.02057514828161
4bbqwN4wm3bOHsCyXPR2XD,31.79419930585819
63XrYsnwOnADHy8HRkeKWs,40.25657071576973
0wJMDTFRqqzYfBu1LbNBeY,5.611472881311552
1UwUhKmFxGKs59xiWO60Sx,48.462653275250425
0Ui8KPWZbJJQ2Y0CIQuVqX,60.46715797668026
0wQwka6aD8i7gyhpGFNHLm,0.0
1qDrWA6lyx8cLECdZE7TV7,1.7040105651293518
2k4c9ZAlIYHyXiJ4i20FO7,46.07455366185746
6fZpcVRr45Z6fLtciswBBU,57.722037731366306
00GxbkrW4m1Tac5xySEJ4M,45.068649283915626
1mXuMM6zjPgjL4asbBsgnt,62.99305093178617
5penl87Jj0gd1jpMnG9cm9,0.787083265202386
1pwE0jB6MTtTWx8fzqriAj,55.93113375893483
29kvrLzNSVoRiqE11df09X,58.76904240164915
5rgy6ghBq1eRApCkeUdJXf,59.98212652338945
0fsj3HxzBHev6EJ7OLFE3r,48.69838772545976
01vv2AjxgP4uUyb8waYO5Y,42.79096355795238
1Z3mmjXCO6hplvu6l6JVoY,61.568951184867785
3LBOiOKttpjrSeIVjLwkGC,40.955109471420464
6UqRGwjwYL0stXbaodTxwo,41.04578204574441
6UIo6YbaXihIZ72MWUpcGb,38.263148760948944
7zQs5RxMWQBVDTW9zl9CHu,47.37620342161567
6VGLTr6kqyOT9sVdMPia1M,41.14095662179587
6b8Be6ljOzmkOmFslEb23P,60.228384714496656
068LmtzI6xJJDPfPnMje0U,31.641500399356755
2kDuAIr3uJKloU1cnNO6KT,37.58122068533214
2f6FEu22hAFV5KpMklVTN0,25.468787018725184
5VkuqayHiiU5ZHyYEH4Oeb,48.455142674160825
7iOSeHfKU2EhSKcX7TbjKG,54.44866150226619
5XRFBZNuGxgqW8mdAwUfAU,4.325996088809683
6kxaaIeowajN7w21PfMLbu,51.96656867252198
5d1Eidz7m4vdgHsfZRKcec,55.24414998158741
6rKbCZwk0bdcJ1BU96CuW5,50.81974004717377
3O0e0LHTpza0rYVDbZfQ4r,69.31816315025871
5hO76mbTvvaKqpo3EmMb8N,41.153493636140446
7CFCPxGWl38dV0Zg9eHD6q,42.65455560547048
3RTpju2fAuGPRLRW19zRDC,39.20022442593594
3ZffCQKLFLUvYM59XKLbVm,59.70512578811441
32iYwQ4OYiurnGnOfJ1aEh,65.67478309863635
0CWVCIEleF108ECF5sKx7T,28.46188696578891
2fvv4tLHhTfIRuahGrlohs,24.475941280317734
6ho0GyrWZN3mhi9zVRW7xi,65.88584531145437
0XLZqnVwuqsvl0WbZRStel,0.8433917340863963
6Aejb6WKPeP0dYwrE9aSJY,41.623996982381485
4VE3jasMCphS1duMN6RNNB,22.12836784609596
1mYcQvtPBNqhFKMK36Ok0l,46.36292765478919
57TrQP3nPUoc92VsooFB7p,40.52162340933524
4JiuLIWKkLH2iluzOhXh5Y,11.311995067416802
6n9A3tuLQqYWrQyR4dGLry,42.306218853602886
5yqVF4y7dq6AgnNCHnHZEA,44.97863603596588
5RQwXLJCFIG5QLmjga6WU8,6.907436441525503
268KPOIF4ZQM9vG327zhCW,43.97373814491851
1Ph96WpdjNlwD6iKRE2Xa3,71.12148796216341
5uRkew0DtfAQmv0oEYNwFF,51.87587701339087
6bGj9vNSQjLnzFKhCFwLzW,48.86493558315547
0kn3G2T5agaGeduxEkJo1h,46.7033659083416
5uujhDA7WTFfGBkLh491KI,56.642854061010624
2QuvT46pnd93GDBYCpSlBf,44.96478871766894
5e1TQxFlSdcPHoMezJRUp2,39.96320544398022
2YGHCHkWTbtCUTjL0LUXtx,67.20662137745506
5a3ZlfUdkef5uuXYcYNbUP,63.314888723378374
4F6P9kNwtx25mqH1NJqfYY,21.310817457759484
78MLMKaMyZvRUKUyVhyRi0,44.302351605891644
5VIUVUvwHPM2vJaQpznd5W,67.00587047704862
08XmoAjG6I2vbsONnFmDWg,66.1191696415941
6VwAh8Z1d5YKoSWoEaV4db,32.863123616706886
4tnwr1Z0YTGCT8PohX0pKg,55.053746602613664
4C24fGqRUrz3TyVt4uku2Y,44.350993764897495
4f1KbnoiixqLu6EEDBwopj,48.14159312423299
54ZPmGE1uOG9IYoUBSRSp7,32.261120324327415
63WuQOXohQIxOxIFA2K7bR,80.368446097718
0tgVpDi06FyKpA1z0VMD4v,33.840022060347295
7nKXTcZnqvXPHJBbHQv3nI,32.49096010189236
2yHmIxXi48DFl6zQlIhEaj,2.3959435955736827
2ivJvBgWPGLSeTKTrXD540,30.248137006025956
1hV0Ue00iyNCZvb1n0VyGf,41.52496987461445
0Jci9dBlCSDgL5ivMMSAQx,33.96373373164854
3KN1A4XVt5lYudW7M6gD9T,59.8495232486189
7eUfIGoKUovmypD4dxI19t,0.0
7FoW7q7uZGOHlGi9w5mUxN,23.418827219707424
3JT7jb6tjFg4g32fcZO2Aa,47.69429589961764
46bFZCQ2U2DMSNUKGzQUyP,4.1577217710043355
0XX1yoKE6UQzweWOmgsIg2,55.25464855418965
4OLNZ3wmdoMpAjlIXsEEBV,40.98369915333274
5DFnmcshyxsonqTvanqZPY,44.856674492375774
40pPI2TbaYSZlKfV44HRjn,62.08831674995167
5by13EceSIj3JLbSQDvDR0,1.0275619299606198
0XHGKdViVybbZKqEZ2tXqV,63.04599321309103
2XtsxK4mneUrhNHTRs1ZVQ,37.71562832279696
0hKSnTDiSC5Uwz6XaWQC7A,1.696224988850212
2NqfkA2lQHqAezTY5h2EZ1,7.464505482609633
7KAWe3JvPTugKW2zIrYo88,13.854656869977543
5LPcIeLf5X05un3LLHWth5,44.24680654868857
4LFW2NJj1rjAYXN724MiOb,22.360787859365562
3H7ihDc1dqLriiWXwsc2po,45.100185393820595
37hqGqe1Btdp6xuljIm4zL,25.245133491120548
6BDTqdiitPRU8C23zThBV0,18.084407263604955
79cuOz3SPQTuFrp8WgftAu,49.73369609876491
6k69mC6rTHq7fgGHFnk5g3,38.54412420581906
0XFZjhpSKttg8UIA1LEge3,47.57722394988257
2wOZ3MzOvz7IPyRSQ6KfXW,37.8874742966191
6MOEQCtAWNSCmvg3SFKF5y,48.087883521616874
5eNlrdrZSTnfJjXpPg1ykV,43.10656164372901
1ae8XfBQ3fDEvmBjFaemGV,1.0133867202749558
0G7Ik0gmxJBFJKAmK2p1k9,52.43300228228966
6xFubQjHKixwjyRrEJZ8En,45.433788546829604
7rwe8s6fObqAZMRE2B1Tup,40.200816616708764
0nUCaKwNqO5whVAhEX1A1R,44.299701254298334
1f5cbQtDrykjarZVrShaDI,71.64366578206608
6AfvfheW6VzyV1MNyZ9XXd,43.4939455209982
1lckJrIAh5HzJxI4PbronK,1.569227232606883
24NwBd5vZ2CK8VOQVnqdxr,47.672166385768314
6cPqEHMMAbcZHhH3yRBK7O,56.797955751960885
2L1OXzqVPpVxotHfLglUcB,31.81128980330938
7qFbGeqWhlM9DQAwNOI9Mz,20.647462308114275
0OdhpoWEDTLsUcTNFlYkY3,2.3321516089655847
1f2V8U1BiWaC9aJWmpOARe,65.18772236114218
7Ec9qiOemgoYl73dQcCsNH,13.511115514114671
2B3Ib3HUx2fo9ZsEFuwK5h,31.378277237321747
1Vl9pXCmq6m2FbpxqHptTY,3.0324709638860607
7CAhxeaTYXn1qWNRkZl9ad,4.144031042044707
1JDZxqyqcJTN9iAXJ836iP,28.304133962300156
5SqrY9AWeRXqwgLCnLO2A0,3.2838115856983063
2lp8pNSPQawnZRjOd8d17K,57.59375765959961
4opLPmkmAviwAEfeHi39Fc,42.55684830728707
28GbaBYFpYi1J61fXnGSfd,69.35029828014025
4ioAA5k5UMFnRaFmk7T7Jw,45.318704636071566
3K8tRD2Prik7FXbD8lZ6DC,39.352803759697096
1bO9AXIlBcoNnHLjDoBBNT,23.26193507385652
365NFpqKShIPDEC6fxnUNp,66.44406213176458
6cdiviyVL3tFYE1eDcmUzL,58.25835339189871
3FlVpXdWH32y2vK4BABINO,20.593932113756
0KsB4TwgATg88aXCMBoO3Y,60.34950638484272
3zXXm2D9Vh4jven3HNcDW8,32.27122965020137
6Jz6K1LBGmYqirDbkk2y2K,56.35210475989395
6wpGqhRvJGNNXwWlPmkMyO,46.55876844596353
0c3fJd2HRi6uHWgTljIae5,43.90917949151495
154lbtHSyyOt0ao2QwbE4n,9.104022708771868
0C3kqX3iJ39GorFVrNcMmi,40.727743096208926
2s53BFN2aKtiBA93tRQtGj,22.365652512274032
2PS1X5DzUCIFuX4ljfNAH0,12.628489937255717
4IAzk848l23vRjil53e0nK,0.0
4TmV78jWcevcBeObrLmauE,6.081994901184663
7tmfrvAm84ntXtwbn1ybgt,40.99503413723815
4JOyMhad5dD81uGYLGgKrS,60.248494802569994
6tFTvOg7J59fmBmN0NlQge,0.9082933198995027
65mPCrY32YMQlBnmWVrKNa,55.19056197464731
6zWLmJxa1AjS9fhlDtgSKA,35.1869324105415
5JO2usoem1CW1pLL1kLj9E,31.215152789007927
0yqcmfdOv3RuDXKaloCKxY,33.43876522266477
75aDv2QJ4w6ue7C3keqHcw,35.189797648740175
6UcTHiP25meOD9ox8Rspgx,50.94262860103612
0WaaPFt4Qy8sVfxKz43bCD,59.004300107236595
6OWwrGLVeyTgVqJK5j0rT9,41.028899475138935
00EsQxsJv6vy7hEQN3jZWG,47.446460031935544
3AhXZa8sUQht0UEdBJgpGc,68.88516887486834
4t1DkxexoMbIHfSHS4Uiyr,33.61735471437049
6yj6Si5hkcs1khQyzj0stc,37.54661269233927
1tWQK2NoRsWj6JECrLhotv,47.73622304276592
2dvgoGTEjoPWou8KdL9h1g,47.59137004492829
7CaQbeNAccfyQrBQqu8X64,40.93607042998676
3EqkflivbF639pZxjyl7JN,41.45923149686298
1ZfbMOw5VSh5Qqr8hgLCkJ,21.983237248409907
4dxQJF9j2qXqZsJdW4Lg5y,0.8558964007304205
4dY3ZMq5PSGT2Q7zgrpTmm,23.684910110707573
7DXXu7OsYGe6Ulq2eoIYzC,41.714916550269436
6GMeUoXO7Xm9q0U1OziRjq,36.41229008422312
0c1XJUpNzBYkH8PXLLcMPH,25.126541881506522
2SsneDqgO7ZSi6Ktw5RbrV,52.46730578729169
4eucKRPayKSzwxaOOGfhye,27.799057648869375
4lfw4m1ovrPVi2OeaY9FEh,33.88553781154632
2D3z17LBMJ2HEHeBFFjTLi,52.25457318290039
3OiiXdJXUZVprVc43nkYEt,4.454992314732578
4x17P3F67cUBat3J1YRgNh,52.31375427621457
0GOVA2bOtFTAONKhbknj2W,34.81887993758559
5jGUJXnELDaDTgiRjD9lsg,64.74162015191145
2poeTeH4ystQaVualzuBrk,24.586599524973735
2LskIZrCeLxRvCiGP8gxlh,43.07755165735276
6WK7h2WfMmnX7zOZnfzoYo,61.80860907933375
2kVQpubE6URKKj9L7Upk2l,37.85024845159675
4dSAuM3CkN1a9mhqn1xB4J,25.094537311326146
3b6uenXXbpCRxXyzFzWi3J,52.44525055986342
2ziXC5o41KXiw3LoG8p82t,15.95537924980503
6M47gaKejso9772SKTa3yH,43.0390973870675
1sBTqdKiKnCqg5sJCMUfJQ,24.852832697956842
2Uovs7m5wttaD4qkr8vrzo,44.64236885996355
4qk35C5lGrStA7N8XiExHt,40.090069623973854
3BBVKzYSV7iuWutG3saanI,45.68460163537686
3DvXCbvkyzyfRYiWOJKWEr,8.023390141566383
3PWYDDiIbO4gTPArrAtir0,13.706030353636656
2KH16WveTQWT6KOG9Rg6e2,55.22658559735268
4WL3FDdLkZzy1xdAcgcCqL,30.03844310280472
2XGU82Lx8urLynWSdJ2ehz,44.11244797391341
5EdlwzcgIAYs2HGvOnczPN,46.15038858025008
5QSe2vbcBasm02vr76vqg4,37.20262128789271
5yug4vHY6oGqkFI80Ya5F0,65.85861969533086
3l48Gia5uwpi3UA9nJGTNg,24.776052886187117
7yhN7C46ts8tAKHoNRrBL6,48.76016077902817
3RykIiejIO6BEhxSSrXRhH,36.248029196295946
5JCiqYJxcK4XO1mbQyPNdk,57.675251171691386
2w9kljwEMm6gVFhPSQrzmE,41.96516569118374
1UqhkbzB1kuFwt2iy4h29Q,63.04036674135261
4Oi5LdwWqDUCwTTjNXnnyL,21.271950702857357
7u2UKrIjIYCd0EzNfwB8am,7.913219752160354
22x5EpcJkfE3SHBONJG6FS,36.667834434560945
4KQ8xXm9v7sF7ZeSWywiKs,30.587487006527553
4Im6GRj17qa7NW76OsJh1s,65.08917304632598
54cBqIDAX3dH5Ys1DKgDWR,40.394222541634115
1TlJuD7pVQnzBtcUNoumP8,63.15913105860857
7MFq7ihwl8ZolUaPCc4sKh,26.3378510448937
5qyEyqpT0TBVun8W07MEmR,63.476531774026185
402FSzREJH9uDSrXgL2P6f,13.854656869977543
3ovjw5HZZv43SxTwApooCM,52.0695804003459
0I3wlS5dlpw0hv5zhxN0pz,51.88236641506131
4wyxBb3LEuEKPO5Huxwc9R,53.91906443515893
2yrRiQtE34zp4EuL9DvrdZ,34.80783689128672
5rFj8OzffT0iggSjcBaeND,52.12620841081934
2D1O6DE5aJDGHsb0W38EAN,60.80197416548321
2CeOBN9Hjh1ux8MH86VW1H,30.558490559945337
0WSO4MJCg5nCW261pGQHao,45.46266973809397
3Nsxlv9JESIFfOBbupIKOc,28.34991702279062
0C80GCp0mMuBzLf3EAXqxv,59.78839620594005
0BknVuf853LEmEzTEO3LY4,43.00210298709321
1UPyhGntpIx9jGJ5UVtKVS,24.484509179496143
3hgFwotX5fCegIUb49jQem,5.030068898202001
2id1xnRQloCopsF5IFRY15,49.785092836497675
4LwBxSuZQUJ6kKD1qbcQK7,37.759614822175045
3p8Kv8GcO4obTLPmsS459h,48.04649448737275
1SbdzlF3NT2E26FYBGKQTx,4.313730613936277
05tSP3itnayhjwMZQPK6Lb,58.30661502917562
79z9QkhHePTFsSeVw9uyj0,59.63408324770661
5cxE8QZLrhP3OQjslZ8Lux,37.007986414796704
2P3VCrDzYC9XzS7Bwu5dN3,36.180540068903625
25suYHVUwWFTG6G31kuhZH,40.1133589458775
4GDmAT5ZZyHdBo32UYDIvM,41.11717565934821
72RFLY7sigTDszBRAKg9Mf,30.911006083173763
3cXSZnTbHig0sntFrDqE0f,18.29275620339036
23PvWFdi76vER4p1e2Xroj,30.819749374777903
2Cp9l9oeQl5DAK2AAS0V1S,9.709672881737905
13xKh7WqwxzEFYhYCJJwHg,49.820316869344545
7cmdqmWXQarqdQkbTpyYwx,36.36809023168248
5ViWZbiMhr7VWS0ihZku6V,44.16637725220375
6FBmHx1FuaSnTnnnaThgbF,30.942533528775297
0wNf3Yk11625KJ6mDkEjzu,41.34864936169954
7q0aQpiLv5tIsupcgQ3Ny4,73.82807067213673
4YnxNg5lHjLuBzm2uNy26K,45.475117511203614
2SiXAy7TuUkycRVbbWDEpo,66.42345387198839
4xZwBITWeGPWVTDVmLfuDf,0.9116163332938008
4ofwffwvvnbSkrMSCKQDaC,72.29880869020813
3wH3TWKBA9NCZinuBidD21,1.5064198408875442
2L82XvyoCvUgePuljcA00o,40.13181798618473
6qiYyrTFQvPiVXZCp7qV2E,26.395168439074247
7aS418hRnOnYrXeyrZilwk,0.0
3ufMt1JWzgGeJ1rvGjeGbX,7.4690542193956615
0F89s5oZpet9X1eY2OkLQq,6.158829803605107
7HfF51FWYji8RUB1aoI8ru,40.17203501688939
6rxEjkoar48SssZePbtb2x,60.87831257500101
1qR0qth6D5uY1yIMEy21af,24.025343756742064
2T13fabFHPytple2z3Ekhj,22.971941867019233
1CuBioSnK1CMLeKDmNpoix,31.711381015309207
1dC342UiUrvyKBUsubsXQY,36.34969781495034
5ijpy4l0nKZPIKHui6SQfE,44.470833214018704
0sgDEFq9oeC8ueOK0mR5IA,58.42906484185426
0NBiC3zLXoBQXBjsbnbwJq,68.86246452200733
1z1K4ZuV39v0f59iZlBaTL,0.5851173377404519
4uJnQswt7f4r0tuI37wNFk,8.479317492901806
7oBW80497A8axagr4aC9U6,80.42744701365442
0mt80ksFAwPHXyAlArU5Yc,4.347976324649402
1KDsONFxp3YtnJTaLeWFIi,22.41357497142461
60YICjIPdL7LDBcCMK0tAk,40.529262607527365
6HMHgBHdLBQ0QYIaOp2gse,69.0266759655021
48PG7tNmMOEcyTKXpP3ti0,54.86403887392396
2iwZNz30F5QFzQszFTFPYx,23.136572697980725
5fKyecQMay6dMwjf9VdYkk,47.48221501432834
6EqT8NTv64FId3JvxBe7mP,20.182080282262582
0fmsS6mNtTTKjsBTXoh0KN,33.59433536194058
4y9OVwrQLvzB9vsC39y5Vm,25.512540781528745
5Pcskq8iLMAGMuJP5DCHfa,9.700935041612857
17G4EoPg6D3gIiJ21JaE4r,0.0
4gX8uV7Cx0VYsw1nPaL2qC,43.127757311212385
36lkJSDyMEZoWTqtRj8Q8q,39.529704344728465
21j1PsCiTaO8ZW88UZrh3A,48.86106666531922
1Qhq3Tkbj68i5aRPySso5n,34.62605359669137
2N2yrmodOnVF10mKvItC9P,51.70307901305637
7xC0S1h29b9W9RwYwabiCl,41.14333018757536
30bYKcsjRWRGqERYAnI37b,35.414780582258295
3F85FbGU17nTX9tCdxFeiW,39.765172042619874
0KQx6HOpJueiSkztcS0r7D,69.54631155647999
3gIBSlXYIN1mru35l4LWPB,48.258358297993034
2Vm4Uy2fsUcyRjViraNRPH,24.14392560000369
7tCPyTEXUH1UU1JQLzd9zu,63.90326249168056
03I54dsligkPWIWFp2XqcG,46.46819637792315
371H6HjS4SXGbQ9IVfFUIL,63.776784349885844
16OnvlXr3Ur4aHUiJd07rz,37.610135639549064
1cL3ucXzG2hj3XOUPIWdvZ,77.36983986714412
7LgxYvP8zzKSapwngbxAeU,37.44819426914188
453dGhtRLuvY2UHAiItW1U,58.8227406045116
11JjtOYafoXmTiD1NDdF0l,47.91622632151601
7LltNXuqCBGOAp1iwmAmB3,22.441048082622515
0P2nclWCd2joWuHQGqof4V,18.465738549467584
4FEr6dIdH6EqLKR0jB560J,61.66696556797928
4j7GkwzZTidryYlrgvzY6u,30.795193231210305
22DW2S8jZb8dLRpiWuMzEj,39.19875897782712
3jf5303mzzJ96O8xFTcEn4,68.366401819398
315FrAki9HoxEdG8CQuZhD,30.819749374777903
2aR6SYRJxy2QsBxA459ATF,55.563202780003394
7fdsoKCtpx2hYXDRMoActW,68.93636759961662
1ubAOfFB6ZAwSSRdkC7cDp,19.99895553048383
1Jl21sidRpEdlVBvYbssLx,67.14783422600901
2V2omxQCbMUcCW1qht8N7x,65.14878913526496
5PCe0RKfhq7wB7vyQOIg9w,27.213376943995996
76hfruVvmfQbw0eYn1nmeC,46.58519666669678
7rdtBpPpe4knfd7aD98h9X,38.792676822725745
70zg99pT51vB4wlMS7e4q7,59.6971089267655
0wnZAXlg3CPUgAKFQblzff,66.8814405390265
5dVFF9IrNcPoBKAviJcKC1,57.4897415051397
4b3f0U8gOfJKyxB8cYdCiw,57.54539439355524
1Mza2sr6tPhy6jjI3HB9fW,60.858075461663056
2D52zjCyqEIQa221lhw6uk,44.47302573237281
2vzKE1T2CdCs3yb6LjuJIE,24.60763696188869
2h47SG8bNphmicAll4H9RV,1.1325721048778732
3KHJcWcCoITtaP8q6XJkdY,59.065460427007764
1wv8bYmoqY3TAKKQY3Qn7t,45.48153189806092
124zAWG7dEMRdA6v6SD0SG,46.0984854556551
4gObdragjvGLJgIaWE3SuG,4.599055404673954
3NRVfxtC8mYrPoHjKahcng,1.0098048386422966
7MabTMP5zJbTESC4N5YYUN,15.722749051130322
1Qdw8KCUZzWA1dmVznO3GQ,26.35229757013506
2UVCKuxhCQ29eUdQys4EpM,25.431208736809733
4DAjen92eztOlTKQbNE3PO,5.680470601897922
1HccLEGjiNWc4yT5AFC3Yc,63.403693194710975
0Z4pLlygCvkTHmeQtYAbNH,49.063512278634036
12HWdKlpYI9wbXO6WbSiKk,56.12484875052962
6bvZRLLkBKkmgpBJTTj3QK,74.51462500247166
3XGBFBUEalGmIDcjvu4nrj,46.870667841397
2wQBzAZdsaqDBbtwBk5MhA,38.370359356257964
28c4nfBHdb3xviamRCEsIe,54.32074912000028
0obvnPQaTe8fRAQHWyOWBv,74.51185479656264
77eYKxdR0CDNZPhvbHxdUf,17.02747282355064
4rr1OPf80f71BYsDv26G3F,37.33467554945153
2cwOhw3d0uIsR4krTsrLwF,0.1338135758951954
11C22pEpoh1voyOsZ1SdkX,28.470780970315097
7gXdAqJLCa5aYUeLVxosOz,34.132566355416934
0tn7CmyRfvX7AF4mDH6v4M,23.7004007545726
42iwgWCBOJr142iY4wB8un,37.31596290170527
7gyhWg9k5HkgWZq9V8nsrT,67.23286621707587
4aLD90t9DiCIQ5E0iCKSth,26.157525734619174
6UjfByV1lDLW0SOVQA4NAi,36.58184318140222
0weAUscowxeqDtpCgtbpgp,44.359086904897396
7sn0OyaKn1XKx18JjUZkSw,36.02547357611368
0NJC0FDCODpPUntRTTQq97,51.64543851189524
4KhuernnobE4BzS0P1Viz8,42.143974341541956
5wTfzzRW8ddRdgW2kASbox,33.17676508262928
6WISfiNXEcOMBFEQ5Gla1H,2.0173409054902636
3u2O5KKgRUJdRPEefHsZfv,17.9028002443844
0WK1p8CduOKInJdZcjDy5A,34.57283583383089
2f5ER3PDNoN5vbrLJtBVtU,38.57225456256714
4JV1uisNtkANI5qsIv0k7n,66.78894494793876
1aQqtnz30d2vAG54XFNpu0,83.56977164409612
6FzYhrPQqISyxCTttPfid1,57.052366203694696
4ugBXQVxTzKLmdCRL7yRRa,57.68429825026644
4L0CzdxeWUV9iKGUEFVRMg,64.40448931299623
4U69c6x6vG2ULgUd6tRapG,55.496875593572575
6PHn6aXuM2FkzonGWJxY28,55.26291304308545
0Sz4HOImRIm7SE7S4OcnYp,23.662993863415732
2ASx7GNCypmXa7IiKILPwh,20.251986515823862
5DO5JEUkxhtsMvaCX7ipGZ,44.17780894321357
1Qiwr9npNlx3noE0P2AMQs,34.08307112081865
7yDrKl1J4VWNbR4aLU3qJ7,22.538016696929635
2UwYV9ckcBRZUJ7owav1ci,45.45075730798322
4ndXgT3jUzWqviQnHsfUL8,28.127524063036198
2lXi7xN0MiTfLb2DW7H9UT,39.91424013513952
3RxPTqpDtIeLBKqInzYjSe,47.674224536318924
1QixTwDZCcfBzA7QMyont0,33.95363321361403
02gGfhPHk5NuN0mgbKpU4Y,5.848951838977688
34ALhvfAPXBgjLZLaHSiLI,42.541788654900536
10yCOAQyCTeG42AKEKL0sl,15.722107852000057
1b2DXzL03cToFUhTwHX9lB,45.06404499775035
5HYZ9a7ftaZDxqjzAyKZxP,1.5757229051016965
52Ee1NSe8oaum15FN1CyH7,58.585634168261166
2gWQzeOzv9zDob2zeo5b1G,42.79773661326423
1D3le2tIT0TvZ6Xtqjft92,61.31869292712574
5jEAWfOIPhTol0LCRx2Mzj,36.2522646206594
26f9mK59TTj0tTriAG6mkQ,38.22581291563362
2unYQbgst3vkYdAxH1rbEp,43.905940478635436
3AkCkuC8LuRFEnvyKBQUOg,39.80366447173437
0OBwxFLu6Yj61s2OagYbgY,37.56981578353011
4RmpVLrhOkLMyxqg3WqRsS,43.883491636800834
599cYawsBthDvauPoXNr7U,28.78386829463331
7KtB8hfz8uH2BFC7ua1cNr,35.851369157751535
3XGOhHLl0GOSRT6JCRDbiQ,48.79127940593637
0Kn2HBDTSpL6qh69lOammY,39.07864701010927
6Ucjy0z1uO111RCUVXqhnn,51.91175734880538
4BcAcEbp6j6luowfAliUfW,35.69735151505736
4dBa8T7oDV9WvGr7kVS4Ez,2.310746858530766
6cQ8IRL1UQR11v4wD4wjo8,65.0590841952819
12nGRgtkjrqb3mvsEp4yKj,28.3133103140697
0B8QzDH7YWih85V5SEMnyJ,61.3879303474032
6H0AwSQ20mo62jGlPGB8S6,30.607292863152082
1dWoKufYqWrjfxYhFnHyMP,45.6157468727654
758wEKVqfYopJIHYWdLVd4,48.45690313643287
792tOJmf88fWGLyD7Ca1SC,39.53295514748282
4URdynWUR50mXggi06ilrJ,54.91453936611857
6ny4Y3Iy6d5m6zJYD8ziY7,40.88765398566549
7b7U1UbBVxh6T7hYfYoJjY,4.7769354070075
2urRTL3v5O8BBr8HWSSPos,4.568675142366764
6UF638eAEk8I2gfZGw7Txn,35.87990200558025
7623p8KZ24WTeO0NeIb4tV,49.975365894318685
6Q1InNFgkxVH3MXWtQofrv,27.975642676569052
5hK2Ks25jW6aMmUAHpAN3F,45.33608590107523
5o4Kal1PbEg8VbVjDoCx80,38.02568806692882
5ODuuZcxTylUVQMAouDfin,36.06411393114984
6Uaqf3LCwuVebfm5u3ndq9,56.4594564797567
5PgBTczNS4lpNmHVaPPqoU,65.15477339891622
3pNxVP6r45iUho1uxEYdj9,35.002364359563856
5aHHf6jrqDRb1fcBmue2kn,60.05190747288985
0tWEB6BxbI48XN79QE1JbT,33.6145151065593
0VgkVdmE4gld66l8iyGjgx,54.88015647908427
6qn9YLKt13AGvpq9jfO8py,40.51209848704572
6LYY1uIKNhs52KCmmBrLxD,33.16970892478989
2JS1iE5A5RHvUPH5Zl9jlF,37.521683411435546
5ChkMS8OtdzJeqyybCc9R5,49.184745216764455
2GB8OypbvrvCee61FKx5dp,58.909325999769244
35NjG6G6Jvtf8BU9kF8cNs,39.811278088562865
4jxECEYsKkWBDdAzZSR7kP,25.243747695933386
3v50OifHjOMubmGAc0QBmL,17.694781572505367
54V4rnG41aq4tWzs76S2oh,35.027186981072326
1pOkWIJCshtoREcAcXmYSk,60.25640161034116
7AHBjnDdrzVS1GcND9SrTq,38.45178388089048
7FwUBR93O0aSvXltMM73e7,44.63877022391464
5u5F7qLDvZjBSktaDp4HxB,69.53724709056426
77PruZJPEZJ3zCFXc9ngha,4.842702675114329
1ULa3GfdMKs0MfRpm6xVlu,26.18105126212775
4kKmVmY42kNdTciclcS0Ou,0.15279180964292635
43C4RgVHrAGuEtz9uRl93u,42.112095532061396
44pN9jfSqY3d3lrKuv3QeN,57.15486429714153
0xWBhH0LfhRiz6P0LJBpk0,57.48334778642704
0fDf7Fo4Lb6DA1mmKibSNc,39.67898178270093
0PowxVSTY2uh1CPc8EPKyX,64.74211063350401
0SsQVboirFwfhet6WXUoCk,21.85982237860975
2Obwg8XE4sWXLpJSDlxn1r,29.067098474815847
7woZ1EAGhKhDoLBNbYHzmM,41.713032091123864
6L9WzM01uxki7u0NTK6xLN,32.5064691936816
5dlfvkyZOuBCFP1KbzRHUx,27.232065844096287
0SiywuOBRcynK0uKGWdCnn,60.55565042945461
59zN1921ag2pVv80Oz3sWz,4.620730740032752
1gsQmDnyXfq6jPIXYCPKHB,48.919126285205216
4OIUiGAPgvkfMpR0MDaaTi,23.858023985074574
18uwL0vNUanqZH0ro2QcOP,74.59240199485362
4ENwi8ul77ga35Cy3WVKNG,4.948810930247564
4bEqHXsdbYBOghD2DUYROa,35.25327203985378
2ouURa1AIXp3AvkS52Jry5,51.17525065568389
6vX3f406IBBmI6mAHLARGa,15.175860372391545
6t3p46iojKrsOln9fazd23,39.25012996053222
0gGJO7JM51uAUu7EE2lxx6,39.09925212607026
72ujfr1bM2nzr7YfiiJIhI,4.427041726303069
3ljkahwsdk97GG9g73l6w3,44.23433736637574
6edjmG40nog79sxCw5gt5X,24.11874772735284
12pdXFcruNcPUbZypKUDgz,64.89074088838676
25naGBZ4ZdgPVa54RH3ZfP,1.2559537966357637
2R5uY1gbIKzGB1yAOH067s,56.31806723411489
2FvD20Z8aoWIePi7PoN8sG,63.456927402075095
3j4srp6dMT39MLxx6XEbOR,43.81686660256126
4Qhrm7g3QItkvInW5zgvaV,23.880071812076498
4QB2cdh2v5zeRD1khGF9A5,51.04819805104503
4b8hQaPTM7FhpOOAkKBj5A,66.76637197413467
591wL6GQKpgSGndbkfClhE,16.71182093026361
1YYhDizHx7PnDhAhko6cDS,55.669160090523924
3BOcWxFUURAomDXRSDFve4,63.26036544041093
02rbSCTm2smTIZ6d8im2NP,46.99811680074283
79esEXlqqmq0GPz0xQSZTV,57.99640920298748
7zoXIUi6AUiPN0QpyF29qy,23.795538860771245
6LUOMjoORvAkdhBYvESO46,50.41731066126935
3u9fHuAtjMY1RW2mZfO4Cf,39.39746049483701
3Oun8NLTny5NXSZFAxcFKU,39.7446562910247
40xJenyivPG4n1168jLx0t,24.475941280317734
5OOkp4U9P9oL23maHFHL1h,49.721655622049184
23gcQr3NRKzLXsP9H5jFQ1,57.92303060160975
5yNUgA66PbcPIJPOU2eBwR,19.739420866015372
0R3lJcpAiTQWfWev8OAM2x,43.77156859959044
2yQaw1JxH8OybLYAvU4mQP,55.55127808368973
4G3dZN9o3o2X4VKwt4CLts,26.052762815360186
4u7EnebtmKWzUH433cf5Qv,49.56474772361292
6WEhrGVoouF4bTVxnZAC1X,37.21031394368294
2SabxRgV7VMc1LRHgw0HIo,39.04044277416802
67qTdgJoYdluYB1aPZE6XF,34.35132199762386
116uqdetf6JQtnnlYsyBfa,32.56187097350117
0OlLxqpcMutBKFZctsRWHK,27.221545172564547
6hlLKByDfmpoQQrfag0LzV,37.39255901534535
6RH49kOurGNl02pT2iKOOp,2.276194899144284
1HlOGL1p6wlpOZatJ2NwFk,50.28999340206736
0HFx7PLqzGxSfN59j3UHmR,53.78820942241633
5ZUYlw6DIVzPjbL4H7fG7c,57.36697465395858
755bvJDSA3LNcNuFgBT9LK,21.338160168862107
4bCOAuhvjsxbVBM5MM8oik,57.095511584907435
21WvAGxPUNJARcZoSqswd7,65.20888037514223
0opxSp0Jw0RgsQBy1qDwNb,0.5490292962597862
2KrJDONq4Hq1JKlmvQe22H,38.54269520534017
3iPwSxaLCpFRNZmyLKbXjQ,14.980632790627924
4UJ8UD6u5LTtnltECvdD6k,21.19740904391665
6syz0SJTv8ZNCNxaOnvMtb,65.85861969533086
1OydelxPGurQL1QZDSpP9U,27.160224750068622
6QjunwjfwHiGZMU41A4iML,32.36664374471877
3V608tXKQzlFg59P1ddJ0x,3.947297520446888
5A1w94uzc1kO1Zhe8WWxC3,73.78219740646915
0e9DDb2TnNwSv8lV1EpMuD,42.32916929515766
3gAvYSeYWyBMqGuLmrZs23,15.497537114742476
7uhmQXCmglHzUEUA0ch9mh,4.483751500163302
4KX39APEOO2EgiZFkcJOfR,47.238640138975235
35rUwPFRlrVRJhxVcM8Gnj,25.726925743387532
74niLvcQCxCi90ZzPnVVFM,38.97782619393529
3w8qOAwbHF6zYeYT7pj7DI,57.98075846783625
3Sz7Q3D89jYaOu7F8MXUxh,38.006688641442395
5DV8yoddFyjLVfRT6pfAht,46.63623540577373
0uk9sQ7MjK0CdAUinD4xBV,61.093003702193315
2sHYMLUd4nVLxHPKY05Ein,27.700983557104063
3F2We6fYbrFOsmPrJrFUE6,23.138430221517236
0FviQvrqHxxFnR2p6bVOwp,31.67777007278795
5d87z0ELbXggDiwtG6Ypbz,47.84415986025971
1yJWqYYDQge60nZKdLyiZU,56.858282724446
2d5A0pXGLvKHoQtidmezwM,37.494684436563524
1uKcGwRRnPUrCPOoNt4Od2,2.77327194985918
0rZFY2cnAlMSu7t9GegK9M,31.854144669230646
6jA8HL9i4QGzsj6fjoxp8Y,42.57486019229392
4CFo0zVQmOuEekCe8dqU01,30.346773308462414
1miHnlTDGQSjELPZCrsmCy,29.10193181029726
3A7qX2QjDlPnazUsRk5y0M,50.43986376876651
0pdeEwJuUMcBfmoeAMktcf,30.280477015611652
6DkmFhzJrkVhDlcgcEy7Pc,47.41901715087371
0mWi3EKhPDl42DL5LaHX38,42.67359030596519
6whmodY4ixeotqmVxwQOwL,20.12284847874212
6AXO3W0HCu1qH5LDKa77kJ,39.48938309002891
0i19MAZbyn8uTir7FprXId,50.92796403934618
6i262UpOYbVOFh88NU0SZc,29.463379157034645
0M1A9wInEHilyWkh4I8tWo,43.60426480106414
36HYTXQ1SRGK0GnlIEzSND,19.826034724692967
4tjLYTXFqZhkUDga4bQ0yl,36.00021508341859
0GzrUg3QI5ljFHmyls1Uy2,1.741675250658504
3fAk3N2rvFZI4QqHbaFJX2,19.445988909155147
6U0KYAZFsPxLxc0x0bt7zl,19.408368446956427
5tqZJUHEuqdN12RZVq2l9p,55.31097457558652
4KPi4VNvPOfKqIp1sx19Xf,41.44499810585703
0aHOXu219Z4MqEKwiKsddl,61.919583132518554
7x8dCjCr0x6x2lXKujYD34,60.051517262109414
1YPxUP9zcrvDQpX3ZCjKan,62.45975016599248
3VNxbWlw9oVvxSnSbeiCBb,37.90196853184241
6iyBH6S4HSfM5G8knOsdyt,22.04058405175274
1Kg1pUYOa3mYdQG9zi7SjV,6.9360565341397225
57Xjny5yNzAcsxnusKmAfA,67.5128333976396
6uM8rQRRzPmRZNKGYqpEkd,26.17692731565904
51rXHuKN8Loc4sUlKPODgH,30.518556650640267
17tDv8WA8IhqE8qzuQn707,43.89944862854051
2iatXu415rxIRAQJ9dXWi5,49.0642238689079
5xFWlwt0VB7m4ZhCNoEQTW,43.8315656883911
0U8hIG64PnssFf6y9w35di,39.43850986273777
4geR2biU0ogmJgtIhzqUA8,21.467589438368893
6TzrZUKi2XFvGIBzqMGR7e,0.8406433356570235
3lPr8ghNDBLc2uZovNyLs9,62.60883295368398
4xmkpE1Si5JL7NFxWrhV0S,33.746816257295265
0D8HILLHMWF5dpopgOW3w8,42.4255753499968
3ZykTVwx06JeQVVxUpiqxa,45.73322809131655
22L7bfCiAkJo5xGSQgmiIO,38.6673337212953
6rEEEGy8HsXszt4mQfJGTw,69.93197900476622
0UkDQLM5G6PshSlRUWyiu0,21.73874349389944
1Pq0jcWJlEYBgteQ1triQq,48.5000282946855
6JFR03uLMNMmZ3vgiXwskq,38.581283487119705
2i1CnSeLjppv41BTuc7qhY,66.0714253439114
1SmH3Jv3V73B8vPb3p0N3M,44.54435400615869
68g3xsAjcdPGyKfKj7QG5d,25.625108705634723
4zpWGC5MmGN6zX4J9XV8Gv,24.59714923067605
5smpR8TVfiPxywEHr1NbJK,63.0698050514305
5jgFfDIR6FR0gvlA56Nakr,59.65555153776507
6Sd9zsq9PKO9iNYBhweUbB,42.88787244168714
2EBCVPNAG46nbgs6jXPGvv,65.51839659864403
6xbraxG0bSBOuAr5IUXmtM,64.37501575656952
7AzO6R9h58Mk6I56miGzO0,46.40074795413709
2APqQANaVkJ7erarpujjHh,37.75615883948919
4QK1qv4mgsfdWmMzp1Z3fx,38.69090415553984
3fkPMWQ6cBNBLuFcPyMS8s,36.97794825830674
4iUTK39pDuDaSBLAnkkkfQ,20.954905591446288
5fVZC9GiM4e8vu99W0Xf6J,26.681808212814197
2lffRiAET2Xt6BNb4EmkS2,62.29182458942355
08kTa3SL9sV6Iy8KLKtGql,48.53506822146887
4fZDZMgyWBxTg2Rc4OHVtB,25.10237155999497
3xd80KxnM4MnDcaE8bcreg,53.55290998949299
20n9GjrKJBmN7nMEb21cxc,36.42018993342181
2zCwpuQuSzm2Mk7h7JYNtS,48.94171035474302
74D3tZI3Cd9PCx3BGZG1vo,12.78070481207085
1qkVJlyVaLZbwolRZmc17i,38.748310960034416
6uSSupG4TMu3vW8QgynAB6,67.24238412407936
4DsjiElZzrVRJZv1nFoqV8,34.73128295833569
0prNGof3XqfTvNDxHonvdK,50.737151808352856
2SmmevhFsgczaqU8pUDgaN,25.588095515623216
54CASntZ5zw4e9YiBX0zAT,26.90306465056857
5qmap4CQeX4rNCIi2rBOJ8,28.91218101473111
3ClBKQkKoaUQ6UOhe2xlJK,54.77152405861598
5UAtga7XRwi2Y7Pp0sTNE5,36.38084646477089
6lio8qS8M1XBGV3fYb8ZS5,49.07886701739821
7866E49sLyI938dEqxi8a4,61.03542232110292
5aTsxlQlq0vIedDWZoqMWN,35.33934385257627
5fJsLklkTSZlEbA5yJKzab,1.2079360308261229
2tOZtdbkAMQASWokLvSlzj,41.50118032572784
462d4Jl1AZl1ZlCKwIa22v,41.47305463391098
3SKzTIl9mW0DadTys9SFo3,54.551071643324
78CKs2sQgviSRHygJHrhEh,1.4808920860410582
6ZTtgpoGvCMWqzk8iSDobh,33.7499672127649
3h2BczCiAjSwHpEyq7UXja,40.91129738261697
6kYTywTCfycHZcH0WdLyRy,29.93405532221721
3QTZkm3pLOZfErqf91YSOO,0.7839041133435809
6WQ6UeU3OAflPdPGZTv0uH,22.8582770577916
4DBKiDC6keXW8a4deVQ0Qs,45.00676615890113
5ptYpv8z1HK7hWOswwVrsY,42.98411388429154
5FTCKvxzqy72ceS4Ujux4N,35.817268111304486
03By6gD02qhtvIQiK8KidK,54.11313572649948
58G3mTiESeXJcyQoD5YtiN,40.096418210963414
1uru26I2JKd2mQZt0MDCUe,73.1638731255039
2vBRn1X9VDRsKD2teYGcb1,21.02232592556315
48QmG1dfvMuYLxMPt7KSRA,42.87058916269467
6crBy2sODw2HS53xquM6us,39.53792749687148
2r4DozzHauSjM6NJ7szgVC,45.00976659365424
20OFwXhEXf12DzwXmaV7fj,30.006083811275847
0C8fqvjcMUPupcFUdhjXv6,28.15665325324645
28WmNsclKsrVmdv3tDmoYU,61.53948940606008
2tDcQzjl8q3qwsYFc3bCwa,23.375017426814537
7fPuWrlpwDcHm5aHCH5D9t,66.07469483091667
35vtdP2aBztq9Uqmod0nwA,38.00986796963616
1ViiOKBUbJY69lSrRTbDXi,54.37753908161965
6TVqffNTpDAlfCtDIKyFbZ,43.08764774466766
3EADyGIBYk9m26FABcv18T,0.0
4B8ROu7Pp6tbRMzbJQGixj,25.37863092130185
47D4eGhHQvxoJS4xQv3tf1,55.95669062477777
5ndfVSDyPq90jaIUhNPeby,46.319784579431975
0wwurbloAiMd8CcLUuZJxB,8.709721265382168
0AN7buveJEF1x9YwnAbumB,0.9061081425503114
4fVdtkBSTaOuecdWKcXmRX,69.60577734318849
0QKNwgSzAFRQHlGoNWy3gb,23.05929952454174
3lapBUarXrq3pEUKMsHNFT,21.08900945193548
3gkQ9XLIprKy7RwAllJLfd,0.32111102143371273
5aC5KtkmNBfX1iFX4EVfCO,49.28165476876251
05eNEozACh10Rn0ewFnH8Y,56.88816225311149
6kD7n19O9VEYQwENniEvPi,57.831188806198234
4FFKYMQcqGIKLp4pJRdkbm,48.74216262359752
1mzARUs2kMMxcKh1ome5aX,51.838992675729116
2x5Frs6ts14U4MSLrQQlXg,36.26161845812036
18HnaB5tysZbLSf6AxNIic,46.86366335215319
71JdUcrlTYuLc9IzYZfkhV,43.988797126864924
5RWO5sai1C3Vprd2E0Msb2,13.813423277221744
3R8lr1Y1kPgXEbnXkcMMlT,49.65337512631034
2c3z8TYNaMnzeyppLfvrtf,23.20759312139501
3TPerY4roQBzjTTFv41xBW,26.908449380374734
4Km5HrUvYTaSUfiSGPJeQR,48.76663510183201
0msUPIvKP3q9itQBMT4mYd,34.51456910647992
3pRYJJpoooF552RU4FYG8m,38.93312196152265
39yDIZ5WpcwkFyjpO8SN1d,24.009576209754453
2qON8SpeBDBSoWCvDKuwbU,55.93195651792172
5yl2YyDgcpERTZoZHD9Etl,19.62935897285972
3eNSC9m8CukWPWdef8znPg,45.23394695693072
3AVnIi6HvEiHGlIj4c6ok2,40.609781685053875
4l2ecMeHvDg2Y9OOkqfucN,24.277083448229277
6vloM8MDs7tiSTEk1FbrAA,0.32111102143371273
2r32XiAWtZbT3eLUvf4pag,62.299133604043845
3hv6ndi7uFT9L9wrhQCsqY,41.910880107857935
4MEwOkWMZ9hAuxnbcpcirF,44.173347003154326
3hFUm642RKc84AhOz4GKwW,29.039855516354063
3GfOAdcoc3X5GPiiXmpBjK,53.27515898629872
2JxeAupAiJdB8I2cieG4rP,21.208584658181266
371Tb0eNfpjpSqggjcLv8c,29.214457958992472
6iXXwXnXktrdJrGbiBdBvp,36.54526226827002
4fgJe7zBjVXvs8HxtE21Y9,31.049543420525993
34RaVshrBXIINSVrIzW47P,45.55988424396001
5a3MulSI25BDyBGg1Gsfpz,49.96581447728746
7pMRoGLEJuFM2wl5pt0R99,64.06836534974754
2BcPFQ7nrtUObgAs72xaac,60.71275599841215
7jrkBLvhjeNs7X86wL3jKf,62.34351365092779
2E0fhpXbNfksy2mdjm57bf,69.81670624747495
4YadTW1sjIjzBjSgbLosqf,0.0
0aOluBqXYd0rFSCsgDyAWX,68.5566143954539
1s0nANz8q6gEZOms034GbU,45.98755254296361
7ADRwGz1ZXJxxNw95c9QmY,38.64718985214208
7dkqXFtfMDbz5h6iYcrUmU,23.471381102439477
3jq1RpStaB1YGyN3rRZGca,64.00207875144847
3H5r6FYXFJ47M2QHqOK3n2,41.34896176166361
5AHjRKFCVUaRClF2Oxx8Ld,57.11030479860246
6cpbVrZueaJIklHRs9cGFI,34.662765054583495
4hFV8xf1MD6Tmg2g0XltTY,34.58394040710153
6NblUCwJXYkQlQ6LhcmSlQ,60.19465111126913
5lAMOiZhF8pq4wO3uHREaY,58.76854700320523
5wzb9UzNX65XOSrL5hZNrv,33.28865360729074
381UrJYySidrMAIgZB9I8S,34.1168910215788
1rDQ4oMwGJI7B4tovsBOxc,0.0
5aAx2yezTd8zXrkmtKl66Z,45.92227801355383
2zFF6jG5hQArbzcXz3KUWk,60.45497313053429
2DgdHcjWmO3qd50RzuBLgZ,7.566689283687303
0aki6d3s4cBASsg73rwdBv,22.51999235028261
2ajhenDRiiAnCHHjsIOHhJ,46.57265324700175
6d7Jz2np6jtNaZv1DiWfJs,37.55731371569784
3kRGiGpjCFS7CtEBSfHNH0,58.20973465137634
65NTcXUtOb27NHKQ4fAcw0,60.61587198149147
6kdM8ydQjUwkGkxCozayJy,36.260801954735804
12q6GsWqd3fWonMJUxApFi,1.165645855648228
4Fs8Ae2PYNKQJnZmqSsKuw,3.576791613005208
0BmDnvzaP80sTEdyrtdICS,0.9258039897466023
0sfbunyd3a7IFoWwEt8dsk,47.53498362529639
3jjT8uAXdwIgXCbRjfnsSE,0.8892058669256552
1JkZg3eMQTmTn93E8Yd3UL,41.42572857551032
7HttMaN4xcGBLhFRHb0DVS,39.047618826737086
3ybF6Iaia01EbXg5VmxPcb,36.52707814655285
4JiEyzf0Md7KEFFGWDDdCr,48.27862590901204
0dc3ds3WAOo6TazfgBuT0E,43.46238824451173
6iajHa34cSiD5s42Cq9miJ,19.70269030449187
5mnvugwfFYnJm9zuyGkgqF,35.44339659921903
3BcoBRPyr5UqYdeoF9clb7,0.9131091027556933
2Ms33RTRCT6gArrpcrPxmo,72.02138852889529
2MuMD298IpYqKF367wegUd,52.51123276202285
5uRsBdLhn91AYcsTCOGNOC,48.20548701537818
2Sf6ryueL9oJ1eDE2HfIvJ,33.97801381046281
1eB3hFkoBZHMWrCvJk6MoW,28.1025642093179
6ZvA8Difc7oFBxfZXJ6JuT,55.37494536566417
4YPhn26bIFm2KUkL1VLzQG,51.764811256511216
7uCBGNn991AM68fR4tSDco,65.24338302231821
5PrHp3PRK78k18zrwgyxS9,11.892334909805184
3Zd0klcOIvoEnGi0JZ7WMP,27.641805955158723
7Cd4glTUgV0vr0DBncEg8S,1.7248419653329483
1w1s6WpKGg4wyLRvyipczX,4.34883405838339
3nEzYBBijcwanwIopweEgv,25.028937867035367
4jDDaKTqcZQWvgubuW6N7l,48.387890976646325
5rgrBsAFYMun6yhtnLKRPz,68.45502189209274
5xdcexmwIyI4PaQmCW9sfC,42.81535667079145
7xrA11O07xo57Bbg6p4hck,40.45569144598804
5W0vgRE9B23TZDj5B7pRUO,64.45544783072017
2TtLHwMd2qGw1jn0mV82ES,23.595939803315897
5ahbge6cAozopYL2EeJg82,45.30978516343917
498lVXBqGg7t1GIVAAlhG9,45.67367673347056
6MZYWdxGka0BnG3KYO739d,38.91727970458015
1Gzv0cMy3xm7sgN5gd7WkU,22.003119171595298
6UiDiFJUGEDzkGpZBL8IYq,59.00912043174298
76VtA90NKurNqaQpV126Ue,43.726528010127396
64TGtWC8WLzVt7PamUo9EO,32.70584917238331
3bPfe5UbrBoVFOKZVYMe0y,2.48411098827398
1mJYgCniedO0tBpAGCL1vO,60.00862101521967
5wQeCrJTJxGZnILnyCBHjI,46.41496057761393
4KuS9s0fuqLznp9AJTqTm7,48.319330055625116
2QtlH5dzdYDlc0hBuzsNgq,37.022272034725155
1NleqQdTDGWJBk0bVxldab,47.86865712410983
47IPlYJZ0iglPj2Nmwwr8O,39.72563654631419
3Jj1ZyH3UKnnM7LDMkohiJ,25.875387311036707
7oXRMDUzBPekkLRTJhSGvC,47.888478147210954
0JBhoxPKHJc1ZeJrjSt0VO,73.4724918689127
710n65RKfq0DtcRxxoQoV4,55.317047862719605
249XHhBxBOblTCYStaC27L,37.097218978725145
4ID45W7QoisqbyFPst3wih,40.276972372102854
5OU2RLatJbkSdqbQy2fMna,27.65441828313644
6hNjGPE8S1No2Evu4aPLjL,23.43818183177555
7m9OqQk4RVRkw9JJdeAw96,61.046637808327304
3lZygz3srLlsWqDQXSrl9w,40.57935697802587
34oB5r0lcN3fYWCs2uA1k5,64.54816922564895
45OL4yJZuV5CghHuSoYFSF,43.206234872534566
6yk9ZnPd8GNH3IpjtEQ3aD,24.15764015967932
7rgQx9d0qj0tgRGuhq4Fca,42.770389862493445
1gZADNt16Oh23jWyMYRk4p,56.11847924826054
1PvoWQsavMCVzc7ypt7jA5,45.33993406098978
63Uyol7YBYfdHpJ9HJDmhN,21.309230358692226
6zahbizoDqcpCbXkDhe4Er,40.17203501688939
2MzLi4EopILqoDTZuLtIzW,19.02241219656716
55TIb9EPxSq3AP8COlVl98,16.517195850653444
7DTlsMOQjGysXHpwwpHuPl,21.266115138960213
2xH94bp1TPSMPPPnnSwIGL,38.918040061481484
7jkZflOcHyeFz0xzaOZRHw,56.309049704615006
1Umw3vhysHBodpBFpFsVgK,21.15732107153752
5qrNtSNkPsWfjqaYNugzYT,51.767618979109216
6ZtGz37trOaizvitAyHa5s,24.475941280317734
2YGwSRjcY4Hjz6fktW9619,50.177482052420046
2MugnVou4z1c7oh1kWHfZO,0.7980225460371355
2ZkoIuZaRbU14w3LSDAyNB,9.960061923008269
25GyyK9CyZRiDCsPY51fIT,42.312987791886
36Tmp9I5AArqBB179f0u3o,50.725918765778545
73TU1voolT9RHWGLOHyM0J,45.0535811709092
2shdj27ClUe4ETiBQXGLdQ,1.6552662136407945
0bTgregq5i4cNxbmQMOUm4,38.87455498060729
0KmJ45CPuHMQpNMY42xDUl,35.613649591994395
0ofbQMrRDsUaVKq2mGLEAb,76.11617659621568
5mWSVCgeHbSmTmuMV5ES3S,42.22902691343473
2XpjmHq0CygfO5FV5d5Hu6,24.20674370088505
5JxZZiXd8rVwHu0xEFvxr2,55.85045829313174
0SIKrp2SkPmflfKtCNkZXX,51.683185607088525
2LUVo82IKIpCuBNSaqF0G8,45.217222840363384
7iko4woUrA2MbenSv2UaM7,54.171395909703776
78Rt8cal5uxRh9zfEXO3R0,59.17589428358953
5bINBKyhsxjKARdtuPTITM,42.49234688157915
0hKF8N8aflF1uDzEEnPr2j,45.63612335522273
3IpYb4BekvsgmZKwI2ZDu0,62.99827522857004
6JvfBzqZmSiEG5MjM7OcSY,44.507956033300204
3gyGarXAYgTgJIIp97DjTt,17.029837075752816
5U0t4SMp344ER0F4jYb6xI,31.89425882477839
2oW8pBaoHKnG2zf7auryUH,56.169995911925355
7tYQXKBRjIafvyczPPUbbe,33.901365989726884
5yGTQzYbEdY6B9RFZJypgt,47.49270216967198
2cRm43WgDFpOX0oqr6ujbB,39.1829097169096
0TFudoDnTvEiwdEsqwiCHD,22.079086373800543
5Rb3OxCE0BAuDfgTr4awtF,54.69821673410926
5bpaHLJ08GNBKW35ZfCYJy,41.55900394162095
1fDFHXcykq4iw8Gg7s5hG9,70.7806881206645
5W1UtLcQLQOFZDpDeNn8Gi,46.89479747612618
0WIcuCP4r3jBup7JRk7yRO,55.032917641215946
2xmhmt8OMmeFHyB6VwxyLw,41.387101572166706
6hFHsQWB7HdVrSe7efRR82,72.91018831784176
3cbSwpMhYwcwijm3d0J1uJ,54.70606584249191
6ScJMrlpiLfZUGtWp4QIVt,51.67524870637933
46lvmzK8wxAy66tjzXXSh0,58.3208506894529
0DzUwvANSN6lW8TnkjGOyT,57.85943490696765
0984nSnkRCEdjAXiig3rOH,1.741675250658504
4m2lVqfPeSTD3azgBJHowK,60.963647215808784
1gnwmsTBXCw5Lyxt1UxM8s,32.2936279538776
0BTGqPIW9acmhhUmENkq5r,51.335119956911235
2bwYGPDCC31QTdFca1mQRh,58.249359227239154
6e9biVAugkOfydEN8OiJpi,51.25304340904105
1nA0NiBT62ZUdL5bvV3rRn,34.11021274500407
7qjF1j0sMTLcmiTKXwVh09,38.95547245533112
6N9uyMZf9pbNOuomveWscp,48.63019987032314
4L1eqdFY10yO7tMzvRp0sx,49.82944216480969
343YBumqHu19cGoGARUTsd,50.18032787403843
6yARPLK0PV4heEyh7pVMGz,56.100821850941294
6fybp4N6eW3bsFAvARxyVe,45.45295720127387
11cDEev79fPKi6uJCjUhu8,66.6758021785445
6wNyg7Tbcwifx79bVmQvQP,36.38943007671909
2kbj0XbyQglNjnkfdQ4GG9,40.62213065265972
6FfLg6FFqhCsrFOaHIGkg0,0.24111270626174572
6dQBC3QPuRvnzi6J9HDCJM,38.485496875248366
3onYsieuDICdVt5ULZSExF,38.35624503652902
2fja4gHzPsIXiK4bMeU0hN,57.60556124799394
37mfTcSlX60JtAvAETytGs,1.7642939007781684
1kcYfi1mkfhnJYntYSi9gb,41.832099446400335
5u9yE5EPjKsuYItPZ1E0nH,24.582042738803267
6vXZs9rEQF7Nd6O8Ue7NrT,62.419569554158926
4Vb5Y6RQztThqqqFre24wL,62.74322887109999
2yM8HMUjwhpCMiti6rCbON,25.443216150181282
7gVC9FXLXlMla0p34PEhFI,37.57083308305871
3fxETTPvwxkkpq3Ax2ZbcN,35.823688627483385
15MiuWTnrG4vlG3lqyIZSk,36.83424417989348
4z28iMiVbMlWYZhngR88vW,43.62032010551278
5LNiqEqpDc8TuqPy79kDBu,56.58630357417844
1lAgtcp1KQRQS10m2yCgvm,46.363432686040426
0XYvHhtD8ONs8Kqzx7D1On,38.3593356076565
6Boqs3NAzPMxyhztKZOIyi,2.3206337681550933
6gFSHnsWpiFYt0ApYi4EjM,37.81241279150448
12sPGeSWgxY2zpPupFYIrZ,4.214386454431478
1VQHF03BhuF6MdeGe0uz6P,39.51417665519161
5mEqD00bdFcsiVd0MfvEeF,51.06931732876127
0vue3o9sYZZuZJOHg0RIPJ,22.195870196316726
6i40XRqEwHAnSxwZWasMRp,67.44041474444553
0bHs3ly4Bv5BlzE3KrePfX,32.290747331789646
2qv6LU59qyGRzm4X2TFYMl,46.35237239461198
7B3z0ySL9Rr0XvZEAjWZzM,72.90047299058101
00mZFEvLTlNQhMUazb6xYg,44.15750292598222
2SZLtfY7dz7NLSxxnvDDis,49.606146145118856
7z85Sqa3JrNebHK8sDtcRG,58.70992244945048
0v8XbO9kWfjN5Fv7fRvYXn,31.729898414246996
0uNXGT1QyWLb9fyteWopRb,5.737685244969708
2TXO54YCXHrP131SwQ3azF,44.73712293327433
4jnFqNWeJCeCRHc4HCdxfd,32.70251101946611
1muiUTfGBomZm7umb0fZmi,43.587012690481735
22DHmfJa31hKpc2Lg0gVBV,55.16841450762295
4PREkXFb8YawThmhZICrXR,42.90932793853842
0SIBdhC8RY1dzvAumdeUoC,3.097942674067614
6pGZOkEi79wdJ7x2dPBy4w,43.183036536283716
09H6mPuaTuvuloAJCEKvgA,29.62007252484876
7xwOv1FJd8iqnCoj3BDjpV,44.323048655954196
1ZtG48NtqQdyN1AnXiiYL0,44.71684618286723
3NPvE7siGFFFB1lwTBwF3F,44.35667302417305
4DzJ41A6qR14hHtS1djvdX,56.99692005746621
28Mj8V1IVsfHnHhl4RkZq2,56.17816202638346
0VdZ7t50K2asjY5hsABTDI,53.289249807866454
4N8rEj0nz6oVhyv3aggHfP,41.589005991495696
1JiVdjenpldR3RduRtuSAW,41.54980918274689
600OCZ1UO4sMpHO3F1E2jb,52.38229863278543
2aSMpkN4J6kzgGki14qqmx,43.02343655777608
4OEbwdy2hgYXxShjhLtF0e,31.979089478088813
3eRmP3pJRNA93NhvVnD6s1,22.442395138209648
4pbcWPWlVftf3uSTDE3NQD,40.88890802040569
5qRJD1yaLJ5s0J3JpbgnwA,39.790829611653635
7gu4nfoJkzmRsATBRjNCWI,16.17430699322234
2a3oa2Z4QhB61uueut9ww9,6.701946933397753
5RgFlk1fcClZd0Y4SGYhqH,56.14491134576268
1J2mSYlPtfRRzYSdfjctUS,50.31280608138365
4HzI9Nb85FESn9V4cVn6iL,32.29794829130945
5LPGZnsy07YNxeuTI1X3RT,35.86601612579672
2Qg0QmSbP5AigkWcmvGR4W,23.989218214943087
0oSpCoA0I9wg2UAKT4XGTX,52.036144928208635
0wXK5IepYKg2qfpCAoSsqC,24.946014260822
0GQuzKlkH0otZ01oMFzsSu,36.92994306656017
28luqgS4NCuFKP6YSOtia5,36.275229289967136
4iG2gAwKXsOcijVaVXzRPW,72.16114583522788
0SjI6eZTjcpbXACDHhjBom,61.694319623164446
43ZyHQITOjhciSUUNPVRHc,43.061152399420976
2rpW6YlfARNrITNWJbqCgM,40.72742745567444
1PoJXULCvl03b1fiZmMxmd,65.03500300454617
3HMB8EGoXJFYG9uFKTlpaK,29.753459595630147
2k96T62rRwtvgFk7Uatx2G,19.48865323729769
3SuuGrAqprpL6NA9xMqC4K,54.69064649109124
5RnXQZ65F3uEHca395z6cz,43.2877946691394
4owHUY35pdaxpH6UeqGjJ3,15.057300835193118
3jcMkuNGMExEorJSML33D9,7.956767346309774
2G55aw3GHB6kKmTxjWX5Mf,42.25569698418428
2GsjN2aFXJ5c8HR9eEuTdX,30.47587786399437
43mHckutQvJr49nT0UvRxy,57.34458029759766
6Jb8PXvsr5VGF0kewMXmaQ,28.21454434818998
3Vm5NxQWmQ5ozZpIJHjFaH,45.9290911232654
10rChmECwPcvTTj4w07hq4,36.01285478680955
1p91OsZmF238uTCeZxuAi9,0.0
5pFXepfAbXlLUm5vBZXXXW,20.337593746472447
6Na5uKk5SsqZimk0hAWo8y,44.67974369230752
1RqpijoxxQJ9FWS1V56DeE,53.801558228767725
2gNMXJDKRmKWuevBGjN8wo,59.91421730064874
3V9VhLOCj3ieDA0ZC9lWNh,20.005000525380662
6VixF2QhUqNgcbH9SujeiQ,28.432347783538795
3Y1TE5Robqc8DX353CYkHn,23.149717723128056
29wJiSQcze8HEmxkUQykyp,46.34938132054492
2ZVWZ43K5wRHNcMhqTthAz,45.68792179005981
0MW5zwGXciXyVdFwQbvBq8,60.85766745973371
4lLAb7SzLQp0FpSUIqZJdQ,1.8698096429298023
2SFq0UIiBWkBgky0fkrHP0,29.960775719877386
26cV1OvQgnLdM1HTVj8ZMs,4.310708137410462
7lrP86Z9b3e867M4EqiDk2,46.107858745575925
5mYNWSc1AE7pWS3Ax4e8Dl,44.27213850852452
50nSJ4OU2clW8rUnVDEKrC,4.429496332434752
6BvRzfqi3sMAoQYnRpMVL0,65.2321202335754
5IUUqAHVeuy5z1gjcVifJo,40.83738060772078
6w69nqXMAyHsKmdkt3R8uG,39.41881369791988
5EWPGh7jbTNO2wakv8LjUI,12.342068135421025
3Of5Vvox7DstYj6oET5b2h,63.81620723289093
2NImo2MajNai4CLk35wMut,56.82902956554014
34oWbFBfGEElvgO0a5c9V4,2.7968845808431304
2FnukbZsuLUY3BK6lWtx1K,41.78094818891596
6la4J0jrLYvkuS9XBypxIi,0.4249898189554005
4UNhyW0R7qylxrF6Z0q2Tb,62.46114037551523
7CM5a0XznEAMCn5x88hMOV,47.99681403249112
1raiIrqaqRAqZmQWZlLuBd,59.164376334655444
7Ht0v0LWBCOEjmNQ0iMpNr,58.75705771786811
38xhBO2AKrJnjdjVnhJES6,23.212616242359857
3vR6ivBSe0SWntHyEzh4X1,31.531768841767132
5VaEDgy72bTbPnat9WHe5y,0.8558964007304205
5YhAAlelWek228jZzxgEfr,63.94723050421526
1ORb6uGvpjsFwZK8FUpzWy,32.32411378505018
2l6sQvgAOtvpkmN5MD4qPA,28.995414615007935
2f237byd0A2w0fLlnVDOV4,64.73048330445653
3cuykPS9TJOWufYPvTUOTN,75.25080852950849
5HLes17mwCwKt81mi0Tk35,40.62530275335596
2W4yABdLc4Jnds67Poi5Nl,63.62973350532889
4EaO2XR7gWaHq8DW7nu1iY,42.46304165396029
0ijKW319aVwVVDmFGU4rGC,41.1486304857522
4hWUOIDHda9XOb1zDchftP,42.217047926947664
7vrbpecXeRa2GxHWwot58B,12.815280401086019
203zTFd1zbfG0fiOG9OREv,38.88476583985607
7KVyETzjPgXWy7HjkOYfnK,28.328939720949826
3HCDGtLZabH3umLgwCBpDB,40.14494020508641
2yx7XX9v7M6yhm2fBG7K3E,21.33922218812938
7DczAzWKf2WOretzrzQOCf,60.444445558508306
4P90OxmWTJI5uAt9e65lMV,24.01090885722619
0u6CqsKqlArqFuMVKREXp9,35.07438250552683
22VdIZQfgXJea34mQxlt81,67.0062875284454
6hf0RpxTbOprT5nnwzkk8e,6.564605248151977
13J9mjAQNq6vmq0ni3PmCA,39.56207706570271
7nHUD2xhqkehsYk3PT6QDs,77.28076260086378
3zEKbhms2GDJQXaOLZZjAH,64.05616428936962
16P1PlyrHWjWKMHWQtDuDc,36.914191201600666
3F7LKUuasfyLrNCS1thKq0,45.26747987190382
5zA8vzDGqPl2AzZkEYQGKh,57.84698447520093
5alKIB3JaJ4N1RwbsTz9jO,18.943741570813653
4kWO6O1BUXcZmaxitpVUwp,49.51434046540125
391TUcoPonqYykPkSZ5Z9U,44.617103499529115
1cqWEQ6TRfYr3SBNh7Ni2w,31.78130409583586
4D8xgk4Cin0beAmJlTzohD,3.6038655480582014
5ridPhhb2fWEtyu2EZk9aH,29.601004450859026
4vK7YxgpYLEU97fA3M3EeI,40.06298397770165
4pWawf1Rq4qHDv4Ktqjg2D,54.109077732689514
3S1x2oj2T4CL8pnJON66qi,10.655825939242087
0S3Mp5NwMiK9lwNG1v1sGm,45.11589095859928
2dNyGWJDXBsy6nqI2AYRkx,27.89895807498836
4vxsJyTGsAxnXWDuYseeQP,38.765713854636324
1KLpjQFgubHI3GkAICCNH3,60.15740115265451
2N4idqj9TT3HnH2OFT9j0v,73.25867239434392
5RcuACCOhgoc4ZH57AVCLA,51.50540819944296
4jXTQ3JP6wnsLrTDg2KZ5p,19.631542445441553
1ThmUihH9dF8EV08ku5AXN,56.37009226430092
2g6yWyKWJQDbRdWvu6hXVq,3.097942674067614
0fUeXvuwXDKRNqvrxveHWF,32.87432262384895
5pVk15sR3OgIeKBKqG9jWw,32.27383360026311
31LIXek4OCRgKJn4RWg5Yb,50.30246787001299
4J2VSOgTTrDME1UeQk9qiM,1.0268954073243646
7F6NUXWXERbJliGqcAxLIf,33.34213633713779
4Xv41B0BJRcMBJYpavNDfD,36.981707095290034
6EIETcclomf0Kq1QzteiqM,36.51219737044064
5DCpa5sx8KAHUbbMf4Ug3W,8.915154602278262
6mnjcTmK8TewHfyOp3fC9C,64.0172515938806
5Iy2Jj87Ha0C0IBlNE1I4y,65.88652160451498
3FF0SMFxv6zHwNzl4WrhtR,18.819582734664678
34MRi5GRWHFUa731JBxFEl,51.6766664698775
7dpFJmdFiahlgzzEmgUwoN,35.68542095902021
6rSuL1ViLO7Aljn2WD09s4,28.92616150880587
4aYMKMpoKrFBgo3TTIYT2Z,38.561835524365925
2d8QadEHtIznYQftCI0r31,6.00465088716762
5fXslGZPI5Cco6PKHzlSL3,33.036948094211866
14XTeULkTlXbtKClGqWMb3,29.53873081219606
4ywBPWj2NsH9DBTdMrzXLJ,15.990410529973866
5KpBYmEiClvljtwbjEhIJq,60.340153847779284
0UFDKFqW2oGspYeYqo9wjA,60.897827051872575
0Zze3tFRSNwL6KllmYjLgZ,16.975578177021077
7HRvfjNicVkQnohrpOvjjL,53.10394735435336
1dB1kzLOjTcmSHttRd8bnV,68.35456814865768
2o9Q5VeH9Dw0IAps33XDBF,1.6782255198510214
2ypT0w7jeCwcEQQvNE5o92,52.98884082691603
121q8jKrIWA135KrNQwmCq,33.5485791444383
2XwYeBzumtjxVbFWwhJpsy,36.58570900374561
1WbMAxHieH1wOCg5WVav9n,32.760443561355856
5cYYs1vCd0G69632Cs8pmB,29.94666585785923
3JPMPDLIxizTViltvBQdJg,35.63942452602984
2E1V6nbjINpLpiMaWMSYZ4,60.09649931235585
10igKaIKsSB6ZnWxPxPvKO,59.789204991699144
2s76aKBWKShlwPC4xTtEEE,38.78057222937194
5xUhs6dlfkcxZM8zq7riYF,35.28901778353482
2j85ShNko7d2pvJewzaM4B,24.836716722335158
0xLb9aKxyObbRgMnfW7bvB,66.20853654964654
0u2P5u6lvoDfwTYjAADbn4,65.27578152326166
6i4hX1H06CZsc5GPSjnVRB,8.74673406583088
3K8zr7xc6wZRQ7xb2xijRo,25.155586662109062
73ZlmJxexVebFozgZhEhkd,40.049598950157495
0XbFXPpX4bafszOVa7fm9q,39.98034667959992
6Y9kdB2O0h9gq9y2vclsWT,20.629645178321585
37fbh6vljxudB4j4y8yNWC,43.38334733653752
3Wb4T8OJg4obJNBMUYgfPm,9.353163186813022
1K2xWMZP8mgMXAR5SpcLQu,50.5364618065024
3oXNIpoUMdk8qGkwCeXqGv,39.27323922241043
3VhnviZCKMbE67tsKYRJX5,5.2463666727378016
2KH9tWMNpKRIfEJlx8FJbk,8.384376274538663
3Il5pMKaV6gOwad9PwMhPv,36.750006397600124
4C1t2nqv76ZfvQPOAACauL,64.66008652855177
3XWRc74od1pT7MUkGiJmoW,43.377786119141994
7ImEkLmFjUFnrNbPH97JWK,3.6701597124608476
3XjAgiBvWBKu1tHSLTgffX,48.16548483916971
3PCc1VuBDxg4V00Tc1okLM,2.05283090245688
1mVyW9yfPHVp8n6iDMTJyK,34.296404702656474
3kQhWtoluFHPbcBC6gyYrZ,37.451507173494925
5KoRwyRC1Yp3fTQQuZeMbM,3.5145138237140223
43A8FeaAetF2Imc28DX29I,53.336003337427414
0elXIl26ZrovBULLTrEGK6,17.08520092189065
3ZFwuJwUpIl0GeXsvF1ELf,65.38366298438766
5MChi9fdCbTIWDJPPUuuW6,56.01744868743011
4LO5DjN6Tp3UkUvgESuy2t,31.80378050496205
6sDP4912wjwB7BJhbSnjS1,64.15152600743939
478thMMvYGris8eJPcDRoq,46.17774742075643
3pCkuopR4wBW8PhkLdlKMA,62.16776324923078
0hVXuCcriWRGvwMV1r5Yn9,76.43599041485574
2X6gdRlGOQgfaXU9ALUQFQ,43.79434764204197
1KfIZjptrvN6jUpUzzRYiD,58.137913350898145
3pf96IFggfQuT6Gafqx2rt,62.74748913346297
7hhePWBHR8oNZGDV7Xz16b,38.681206429985096
30DUFFqN1JhGq8gyBjFtub,48.92114632975203
1ixbwbeBi5ufN4noUKmW5a,72.88423893886076
2NTVtNcpC0i1R7LVGaCZCF,59.98999075755134
79XNbTRe7WKZwnttyvkuIy,42.70600315129974
7G2Ax4k5WN0fGlQZQKWXwr,29.920764385939584
5hsExtdcPmoDQTc9rhK6ui,6.0904549780954
5rRifW8OsCeZaqDPjxTSTq,9.239858888270648
1f80Lhv38g7ylh7LOToYwR,42.16476211579339
2C7PtVuG50IBrcUlTZ13ZG,32.285338738655135
2GGhdqZ8yJwgici7ko5sdg,49.71647999681356
5uEdRMxRDaWOA4ZWMOEKM1,34.151748359948044
50u2y4zgROMZq2db8Qx94B,42.61255903101077
0WrrIkbhC2H4WRqxqY1Xot,26.838093843134665
7BVMXNnQSswMX8IJeZUb5T,25.279131520316714
2HVIfgb2kooROnL3H8Wefe,22.903294318036103
3Tk862X58ciHqlNow4SQl4,2.3959435955736827
2vfvGlqCB7oertO5VLE0sz,54.355960267369554
29NokCJQHum6VXYPK8meeX,17.552006757278313
71HJ6PCDao3hcgOEUX8M22,38.840784483168626
6r8DKNt9BlrOICBpqUVlsP,0.0
1iGXvUsVVkYBas0Cniw6NB,46.19823980593145
2M1EWNXyKRnWHuoU2hk7Rq,36.905985060811716
4A6Lx4yU4IGBAJPIAJpltI,28.51713168421874
0feKZeNQejawicLLYdyTdp,29.563251361257443
7b3OfGX7LuIyTBk6FMdagF,4.926920614604906
5xpScO7frkFncHij08H2C8,52.72253549729156
6l5XnGdX73q4zuniAQgKYC,30.654125469228283
0s2bQRKvEkKtN647yTZaoG,41.7326697347831
7xe3EQCvXnx6Q0zs41Y65n,58.479752422831226
1dM25yro2mjIAO5D1SvFDr,45.19234309230325
5LV0oQV98daZAUoWnQEW6N,43.103711896541476
1KngDoxfJ3fdTEbFiIMw6l,33.0790295869036
4KbdeNTyeWbN3IljXBtaBU,0.0
2fnuoul0x4g8ZYkAYNgAgZ,42.69565549568817
3qaYuV5XZAwiOvGE91HhwS,59.028476772870334
1KMEDSIl2j1NwYa9mgvMyg,64.41535724575206
1rlNpTZ4vEU69lBnC4z7Kt,68.44174948298044
3Vtl4Xc9cKVs1UoenXtScn,58.42090159172763
6B6MWIzXwsTWQpqYzw9bBI,40.30448884909745
7uolkTLavH97itenLjNmx9,73.09947279665106
5ZEM9j0jrFr5RdHEbl2MYV,47.73302169839726
4Z1PxG6UTqVhsc6SzjBip7,38.40309117568803
5m3GmwLuZSP00IzHdxsDIV,11.070827775831921
2bzlPlkTP0tAayXu4qqeOl,22.806739641150394
6feurIHW6vyqq9OGOieSVo,38.33439120449565
5Nkb9ux4VIUED4tjG1Z3KS,79.52413363767347
7zyLObYw4QUKQDyZOb4J0Y,29.28800709099635
1X8mgsS7R6lcKLjDPeQWum,31.939382026088147
6XIQe8CyDYFHN0iCjfRIuj,48.758859911657765
20UdW4qyeOmKa9YaOcv9WX,30.41375551133696
7lVxWMH0C3Bj8b8JLkh9EN,26.51099718483364
2ZyuwVvV6Z3XJaXIFbspeE,40.131835957842284
5BIMPccDwShpXq784RJlJp,53.761400810874086
782CIMTujSmNFrRuAVhsqd,66.20770972266166
14OePRS8B28wHaZ3g6sv9w,8.674826471310377
27SdWb2rFzO6GWiYDBTD9j,62.82106290814663
61IEe4ujPKOU7OIyubydfz,42.14318162627115
7CHi4DtfK4heMlQaudCuHK,82.42633064238456
1KgfeuVn5OlsBEtoEmBa1t,65.09806887941883
2nrKuDLvgJGmxqPySyKhT2,28.361451284027826
3ZqjDpr3qCZnZBPcd0Hpj2,47.31316179265804
4NO3hYYJudCN6MrcToFCos,46.43396248144782
7DtIdJ2oeqBIeX8muz8ybI,38.275756013465255
0fXTcou0FQxSGksz3phLfT,52.56360168590422
6vaSStNN5NX4nJ4QbRY3S0,46.402773522940905
62luj74AgGkT6sKGqTckdU,13.03977767442096
5MDv9EAucvoUKtCCyaCFHD,52.851775765188805
2cECvldC3qtMue7yH9BxGO,12.70611329487947
3C7nmDDHszTddjFpdPlBvw,0.0
4xb8JHIN56xixSl6vkSPjm,43.180533146111905
1pwo8l3Ko7idwaz4LVUEC4,69.38015317773494
3dUXPkCP34x762v8cOJTRt,52.91508710956886
4trEYmH1XLvRC6XNkPpOMK,37.65111966339143
3gOlVEwSmsrqKt590wbWt3,62.15992857587427
3iewNLhxQyJXdYVYFKj86Y,41.689375543566776
6QDbGdbJ57Mtkflsg42WV5,37.44470089502042
2hSiACXW5Nt0yUxWUsoIpU,25.817634426787198
2ZS0wDcdfrJPC86u5aJGo9,44.27177429569545
46b1byPHqlHMZzddmYgrSi,34.55565839702905
59HKCnY01wQLydrAWqbva5,37.759614822175045
3bDgjbhgJrCsKfntgE8xT1,34.16667728415623
5FvlQZTm4eOGeUiAB1bKc9,34.208633165686415
2NhrdplfGpqU2F4vIKR4Hv,26.51658375342385
158QZS0zZ4ycGZtZFPa7In,26.07152076650015
6s1lXoCa6EmIGnr0GrwcJp,56.95354335494688
2zGN2Pjf8FRZb3xYM0PkF3,36.234438238303014
1PelBdlzW0xREInIHMfeUC,33.60515820993695
0V8SWgdKA0BWydzwQflZAY,56.12767540277028
1PGMfTSkrMfJBdiFyAztv0,16.050548452844627
3KKmCToTNy7Mnvkd9k0vVR,18.783603115816494
4BP0An7SXctTY4kF41JxIQ,62.68396847670956
3cw3Z7mS55gd3NUjh4k0bL,42.37480472595433
1yTJg3lyUPmwbnve82twH5,44.766873290170054
44Gv80wmwzVpHGhlXttYLs,59.04109985779927
0aN6WpOVcTE8fmmZybZzc7,37.66222312693064
3bE5slaVEfaDreqARl6k4M,60.13819765972577
01SfTM5nfCou5gQL70r6gs,60.54144855691012
0MLVUkrPCpViDnl0R9dCpp,36.558132045620795
47dUWyurHWefCpINwcvit2,35.28901778353482
4Sv7Fo4bSpK0tM1WBspz4J,52.57524279124615
7xapw9Oy21WpfEcib2ErSA,58.100023275058476
7yF19wC6msoj2cGUEtlm1S,51.88440051428913
5Wb9wMLponIA1jCErPxYId,40.6851745290762
16Cs9KsHzgunxaEfGrXysG,45.443276276582715
3Kuu5vASpXK8oRsxOvau6P,67.83082437445584
03teNQu8rWlFnNzF1ULXIq,47.048644469782126
3VvA1wSxukMLsvXoXtlwWx,44.22547974194263
0mMmhuNtbJalQCZy5VhVwk,17.53324092861152
35nsl8YiBIYw1YdNmkmhnk,41.05286363999508
70YTBH8vOGJNMhy6186yFm,62.95805671005887
5k6ofghQIYtSk6EgVPuZ7V,40.716537773348996
4fbvXwMTXPWaFyaMWUm9CR,66.75556667243015
7ykxSoQm6XjECYgiu5GcPX,36.211280984852706
5ElpusNZMl7iKKmVuxC6EH,0.15279180964292635
5PjdY0CKGZdEuoNab3yDmX,86.47210210087795
411GxeLBfejBTzT1WBXSgn,52.877674747200494
1LShDXXs40R8bQFNBBupI3,45.285001935292954
7LINJ2qN2WlTuL7Ij9JnyE,34.954662266509345
3Dfy8YIxq89i84t108TvMi,42.570539690004885
2X485T9Z5Ly0xyaghN73ed,36.36678225132039
2yAfzkn1JFekLsqVDDualq,60.424586611175734
4aFC7Mes7CW5vHcb8ZApAx,60.135239567968185
3PG7BAJG9WkmNOJOlc4uAo,59.44570042606753
00GfGwzlSB8DoA0cDP2Eit,31.365716031840957
7lidXGPXPYLNThITAOTlkK,52.62390059239252
3PQLYVskjUeRmRIfECsL0X,73.39527699620072
24POLNX0OpqDtFDYHJ4WlX,35.529960190507786
0JumfyG7GUshFjxouEXwhw,69.482808118545
6bUNEbXT7HovLW6BgPCBsb,56.495473171915926
5teOR8KU4XNWY2WlVUDiIR,60.69221638860841
7azHpw0rPAouWya981SjGY,60.679725715270365
4L96lPXFu0bNll3XEnO0Wq,55.71660690083214
3Dkfcd3DbXGVmM05KCRuFA,71.32595746818726
76ICmoJ4PcoMWoooaTxnQs,49.78795905843371
7F02x6EKYIQV3VcTaTm7oN,52.95428631301596
12gG0QAqYFNZNVi5YAruLB,45.402676403450336
5y1Uc72BAKxaleTEXpcJJq,51.79192219990643
4owZgn8PCpafrhBzJD7wNj,61.085108392655805
16SsiQFVS2ZyxqqF5OB7m8,39.402463560228185
6gVbCnRpMkTMN8ipFMAzbT,1.0183893946464235
3cCfCaMqeAnTekr6sf2rX6,47.23344571314821
4GHG80QW7qKZZTjfMw1QTy,7.3911367539326704
4f0xBbWvKWmuB17yebh24a,67.47209649723749
60TmG8cFPMBo7kTTFOLiAB,53.372190544364265
7oOZpsUhFJd99CnI1JLRog,33.64729194197825
1nYAl9wYboVclul2fkCiyr,0.0
7sycKW6BGv7eTXVdtWkqom,29.798169150998167
7kriFJLY2KOhw5en9iI2jb,55.10820776190055
0kELB413kQh5WBO2acvnfW,40.08540331630451
48NmUbjBeqaHbYJwl8xFm4,38.32474529982384
5bs5GopDitBx9xjoHHRDoo,60.47769055674888
7GIe4NWkPMwWuAQBJACzTn,66.12713151054751
1NNnmmBEaId0uoWfvtNd8F,45.22545932552423
4SSnFejRGlZikf02HLewEF,40.31868636975043
4yORBk6ZyYsJpnJchyZevc,55.64746068097248
21CaraclSZHAVxAQxIfNTL,25.997799340152984
2dLxWmivrCHjJbYAkVNFyH,51.07588477739019
1XFHbzTikXks9CsMq4v8Q3,43.73811109622332
7CsVUx8DOETj51yPK153Id,24.737450451224717
1JmEymqQwLXvCg3sJ7gz0n,44.42774538566699
2ZfRaS9IbIDgMXAc2j4KCS,56.419537400355395
3IcIIZMMS7UArJJPtEHXG8,58.004334208383405
3Dt3KBJAOwhU3PrfVPFRt1,54.714084053337814
5rsiXpifJ6NLCpdhTgOWU6,30.990687935284196
05Q5sFIYy6KC887fLw9p1y,35.36416626208835
3tH16kQXSDJpawV0HvCj2E,32.38340970296718
3XofThdII94fVjvIj2QUci,49.827400524728446
06ZQwfPghgSJ2L6bXQUxO9,51.82779303795113
0Z7O8GMQShj9TJrm2yX1R6,33.49892637909427
1nocRtwyNPVtGcIJqfgdzZ,66.68400448402258
4npXGz7CmayWQ0gIfMldbF,16.536714717094576
2E7W1X4maFFcjHrVrFA7Vs,43.793572027469544
1g2Z2lOrwayOzDqOc8EfbR,71.67174533996813
1w9L6dvttZalWd8XqFYvSa,65.6923563015032
6Ozh9Ok6h4Oi1wUSLtBseN,55.49586236296756
0FGdaZ3XAL4Jw6v1rqUcmk,36.214368243822186
6ehaWPjsNSf5HWOXTEFSUi,28.412778615621644
29HaKOpeLSYvqdFyEQSRdj,56.514378999042925
1JFx9R87En9oJOi4DRH1e9,55.56653430798613
40XeGNGFchGYw7y0ue1GiG,58.55293790093226
41knNw2OhgF9gouyy1squL,37.812858438708375
3ZGJhN4unVspOqpwGvUL2W,67.85216903486432
1X4l0BRQfy7K3VkUATgwro,30.422512359986307
20fAoPjfYltmd3K3bO7gbt,53.523959236772434
1GcnF0cnsvfBHwA7Sfyckl,33.13584644232952
0l8muCpDUF4r5xFZOPf0Fk,44.57825647535757
33omqR79fIXhaqdO4kQFAz,44.646221688124335
5B6Z7NwVqA7W3UFiqBdEJC,55.69227380860896
6gtNiLJNLBcV0P6Juenstp,64.34572776262468
1h3BdJQz8iq2eZseQH6pt1,27.544103314547176
4eUMbFJ6l8UogwBENovA4v,8.852400589364242
2DvRlLWL2b4ymoVfHkmynH,44.66100611483577
624AL3EwsrgGIp6bdwmXgo,40.56048309863093
06vSnlO8lrC5o69qz9fW9f,21.421695397313883
4rCFiYk6EtafNSfr7cvqQo,35.55565915137506
6FQ1xaOVSCw65yddnQT1Pl,0.0
6kugAiBi0pt4KmV2ny636K,31.00377715819934
1XanLfYUUBB6bLbnSh1KyU,60.72335674263673
2c1EGwagV1sT73NimGsqIh,39.00104794535558
4WjH9Bzt3kx7z8kl0awxh4,44.861507039872556
7guW1bVC4aTIjxCeZpjbsR,8.623020815868662
3oAV5Aa8zx9buAu15zHNlq,60.562523801040925
1cWVUrMhaVcLLW8nRz1wgR,40.82667780731331
4BUEgtfQSZkHbjjztrKtlv,48.813564275352164
3fnqNxjN7o0tJe7zOQZV68,56.1438034396476
152lZdxL1OR0ZMW6KquMif,69.75669075326334
7xm00X2IBPQD2QDDFxCGj1,39.42234298329196
7f1zjZG77S891Uv4O68yfk,59.59459120622872
6K4t31amVTZDgR3sKmwUJJ,30.37216100562725
1RQ6Y5q1673elHQHYRfssF,67.50521604351637
2GDWnzRp5wsBXMBtR25dzv,43.31706142456439
35SRuRfp5BvD1yArmXKNHO,41.386932171018806
19cL3SOKpwnwoKkII7U3Wh,28.27974391816454
3VFj5odD26z1u2eV6Vwxa6,40.1833742999326
46ZskDsXyj6SY4ILqw1XvK,0.0
5wZK0hHduZpjWWoT0rq9p4,26.75320776134857
1j44jBqva5YwRKsbYF3tPA,67.48304189794612
0kz60VCKOQrGfv7fpHqwyf,65.00677652051687
3f9Vq2NkEErxgbToSAztFD,53.49832094717113
5oibpY8nzNR2uCPKMzLeK0,4.811353541050188
4uQzfUUpSPtP8378Qg5aTo,2.9274193031416127
7nQgBpoTzmbEPw9EpZwCNN,45.89098241828771
1VvxCZlzg8j6EJse05rFqm,22.672038908267876
2p9P80g69GvL8fcIaBC7nu,38.88756605150856
5tHf0v419Ia09AS9sEK6iF,44.531473212151674
5PlTDE2RLbcC9vBzbGAG4y,57.058488383137174
2ZQA7o7JuTInIhuj4LXAQH,32.62629613130597
0zMxL4BTjSqCsUtfdlcL8G,57.6078687790631
2kpziA4mHuM7Na6La4upg1,23.959152823948653
5PK1JCSdr34gWgzYHgt3Jq,66.68065471871087
0l3GEbH3CviUytD6iX4wzg,63.406728023035285
7AxmT6cBkyLwEnb1IJWtUr,36.148071383883114
3N4tKKBTxNI8OQIZbpS3u6,25.290869497720305
3tRv4ZYZimrL27flnjgeR6,56.70484776008924
0GZpxW1UfoInSJug7m34fR,0.8892058669256552
4KpKyRFwN0gcwj58Uqjv7q,62.07145206515181
72BaF0PLFjyY5mylb1xUFt,70.01612455263256
1lr5prHQn7Q766Ix6eGRKK,61.293153889357114
20tnxv4NAzTCayQQln3EZP,41.24491862512999
1TNtYDtYKh0eKAcZa75S5m,21.494125166688416
1yLbnUcF6VkwYx4vNcM8se,52.000411925939645
1fhDmmuIYvJLL2wwT0POgo,25.171531319347125
38TKoPHawUi6MEcz7I4GKh,34.418639172864594
61wfWYE6b8v38Wrt543o2Y,42.12509094795263
7xgGHigPZUBKc4neD74lpG,27.799724750305238
19POCZOP1ACwQ1MLsaVocG,61.886633782368236
2s6gzgAjQIqv8dhFZbyiRU,1.1284036666283337
1z8D74TYKRh4gnRKxlPwmi,3.613802501387219
2QG7VdagyaOCbfWn39xzAm,35.795080531645006
25hwApAUAwTmsJgVFzwuy0,24.43889779163095
1py4qzrEEkOvU8uTHYLuOW,49.4376136826261
1hbjib8Yw9SzAOJ9NoOg6i,24.728167804204134
1TwMtZTceqLHR3aAiqVCOx,18.926192071434528
2hE5Lm5XOHR4t3xlhIFauP,40.663789231487044
3rez7t0KrJuhx6HNAyFYWH,14.727480485400154
15xWRPHQMeqgdkGzInx3PY,72.95322418290652
6dxm3Z8U4lOJTWo6cGVDCR,52.33406941798962
5sn1BmEOPP1bu4cZq9OgoF,23.798082415910518
5CRVwXGikmqzoRO6q7FeAg,73.74860774024451
2W3QTyPSI5Zg1a4Cm3UMvd,39.16164044129543
0hPjv7ShJQkoZM8JiBnTqa,1.382212355607391
15Trb1S2FDZSMLDzWfnlbg,43.58997881886029
3D7XEL8aWSlX7ShBiZSe25,1.9315151633874348
1FGNS493UKaQOSLLy5JBId,46.55052118405108
4lJ6YVXQ0jUk5ILu0PSrA4,63.79583752678502
1VvwxqIfKRazmvE7zdDFRg,57.16721854085529
6EWepM3ld6UUzS2heUGNtg,54.65534589962641
4QfARMBKgy7HaGRme8JXVA,38.709569611950506
7nHmJXlyr4AIotI84ZnVFP,20.979945399008788
1a8JpAL3vbAdXYrEABvOtb,61.03455377105411
0UrWr7Jnu1heq1o99ZwUd0,34.769974190899354
01TzbTwZ9Mce9mOeBpH03i,12.317307409348295
4pmc2AxSEq6g7hPVlJCPyP,58.61606213859607
6MXJQlaY0IcNjVDNYeYj8y,36.85631974575452
7F8RNvTQlvbeBLeenycvN6,35.73469244370563
1Mf27cnAF1Q6Ko83XTM5d1,14.814010018371823
1qPAjsTdQisXGW5BJud7im,38.004181459387674
6lMP5o8aLczm4PrV1WkuJY,27.154927288999197
4LwOrnuxJwR7C5Sw4liY4Z,56.83972287397474
7C5GsD53vjiYZR7Om9WnK6,1.9315151633874348
1jKYhH2LpyOpfCDfklX9oc,38.54176130620216
3DS5qjkZLta7vu6U1nLj35,50.79839448254062
6eGTANo4ak5Tb1FCBLtoFT,0.0
0NBdUCQ7N2Wm8rZgWjS5Uc,45.3097473355496
0WqfoaxUvOhkOcUYv0rtLx,38.39437735869657
0YOVFzGazR21xDobJvGkxx,45.403391473941824
70YvYr2hGlS01bKRIho1HM,45.90437319580941
0sHNXeuv4Nf061i5pqdRCt,40.8190660207696
3TzgIJC8U7o57nx8xnWvnt,60.860395045101015
68ae1LwQdpHhYwPrz7rTdl,49.43931270749162
1zwvZLb6YWNDWBm7oCOtDq,34.02720996843051
1WDDMw1k46OS4W2IGxmLzj,7.367462338291139
2At18rPHOuTEjGEppwGV0A,47.06788115288863
5cImOblhS97lw6MvbPupUu,33.73278754510328
4a87wpeqAcOv03pYihEzku,54.56373291537011
5gJcMDLHDllFMhSPByZhhE,19.283931366982078
0yFu8XNnKr0ium4NrmWCtB,45.90218971355306
7C3rfIBnbBOyRl9J9V5dne,15.696863883360267
3s0JQVCSayMTDBlpC9Hub6,11.887800898302268
0h7lem3jmeZbW7wa0q9k16,32.749338774087384
7ruylcpwEbeCl3HfB9SSyM,65.08481313260094
1RXEb6UTxJ05RffnAWfUOE,50.352876016071235
0GIOPJKTSxagq3rq07Ch3U,47.936416415562526
2B9wgj9XzbJZLty03PRbVo,53.06190190683448
2v3DuCVBbopteJqdM7aKQK,45.27292789149244
3XjN0mvFkQp1FMVM9Ro5hm,18.715224865803947
2KTAe6vWRor7wNIDOZrtfr,48.911402699046214
2CdS3DRqWR5LAhy4hM5X9W,46.353915588671974
0N9TTISCReU2I9PNtMVixa,58.97368179081381
2d6qTH3HKGwn75lpRtaEA1,31.461329691610366
5XUNFwRuBVEwL3ilsNSIfT,38.80078966770242
4YPv3f4Jd1MD3KmV0WoXi1,26.045930908734494
3d9snMJKWWca3FB7PwJ5gx,44.02738011898744
1pdDiwTCPxoE3MkoYoagL7,25.39404913882191
0QHST6B9xjYappSPkG6M6V,67.60320674709364
05xYoVj6QuFk0U7PVl5Tf2,42.851119064911344
4KupOOlpiji7VTKLm6b8nA,34.24103307415738
0k93MXOj0kSXo84SvSDeUz,44.63530110980128
6QPKYGnAW9QozVz2dSWqRg,62.14767521422037
08d01k2LOAsQ3n9JyXq3Jb,1.077810084101136
7MVrLce4MZMiGrm6ehdGSt,33.159332196767764
3BZGi1yUqQyCNC868AqUGG,55.4606105149722
5iO9jmJQ4aHzE32d6yEUcr,22.178839777446097
2L3Is8ZtUJ48PIUJVO7Gvv,41.35737605341862
0GRmh4ZlobfhvDE9L4CbOs,60.01771041725555
1uARbfg2RXPtyr6sqVQUif,39.4776797832326
3aZ3etcvQTzgRn2X4WZlzX,38.77805171731175
02Qo5DFgoGTiBGo4ZUvjXm,68.19193150731539
6vYK729O29XnvQqPWyLPfe,63.46680765157645
2PmkJu8MLrZNMZt0wDg5c0,64.02536867127185
215VIsT7adhjPuUtJkZdXl,31.324761216232524
2oaK4JLVnmRGIO9ytBE1bt,63.630331072917514
1lhLZGDYPwXeOjfpxMWtQZ,64.60436036506688
2pXIvOQ6D9caGsaMS05BpE,61.32726578617619
5P9xDjJomlc6NbdhztolF4,24.29911245959769
2KJwci3DPtYbfg7pxczvWf,64.31943314274086
7y2LdSannuZhlHK3eTOyly,48.492194497897344
3dnOzRIfSrxwuS4Ap0KrVs,20.65568942972345
1ZB2qWsheGabSEYvBYxjKn,46.276180180466014
602ue13V6CyZzoVvOgLiRA,48.1299458955597
4RvWPyQ5RL0ao9LPZeSouE,46.80867545141909
4s2rzq6ZpCfg5ODq0z79QG,39.45915527028096
5ph7N5CSES3txaZ4WiMmSk,23.71287006128231
5YGhQpZhMBTJ4ROUns2MVB,44.93406750367411
696DnlkuDOXcMAnKlTgXXK,66.25556526061852
3TETmhGNWOcquUTtcr6RIR,61.46798076161119
3K2U5XjczEXKxlY1i1WSj6,23.57055696419195
5P0akv5sOt042xlwdZ4Eoe,42.09395093450155
3r7kx6SylBJsVrvTZ2qXuT,0.0
7xWgCUckC7bAQfrXGZ8l5e,19.494995512376875
6iqQX4KlFL28KMqiEFMWCQ,22.633268675197257
36RRvYSUMNICOneKFv32cp,40.36934353888223
4zXvB4MoQD8onk0NCZbeHG,44.68031682682995
61sQYdFNS6sEBYCyr1q5gn,29.32610508072086
5UQOmTylBEdsIfSn37v3DO,33.13403233234356
7DtU5wN2b4dgOvcb5HNtxI,53.21641496173014
1StVUopuLYusKECak8YT8J,8.744614404955476
6Gg1gjgKi2AK4e0qzsR7sd,70.61520129629068
6IpdXlQF0cqHk7a8P5wGwE,47.91622632151601
5Za40sgB0MiepRMcV36FhK,0.6913317732464136
4I7JZeUvLMf83q6qIztQB4,52.79844297164148
6V1bLBjSgfpRfzYHiWvg3B,43.33471462673957
5eU8qMd0TpaLqTGDZJaLDs,38.91507382918891
6Qg7cgN1oZ5mG5nZe9UG0X,27.16254633713638
3rdxvEfBp86WNcRDLaFEk9,29.674710104375027
5xYpEeGFXmkGMBQ22NfKfO,66.54991381473221
04lYv7Y2Vd8ns6LCshS8EB,37.697948466273026
4yQCgQVUIRBUnLdmXtZ0bo,37.70208883551671
4jJEQg6mr3fQsUCYTwhBEZ,61.8588837095975
1GNILHmZkkjTUDXuDDKw24,0.0
305E1K08sGnszjSEWHU0cM,43.868804396362165
6sk5whQY8BNVqodOygHYpM,19.54918003007464
43YkTTlOD203o9E5ZxhUjF,65.7344846659164
51c5Ej5UvkekPbgrC2kZJr,26.256861836419578
1qRsC0QNSTXiTvHeeUlN5k,42.660417319511915
16kWlym3NFVuih08Evhbbb,23.154776690143528
67nzOrlRPjrQuKKnBScUvd,40.421051828516404
19JvAP6RDVLg1xJBeRLzje,47.25929102598353
6wxm92a18bGEP5N4QusCIx,47.6918484877032
0oeXrzQoMEIRr3GkaLL9GG,20.970176092532085
4ReKC7WcYUHpPtXLqC7u0F,32.966566595761954
0eaSdnDwPCoXMwPMwko4Ne,41.254305285919955
1JtDiIzloMWhSatzhaoJPf,0.71260675177834
2tapMRhqLCvIWSj0uc569y,17.802273631539663
3N03MS9KHbonPzDQAZ5kfM,38.74465100553308
5Kd5uREX2CcXvFigm5oMdU,0.0
0JKY13K1Io2aqXJb96UyzX,22.53346471204195
6tRLpMmyh0DlURAR88cy7A,35.98206498474199
4L4c5BHrDWFucpAv8uO1kr,51.38333529115286
2uWUu4IDtlb3lbBXnMHP8a,37.67383817404634
3pjW5482iWgJVqQOpu4AG9,38.86688416503649
2BD4xBLpB3pwbyNXjWkIma,39.259460933948326
1OXfWI3FQMdsKKC6lkvzSx,11.444221067666884
7rXDc2ImBGwcypUFbNqbFB,57.79038337033966
1udKn1oNKYQSQ9OmiIWCMu,60.30118051557972
0NNVGrE1heWIlU7aseGcts,34.178320830756945
29m79w9xPMH4YCD6r8JSmV,43.95523010841091
6TQANhh0iV17xMeExcH6qj,34.819599252020296
0zm5UO5gI8oXIWF5RTW57F,24.5592882698723
0dVtsfDQqMuhoSfjYS67Q7,3.277587288008631
0Y2i84QWPFiFHQfEQDgHya,61.4191739481371
5TNhjanmvwvmjCz2WYwSAv,19.69954204499487
5zlwdlqDZ1cIr53ufIGBGh,36.24043813180472
4iFiqGqxaEQzm1CfoGVZib,44.12098595186488
7wmIhVA7yo1GqVyvK0TQK3,35.69020796965484
6b8e5tGBey54C4epKvIfOr,42.34096839693934
0QJO0Pb4yfzXIbVcidpy4m,22.32661092919502
4s0O3I5ZpVYfbuZKvNVfRD,52.97406405263775
7Cpn5JqDJR22FoF6c94lHd,22.83495450028179
6S2J2KAg0HMUmySQTYBdqo,0.38540190227491117
43tgC5pTYJpc5D3C9HRwEg,81.60586043613529
2wm6DCnWcWwfsIl0LvWYZ8,55.77536490192603
0Lc8GyUK7i6DWn6fL4Za22,44.40735685298241
1ndGB6rvxKYN9seCYO1dTF,59.52808036171916
5Exj7yGctXExjvg2FrVZh3,12.17855984673176
139kead5qSlyH0iZfsY4lI,42.48836622696077
0VMGL7KoAfjN3UnTL6aB5o,41.14040729779615
6ULTShYs7hdQsmzlzFMjFb,28.707050655160167
1B2WTE7h8EJq03pzY5y40K,37.55058194607615
1fLibtVj3MrNTwRZq5yUOs,38.97798349669764
1SRkUC6I28rxLS3XX5DDqE,46.44807744720372
5BugaNbZM9Lc7qUtd5FDir,45.56094672134711
0mp6WVhgI5FF6DGtYcyBNm,42.27773491368655
1LIqNVhaIgxXUt2eVoIQJ3,79.44339313973069
3h4T9Bg8OVSUYa6danHeH5,27.642379324249873
3ADpniwmJH56hAz01KnaxP,23.614871459648207
3atqfvHwNUtXwWhhhkVBm7,35.419085235738926
0f0k0OJ9VbaLHX4J1t2qUy,42.43984355357323
2FyB6FVV2F35wh175H6IeZ,37.74148247462175
40dr3CZGx83RL6ADIC7xvv,34.57283583383089
31YexNcOMVSFTEDGmQusSI,66.40864000175873
7ABE6G4uQxbNtYgVrpBBPA,60.240748154260714
5NQJnRpJHRaupdegphntQT,62.41616848811871
58c8pMaXi3xdpBIVfG6WGC,67.48707883733766
2zhfh99l7xicqovmsmmDxC,37.38432483062944
1sEG0kcqs9BpJEnehnNUie,37.57782064402885
7k6IzwMGpxnRghE7YosnXT,44.48187737340311
2qnPHH7uVDyBCRFJJ0tvfh,46.60377674586226
5GJtUX7Kez71ipe1OeDKF7,46.893012286267464
62vpWI1CHwFy7tMIcSStl8,60.024549323642546
3HFdPsHeAtmIrCz5fOYnp4,47.12658118748363
31Ye9wiX4cMIVbE4lJQlSD,42.166417802929324
23uAr1uFchpIySa5wpdnWl,21.04908270060272
0sk1XKozzvSVQW7ZU6AAW1,26.00757523763661
4AMr2yB3Ng41sX5uKLIlvQ,34.98398183013501
1C5e7ZRscn79tjMEc3swc7,47.58994995601242
2UM5jlU2iLXDEAtzIfa1m0,45.996297240337285
6AYhInfkWT8sOUKqS2quCF,26.29491963246714
5omSKZvHQUH8WRUTOTC1cU,37.96576043212667
2MrmBl3qmsA26YPvaiSvmW,54.142391176970584
0SiKS7N1vUscdccVcPCIHD,7.913219752160354
3J5SeyQv9mh2eEMxAJ4iNg,37.48838368598609
2q9ZHNJl6oCCci1DwAD45v,48.05008122254436
3V7obDgMz5bfPbfB6sNg5U,3.6701597124608476
1wHSxWBfPr3GO31y8KGrWe,45.92488412788417
5dAyTPhOd3pL5O7LBoRRbS,48.734375413188786
5n8Aro6j1bEGIy7Tpo7FV7,28.259226390257737
3LlEnO0INKAExVe4JMi7p7,61.27387398265861
5V6dktq2UGRgs3iGAeCVYH,40.67030281019217
2XagrzqlBPCWczTtK5dtyr,49.812036223650466
0BIpEYy15QaMusucc8H0l7,1.6501989918303817
6F1eS1WdVNyrWmB6WGn7o0,29.06977025560009
1OMyYLAtYUlAKmZjnDKNgP,45.19055733332567
7lNcGFFAqu5CLB1MU7jbST,40.01892502096394
7d06uajfr1DZUeKVCaE9BS,56.21617780345114
31mqc7EKPsJf3pe6H5jEfC,48.883458341754924
0NlGoUyOJSuSHmngoibVAs,61.433763815780345
1CMiSJKIt6kgOtqxYnIphc,46.81896883157301
36BpdNhpc6BuY53BopgMyu,13.970890022224854
1BZ9bUYt4fsF2bLVPZp2aU,40.84808797430762
2nekCvC9XRXQckWNnkIp2l,40.598202638732715
0W7AbEauB7cP4pidLclApe,46.62851392267093
5zMhnddQonZvMO5kSMPCBw,45.917370364995854
0Bbd5inN2znpGQkxZbqmmU,25.090427218279284
77ixMBo91onYG37mAZiaUj,41.60576191433561
2PhQfN7qTx5JxIAlIGMscf,33.182257610701946
1Cb5l6H3fxHq5UgqAJG1R1,26.753148100575327
2qsQ8eVDPmobZpvDxQCVQu,69.42478159896962
5suEtW2DUAfvroohjzgatb,41.54110311119729
66TnIRXFDETjxQnE0l4KKD,39.51534093724339
1iRC0WHs9uhAi0EYeJJB3L,50.128663203045626
67q0QsfLcTa2SqhP2wQbia,43.57003073457324
60qjwCGifJ8I8s4Iztef1r,39.32844812149739
7ATyLePQnHxFk5kzxWCcsh,48.418475937691355
1boXOL0ua7N2iCOUVI1p9F,61.47733543233033
1Tq4dufJO0EwRQUQrIkgu5,1.0183893946464235
5VGlqQANWDKJFl0MBG3sg2,41.63461865708423
6kcHg7XL6SKyPNd78daRBL,63.45966335821428
5PHxnRNat0vsS2Vnb5wpKb,35.45810858036654
2Z2vcMJMq1SFmteHzxJoey,13.41575935589173
3Dnr5MmVE22xUyZXqMPbQf,42.746766283128196
4UTTtBZGgpaNCkYH1E3lIO,39.12155055179621
6MT5BRtVm18LrgqSrLnJuG,21.92132881468379
03GzYByXsXHcoEAxjsWv9G,28.81209738611502
1287NimoHeJNaQ5a63Wjua,36.47195026841663
16aRTzHbanDKKyetUy2fpD,43.16983373718407
5bENuUfvW1oOEmh2zvyowI,26.740244632173148
40WECPl4ve5Vc5LWwK01k1,31.035621600606326
0hur9YKoUq3uwte8K30zlC,37.25596865388151
6gmuILX9ZEUWVmUaPcJrpR,44.65022440622007
7pd0EjaK0m2Er7fEsOzruu,39.43627412335003
7qbTB6m4Wn7CUIM6LzVMYm,48.02516693397279
3oMU1p4h2mL2YG6TbRzXOi,36.10984595464256
69UZ7jq0OEfymnk2mmXScI,3.955609632583688
01auWCuHXubb8KPZ0IXF4S,1.6885195604540544
5EjVRbQFSLYyeNLlO7qGLY,42.454621462540814
6D8WgDaIuyirn6egGauzVK,41.815778347333364
0jrdWPwYjUZvqfJcwE8ddh,30.181434800752758
59CvJK1sftyil2pvJRayYp,3.9969084214490365
0d2mj7p92bZEckjowsc1a4,31.539931662965436
7qwt4xUIqQWCu1DJf96g2k,41.63168549450454
4Ek8WLusFsNHd3c4tRwBtm,41.50278492206296
3iICKiDTyIK5qoVl2hXB2f,72.57960437892645
4IsO1J5LSrVwkQOIEdZ417,70.97372664773957
3wPPWcVuinAU7dXcJXtCID,47.299831108311665
3qaSqrrevBrb84xl5JlptU,53.0979006888617
0Zh5U48tZNeAzzLTV1CVBE,35.4892875360944
1ibeKVCiXORhvUpMmtsQWq,65.55959126215404
12REd1n8PeiHHWOh066tpr,32.1828815355891
5YScXJKtefsgdskIy60N7A,42.584540566749936
2IoSxedPj3lZVul8qUyWZF,39.01279958781441
0GxyutETmsiOx8k0bDpq27,19.941915028485308
067myxyF0oOrjlStXYE3gW,41.904288035781285
2XCTU3DJ9W6glWSkM2uQTS,29.88242372068541
4FkcMwtS9paR4RfhJU5Egp,51.71780560539158
2MuJbBWAVewREJmB8WdGJ3,26.097861886472202
3R8CyhJfVjvgIROd5RSGhQ,55.481768493795016
522oSSdYJqadyIK80MOOqz,24.4933077010444
6gj9PMazlwq99Z4dXMT8kN,56.38384449598368
0FtOxBrDP67usYNbqOuy7T,2.3372157751344025
7sJwGtoWgkVRwzujlyT3cp,74.15721505152943
2qHk6Nz5glNQrjW8Rhd5kv,78.67546652106802
4IoYz8XqqdowINzfRrFnhi,36.81553870613617
6ByLwbxejUuShgRKjTHhxX,42.48217867509428
0jbaVDk5DhYgSrpohVXUmk,41.4021464378513
4qaa8K8DVVRR50Fnwugiil,43.94864371063997
5e45GhSF18JYoLpaq2F48h,37.307677891385346
07V3lextjKNARavLlr9TiI,30.202451568622685
74cr9tXA7jk1KY1QkA0VFD,38.61910802431532
0UhZkk4agmJpbMCvT3OgLG,42.14417718499182
6JN11T87T69FzNoAsTUMbr,13.854656869977543
2dOlfDQwD3BSw9B9mrAEBf,38.746503535031735
3suGVjo7xyvFbK0WHbDlUA,0.7536845826891403
01M4pDUAFpAiuvtNSDRSlE,46.4214806444241
4JGKZS7h4Qa16gOU3oNETV,42.404194474385726
523rBG7JujtfjDokUxNpSX,3.2157798025542834
7KxhSJOYiqCDclXDBNlFSZ,48.733000986739995
30v27OarRyhvCNNwlJYYU0,0.71260675177834
6L778PA16SuyYvFhqnMndY,38.088880437231055
5LZNRUci6ZphLNjhnVQgWb,75.91735038062258
6hecXwh6EZHcl6rZyJftKQ,61.84969669669238
32zkKx35Et6A515oZKxDkD,24.127687459402225
6a6DtE4sVwF1TY4YA0yiuB,66.01324467968936
0UvCh63URrLFcPkKt99hHd,65.64050689790959
1FoMWISq2KNqKappkrG5Yo,32.826319152833236
19qgxliML6dF1v2upzP3j6,19.6370134038606
54ovbNY6pYLS2PNLQZG9ZY,46.3737926066221
4XETUJmrPQnmPd9elRiRE9,15.646675380331446
2BFdYguVhdbLjzWn3rSpP9,26.45991164749667
4BdGO1CaObRD4La9l5Zanz,76.89582944095055
499kFE5yNFDRMrhKz96Vct,51.87022012673898
2R9ebQopHFiZxUtMLHalTi,30.827061344328555
2MuOJXZSH66oW72tEjoCqQ,59.98689760648171
2pfV8fZZdLRsZYatVGKlUq,38.65023660691808
700PKIY07tMUJjSb2stekx,22.160683784969162
61CXA6nMgxRc9oQDmVwNX1,11.861921416178042
2TZtQt10Ajm3wB4MoqluZj,54.456086275553936
52MmMUuyjO64Y1EiF7Y8KH,32.33992053633596
2DyVUB1hwY3DCnvteT9Tuj,35.888913781756365
2deqDqxjn8W7JQ0szZMRdk,41.155751002017894
13yxz52EwElyue9PLrqcZY,56.214126997491974
2854fjg3reX87rDKe6Bk73,30.28286497679353
3rMyMv8EjKXoPnaRo2hdJN,34.655004525518585
0onGoqbOulLD4FgxSuTYcu,42.844969451114096
3vngBGUNo8lBTWhLybWeck,36.36610342798817
1xy4apMFecGGkgBeaHFZ2M,71.06629121134141
1UrHneob6DrcOGHJk9cnoE,17.740140185025684
4z7N3LUchksm6yMrH2XHA4,39.18195326270805
5buITai6eMzU8rJonMEI6e,2.457294048501021
35ZmCVnfYRdK1iLGCxNhMa,23.524769120151696
29R1IMTTbDDA3VNlk6UEW5,57.75330138226144
3TO7bbrUKrOSPGRTB5MeCz,46.23205426981687
56JyMaElW79S7TDWh1Zw1m,48.52022583005431
20b4zPkae70HGw1Dv1qrIY,43.73357520454219
1CKbPI8AygxJl1HUlmXL5x,43.609640004106396
3oaqIiIIu9KUrfqE4AeT93,15.01904933644774
7ACCBGSVoNukpfJ1Ah4NB2,21.29146878616293
19Ym5Sg0YyOCa6ao21bdoG,48.69669873001875
16NOHRm0OEjmg55OZAxVmV,54.03353157767055
3vv9phIu6Y1vX3jcqaGz5Z,69.20400084210111
0QQNA8bZqefrGfsShzlZkb,57.39496953638661
39Apu2gqWThmLWtuV0Xxl6,48.11477652204954
6b0HdwX9k0RtOUHRvWYl4J,44.77136582691496
5tvj6qRTey3pA3yISWQiFZ,44.460274870893244
41EwTNHRnFdK7XUI4qinEQ,63.12229502559594
3EC4B8QG0trMZFHBbiDKVN,39.26347518195832
5tVA6TkbaAH9QMITTQRrNv,35.66342614530579
3kr2lTVUeu1Dp6BpCyWBFb,47.06826920316863
4TCL1VrVMli3xC7HXKBQxY,23.88321195288399
1r6sFC5J0p9r3jcfIoSGDM,38.122383476296186
1FYGea2H0DzCWhcfikUlbQ,0.8727591129297388
36seMHoyXmLUNxcwzwjdF7,64.36408033721557
7pkpdj7AWQjujxxe38WF8f,55.27169085254548
0o0K36GEbmIjHs1HzbMjNq,41.959994434917704
5f3WAheyGQVAvtP3bFl5J0,20.585519598342966
2Y4ol1FiPdSPMwaEMJgXMN,33.152040351305175
3BApUOeS8cihFTyoMKQTVk,59.82785110842754
23YaKmzWDeP2wagOfz2mUY,41.724433297119646
7tMbZ0RGW0jFsBw7ipEPEV,68.38650796473819
3633mvXb7iJKBWBWDikfiX,59.42547449325815
7dsHYU5bH0qksf8e1loXcl,29.367521403156612
7xn9uXfYkFXfMJgaQxgbCN,62.82394793397294
0TDLuuLlV54CkRRUOahJb4,65.20237395249279
7ggOzeJFupffG6ksRT9rkn,29.29772381927361
0mjAU3yKR1QnXnHtjGJqTM,15.77079441807867
5a6WvCvpzP3flz3ZG0aAMp,67.66255991417182
7aQeWViSfRWSEwtJD86Eq0,63.6634612696498
7COXchtUOMd6uIT6HvmRaI,70.65416861763848
1VHszDbet9D1SfmPKkWyqw,40.31363015038955
7mQKKSqxpQD11s4Tf0tIhK,68.63539071867714
6mib3N4E8PZHAGQ3xy7bho,55.78357183658586
54flyrjcdnQdco7300avMJ,45.707842303445666
4nva9EpKntUTs6CRSGBCn9,19.801771273970388
6uE9hF8fIb6shBXrrzA12U,52.1522291449532
4hXUJb211iP2iuyoh4eV44,25.934870636770004
46O95G64syn8lDSFBMzfOP,63.776169341415155
0ez8HT7qqmwMd9wY7PUAuW,9.906893032209613
7CxWLI6FDroqte3DbucNx9,50.75108239191485
7vqUr6K2Js9Paq4kdNSOm6,57.32708159786681
1XjrpDJARnUJtL1wRUQMbI,0.6201342970768459
5YUMq12ReUUQ7lSWopDgDf,25.262660325554435
5zgzuSn1nRgZX656hWdAI4,35.722563045618
44p3bZSfPXU81yJqW5i7wq,37.60178599958404
72MNORxPoYqbnaEKJArZod,46.76002186336507
48lVHYfNO1TvL54zMNwVnX,68.43321346153033
3PnczrUPUE8F2gDYw4Eyt5,43.94705925862152
5dfmapXZPohL1PgX3y5jGm,74.04214287513966
7dRoKrWenRRyhCbSicZwoA,40.49195860125856
4G8EhnfKvBQVlOJ4xXCHpQ,58.732083164919906
1rRWFc2p77FYyb67m5YeVO,46.891699698529436
0J1SNj1evDHEYHZzHT7Zps,21.032359625116303
0cmU8GRcNiJ15pZqrmg02Q,18.793832249545595
7IzbHY75UhGztauT7U5eKb,62.41032034607015
7JZYv0kbkfPdTdpCU9P7KD,5.478914557434457
639L1OUV4JRqnPHaQaziYO,35.42144326905283
6RQUWXSPV1BAALKr8QPC0K,38.004550358134075
67VnPLN3mqfnyJYVtSSeBT,18.367606168858668
3mP3rF78g5vC9RthCEXvtV,34.31084873326632
2UjEyfnKzaY7qpBEeESJjv,36.35737925222322
2W2FdBJVibxUT86HT7Dx5E,1.2984266609983868
4bwzssgMDOz3nfxkpSqTj8,31.19418707934384
2GFwwTIVLjnOrtP7m9luHC,62.46022808629988
42LiXQn3xibOEodtBMoJp3,26.32857850477552
6zV7pFGeNk2dAm5Huj5wwu,27.920658698551563
51J0zLsmKb265vmylOJGMr,44.63314174280063
0t9ZCDl0rPqoHUSuFHX7as,42.54726844578662
0yBNB2Ba5Wdh2YDIVqZJTW,42.63115737845184
4gRAniZdYF2zVrDUsNC9tU,46.15209441365519
0ueEe8r1yrNBTx0jQgejqe,14.372534894100607
5r9AgnhkPQXeKG1w5rauDq,43.797623060834724
6SEA9c4WLjX6bQtdVgNqiE,13.222354770147295
0glI0Qi04BEuaNWNh5Wytr,47.95141300515887
0IMQFfmMikvJge5bweNVxe,39.72679901679052
5UYPZZDQfpCE7A0FDDqv4k,44.59809456227103
5TbzAWWc5eJaANpA9kfGCd,1.3785065658178406
5moTxUGPZXgGmosl4rIELm,28.83136073584278
62VGbS3xXFRGDBD8F2ZgPl,40.11895691221232
2dbet87FbAhXTJPcTuJ2lK,25.253486405507473
5ls62WNKHUUrdF3r1cv83T,67.49637291547546
0VYLCqCYrLo2aZ1mcdVDjH,34.38559032000144
0BCPKOYdS2jbQ8iyB56Zns,50.017905258398194
6z0tyKIUzITK4Avrd1ubOy,47.86781992358021
3C0nOe05EIt1390bVABLyN,43.12091455039412
6zMUIb4uce1CzpbjR3vMdN,51.76486607195471
1zI8C6f7LURY0eD0gMuVVY,1.2984266609983868
1ILEK6NRfxoseoPnolRcVA,65.903361627523
0VMGij4wSGBM5pSTcqjxeD,40.10348200021617
2V1UjIW8DUV9jzpcOffRXk,57.61881849687512
4mcZYzoGwPRDdhWVlygiHf,28.1670115751866
012JFkVnfxxnL0dN29j73L,63.993358440096024
478J9iKJwF4ZGOFYEYz8s9,50.09316265741638
6lZe9DbvrcHZ3Ot2O9BPRc,53.322480599677256
6beFuzSjwhOKFZp2aqYDdY,51.27711700112645
4PDVBVPZrPheaI9AJKWfmi,39.227671602771686
6sPGhhIVlRNOErn8AC2663,1.741675250658504
5J1YmqajyODgkIA7oUmFBI,37.77629711972735
1YO1vzBy6y44sosMHviv0S,46.5724769794487
2usxQITOSDqvkYiI0oIwao,65.13296751284692
5cV7iNvMXJyMhFNY0HFbQh,32.1681935662876
6lSr3iZTC144PKhvbPFzMp,52.20262906758072
3AnvtpQlmzUpu1Z0x8UT4D,41.70356395387853
383QXk8nb2YrARMUwDdjQS,66.77429669127827
11fNLqDB47gMKj7BHhR2Qr,55.7950199114738
3HeYi0kMBereApC8YFNgJO,28.55323627731443
6Pd8HUW71iIjalkxJbo8FP,29.745374897899556
6UcfBPUiBB7ZeQQkwZ8OF5,67.16243615590264
6xokpeOZkBhvtlFAdsiIt8,43.59572520588869
02XnQdf7sipaKBBHixz3Zp,63.31634173752656
2Vf2Pflg5rTWSvSCK4qq4A,50.93539209407292
6a2Xgy3nTIHI37bj5RIKqx,47.107400346760784
0YNtAadZvKBBEFARtfoCV8,66.13248563241329
7cpCGXoItO3OGKyIQXAmBA,27.571388715543893
0mtUvL8w3vQiMm93AfnRpO,50.49740657240239
2NMjggapJcXXM7WccGEBUO,76.82164864967754
5ZBBRl6mi8L6Fob07xKdXa,0.0
25ZAibhr3bdlMCLmubZDVt,34.92241478910131
41d2Q6DHcM20OdzynkRtvf,53.203999895840866
6LsBoBXSxM8CmDXbWKkBsi,43.832928990404554
1xLqgaP1cHcZzQRM0ycRUE,41.92298418507749
4gbVRS8gloEluzf0GzDOFc,68.89062309939516
77sL9aTrzWzv7uyTgMZYb3,39.6207595480409
1k08GK7ox8SDmEMvn81TwU,59.48050498752489
2OeSwSbwlmn9u8SsutfxPO,21.245807237616457
74NANS3BFQRnpz3S0JVg5o,19.074711888906084
4PwkiQyE09iOcKameCkQAF,60.01313390308008
5dANgSy7v091dhiPnEXNrf,20.439848340259328
15EPc80XuFrb2LmOzGjuRg,45.87710759299142
2r4ryc4r1Y6pMgdBJmG2Wk,33.30374675921483
43LEbsntZ2eKwp6tClYZQT,15.259054051930008
4gBNgq0v7fG5kGC857Pb8M,44.74717851333128
6L9E5ONm7Mv8lraV53UR3X,0.0
6zJDw4HRcwXVsyaAfSZJQE,41.4812487502787
4D7o2dM2OeEFXB1omK5aTF,43.06581670118698
5mC4THighaz8No4EYw59ZC,46.73914001292494
5wWRdIjndDOh1j4OXAPpdD,41.87194916604502
2zflg9vEfIgO3gh4EcVQh1,24.16903578607246
1hgvykolO4kBIEozATmpyj,59.05001638425544
1LKGxJ4AVGDXTFBNOe0804,35.64881180746062
4Q3ikbp3CWt0Gp4iYDt4lV,51.24148525309633
6xlIXf33A98QyIE0cOskrG,24.097037271595127
5gC2aJwuSzGe3IJVlk9r2O,30.831746439529994
0RlvZoIzkQdr5VucJGFEPH,40.412984646543386
1AMh934qstjiAIJADKhkCa,39.50890517753081
0kgjL2oRFsV6GSwVNCcQS6,27.17590490411412
0FbZgT0gzFe6VCAZdhtFT5,33.133313037212716
67cIB8595L7mYG1DWCqWNG,30.210277370579
5ijySEvA18lrJVfCfG9EHm,38.7153198014877
3KKGBhKtAyspFBw8FtNQrL,49.31888093936584
497QF4LiiB0bu51mgbaNy6,25.34460478090141
6KxhnLR6OlcieIudHZqL2V,38.48964975594799
4t18Py5qQvK6DriDoPkPrO,34.470451589244945
3DGar7krWlmrXRFHBcQF6z,48.49989540751472
2i5gkqfLxlCM902kgZVb6v,54.68718855809316
424ga21oScJ3e1YvT9JxlT,33.92130362621685
4XmsMIMjvDIFEjeY3ycMzW,30.862985517844358
3UxORWLWBMmpJiumQ0LNHu,46.845757822415564
7eDrdQ7PK9Xm1CZCKWsgmH,38.9044468947786
7tyXHvy09npDfd6PP72ZGG,36.19350927164007
5nQ7ULdDyfeZUO2R441Mwm,39.099197431244164
1ghvzmzpx2nnrbx7wtpMgo,66.89514936326168
6nGVNcm1jBvgeNmYcxWhW7,37.493341998136785
6QtDzKo8oVwnOx7Sg7jxUe,51.03179882903864
3qPXWPkEZgUhUgPifbE99z,33.61021642347261
0x37bUHqB4qJrJSr8iR2pO,26.885913782619394
3M5azWqeZbfoVkGXygatlb,42.41977656392741
09I1TnKW1WPtD8tnQxRtkD,48.62323159838688
62d06HzJFX4rtnv39L4uUI,41.09568446592737
1CHmeKI1Z7UX82uAUSKFnN,30.870800305369666
1CT9ebtobcouQw7G9mZ9AV,23.64521227344376
2fZQIJew3nkNe99s2PKzul,67.54035793134862
6viJumjXFeskzT8HBjhMe9,37.82971789083834
7nGxjom5uIQeZs5SuQAlt5,11.752085008776561
0sdrmuPXp8pXhy0hrdJ8AH,40.485912418719224
7cYIJYDp9ZhkELwN6LjEqg,9.398272763590125
7vnfvvXyRbqhZkQHXvwOtc,7.4133483279772605
6o39Ln9118FKTMbM4BvcEy,66.06381172464035
4zI04ezdmrN0lT2pHykYrd,40.43815403233208
5P5cGNzqh6A353N3ShDK6Y,60.55565042945461
0soq8hqqNs71XDX86pqgEr,18.141124943357845
52UUUJnBvaEX4LtEbtJgUI,39.956474605762146
4wumYSGWMGz0EZazVy9sRd,46.089178354752946
4b3khTm3ufGRTyZwuYdasn,63.98311956012894
6esWpLeWER7pR9XLFmAE8Q,1.1239420219839815
7y6c07pgjZvtHI9kuMVqk1,44.07485925665463
6TtLTWOLUrG88dCZawBywQ,40.16851328255283
5quv9YDjbVlXddPEk08N0H,50.6653380064474
1DzMKLVGK9JXR6Gu6LDhIb,21.92132881468379
6iI6NXjtI3IkjK2k1juqaX,52.48032923649183
0dcf0L6F1LUA1nE2zWH4J2,49.40211036208788
7j56HrjR9cGzvekvZY3Faz,19.738564920322393
3tBHQJmuE0BOKR7l4Anap5,13.379108780155423
3HeUmi9lWcYKqjnx03yYCw,25.898135035395992
34Nc86qo5wreXTDX496TRB,39.643943217396064
4qQnE12IwOkgPUOtvPJW3Q,43.18034858426961
06MgLd7Wkb0PwY6nCUaE56,24.971890602974742
6RcsAN8XF5KX6mMh6dum8e,36.803042786422665
5X9778yPpYFP4nHjdn9B4s,37.48122009165366
7bTjec04WBUn3Ou0hxEspC,42.61367222020415
3CI0tvulxpMSMAPNCgqTMU,34.47477193439533
1xKAX82ulfphGaeZRlwmJN,57.95374525543557
0lTIMAG4gTMux3zh5RvMKZ,37.79111568807756
3bnVBN67NBEzedqQuWrpP4,34.515216151869325
6aLzDW8TlgccoWycY99mfU,52.737175359425756
39Q27NGvm812YC9PJkXTSi,48.61857525013488
4gh9MN31XjcG7USAQjhVEQ,41.425348458641615
29caulxU0jxucdVIyhSJTc,62.29757135381527
2VWbHHhWnMzKWPUs4IEEW9,48.93429243910848
3XYRV7ZSHqIRDG87DKTtry,71.38138097201382
3OUApyz3jDB3syGUNGqB1d,55.43465437844589
279v3VcrRPLwfWQxncA7fa,36.13257954409544
3C4KPCcAUNRviPtazWy39H,43.425601401709905
4jifUm3v462Pw6glPverR4,43.050131086778244
5uw9UIOXj6R8pOwXte8F5h,47.38082489638941
0OSGRuXYDaPyLkzi2n6Pj8,25.67132991290921
4VHvZjaD1sdWA7vC4Dm2Au,40.8314804177523
6jZeCjc01WUhtMwEmQLlhg,44.49423090631832
1Oaq4rq7EBVUiXGh7yxuYL,40.97942418012547
6itFFybicSj5KZZaDkq57p,25.325704631526573
7eqNATKM78MkWP6aHGXHEV,58.38854434203179
4TvCfnDm6O1gRSNA8p3ur7,35.320394162498914
4MUqlINdPK2nTROafnpB4Z,44.24070768056987
1AfYo6cKm3yHsJHdmNoGO1,38.13348431731547
1xbQjD5QYizXsumqPJlqBG,39.09197321750493
48nCPUtpcZhA3EaeDSot7T,37.59108422453871
2vSxjnyrWrtxyfzO47EX6q,45.353586156553156
0VCpgkuUgYee2tWLVlSf6O,32.95831144479795
5PDoWY5Av2Ba3rWIdY9Ij0,54.277881581660516
6m1mPWWQTiOp2Daf024oCW,30.074580281995583
17N5FdRwJuv3UXQ7MHnbhF,46.595229427735
3AcMDsHW30eDnGjDfiqCLS,1.569227232606883
0Q86Hjkkm0yf5bmu4hLVI4,35.85916565652421
6AgDFWLbbAt2migXMbrhXT,49.73153497794723
14hJ5tc1VCFMWhVn9axRTC,54.18558214969907
10l4fLEufBRs1OKFzl6map,41.798094552947404
4DbnKBddcHUHbYpidc36AT,63.70989823798638
0n9OEnwslUYp35GIPC4gV3,41.2520381668159
4GPQDyw9hC1DiZVh0ouDVL,39.92134963422718
4BKlZ0UQOjombKzFFkgSlm,41.831759521673824
5RApJB3xWzniVnHtQDAaCP,44.75448863179444
4RSA9zDSpLCgM2pMkvgghQ,43.3630876758961
5VFKfahPr6qgucDOv7oMIh,0.0
1NtIMM4N0cFa1dNzN15chl,42.61676276016681
0S7Eb7sl3eqRPR9kVUxCQl,58.128892271652894
6Uyxtcvx2ZH98Zc4O2QOVO,23.966850773490037
78Pny5O5RDkHJNPZf1QcFs,56.38680207123358
5Tx2VlERdaXscX7dh0Wteo,17.632079055601206
4SM1z0Y8dq0qQcM7MPrUP2,1.5602525884849283
2rzGN2eI7TsJe5xzx9sOb2,48.90849911363866
1ODANxW34eP0TVS63phHAu,42.180288027054324
6K9QPIt8AR422heY9O372w,46.43589782083099
1HNw0UDRME6a7Mo19R2hsq,21.538465579535732
4DXjfzDxkhD5eYGk03LoA6,62.122453212118316
63nVsCAdxu9OdeRhe58wiE,40.11900404051
4MzySNjSdv9ZegSD13IVNV,38.5208082168944
4Ck4Qah5oq4a8hyVROESHj,39.05953993564327
08QN1e5ou2ANfx9AhB88nw,0.9788480424309557
3CPeWqqaHR0hmyfsWhMJQs,49.630844574900024
1JYqoqlqzUAAYJeOVlhKIC,35.83985268703412
7w1RxkQtEwKYEoyQuaxfXW,37.62701552123765
0lHAMNU8RGiIObScrsRgmP,68.31939662309696
6xLGj05sCgZxMdDTQI3150,57.5226234513446
2o49Twc3qrNMOt8gq9W06L,62.45548165317587
2BcvvHttiZRvguFM4hR398,48.58312028090708
0GPeyv1Oj1LbqyFJHM3j4C,1.569227232606883
0pe1PTdtP19PENzeRujrjk,42.66387888196341
3lsaCXY238dhR9GW9DEV5e,40.509983621281876
3GMy4AOJogX3mMsoom1s0Z,3.4320552353782405
4x0syYhWwD6zafzXsQXa1t,21.30799288055911
18Mf7Xqt0DEL8Uo8P40BQk,41.77455107200207
4WkPkgFRxRR7RCnBMehalO,0.787083265202386
42et6fnHCw1HIPSrdPprMl,64.34828440484517
03um6hfYLzq0p4c3Lk0Dld,1.9975972744841415
3lqT89gv8p3PYwXtr3ODjv,32.868216872864515
6LNKeK9iJ66iwe16VxG43H,55.00665028880965
0DFRrABd2ppHhS3QaZuCJ1,32.68037720535041
5GMw6X6BbCDGO9gApQYRSa,66.63204217006404
4jsPXSR5zZoOHv8uWX0PGG,30.859251269794647
4zBQ3P1bEyCSoyxGqL0rzT,49.86874690995181
5NeIONQWJ25uPylJBJiO4c,53.46293011805657
5HKv1sFHbXgmXBih203HxT,39.57432730280615
4Jh3p0TydgTJZ444pPhVvd,44.86677985351971
3vHGv2e1xn7Dm3D4i8unmw,25.25150953416623
2y8rZoB5iJBt233kASCihn,62.45590895140376
4zodeeJbcglAma86fnv0jy,44.06222829773554
10l9RI8IHp1Z7b7dM3tMSv,0.0
3wn5Rw7VBqwP0vAQtjMhOS,40.739717105395364
7fmmaDJBKinXoLsZAI4FKa,38.74155871254952
3uGcFQmm4Pf9YMD4i8z3bP,43.68806126034119
4QkvD53COA5qLA7rQ1Pa7D,43.81525682561821
2Uvl2lg2PKadatoNJAjv88,33.11023950087523
6lSxM9BKcEZBSDKl2VODsF,55.4394835060623
5xUpsNCW71S58c8TycsqNa,46.419158157664555
6yaskcE6j8qsypsSxMSaeL,63.78405957170062
6WlxcZKpEV6Bwe9InoVhMp,54.452252653345184
4YQ94KSsJ9FSVZHvoo1PCO,31.255265060505817
65V2meSeDYo17yCWYSx8ug,38.24701822606003
1KGi9sZVMeszgZOWivFpxs,54.32301450276939
2QN3pPQYoKsh5dIgEVnsYG,53.43409562024738
1YQiA0Kfml44BqF68ZQ48n,27.60473474128571
407ltk0BtcZI8kgu0HH4Yj,47.36522279715534
50vHd5RWEP0FTHdWEXDDTK,4.055489071260843
1xSCr5uIndaHKFdO4s2V6B,59.30714985845612
6QFIhhGf2T54UzNlVb2eee,39.205856892892264
1t0P9nBKpnrh5MntGd3qw6,43.131382283136325
7N02bJK1amhplZ8yAapRS5,24.49287707725623
5OuPKLNJjsBsyRZ9PjTRTj,45.83090118837746
4D7ERaKgv8NAeck8RzUtRz,50.3000849955829
2NfcZTxBkSBEKB9nlRpeqT,42.6565252100307
77j9HOrxUpWcjwra9jgvio,63.28925835216312
0BHRbisnHAEU4DtPyyMJDO,27.116191329756024
4330XmgVWlx98Y3Naswycg,44.308121304357606
0W7mY6om2ZetMnm9Ra651N,37.07041490869924
1PI6TXG4R02pTcjJI5f7q6,1.2559537966357637
7tjlKy75efLaSz5JYJq9Ru,41.47956318107918
3yJjRARrm2dE2tPuzPL2Z1,2.7959444898085337
5JrXxEZniILplCdUaRSeTE,32.99783342511235
32rUsiLCvd1yZWr4UFUoiu,73.02610796481582
7MDKvOzNgAJ3KMCtaP2UOa,56.51908410273148
3Qru36Ylp86E2Q4dWB4OnQ,30.320154883985058
6Thn8AOHIwPCkf2O4ZgfC2,34.16465672295679
6KlbKM85NIUo5ZaToCAFFc,1.1063321051262383
74lnM5V6ecvoTPV0fvptx9,56.56330921173052
5H2WmzaijYOGTHeHdM3w9P,44.98482868581835
0qpkkotJY99wDV5jBGdDMn,40.07521277689172
0nAekUsqPk34wgTyO2AXdj,18.028244278005936
5WWOmIdScv25SOKm8yknqh,43.23076002920132
4s7U2mS26ab7GFtgeUcwKA,41.560979223690154
36zvc0lmTiJBQ6ALpgqNMM,35.15194858632725
779ooI3rBd0CLqCiiJmtVo,44.26956395951123
6mPstbtzhyqKmwefY4eVWD,46.07442230333727
5kuUOpHZlZjL8b7HXkxRsm,59.00508624149297
43jJTO4MBgmaRybAaIHVA3,19.921841639276142
38kjFXYgPvtuXCPbHPMGte,68.7207156979028
6R7aYkUA3PXWPOann5KLUf,46.35046725500475
5cukM53srEM6uLvHxDEc2E,33.84116563998424
1GEOSS415bZVHNuXWlCT6b,56.622043674942326
3RptaQ5Xb8WvtpItZ2f9Hi,61.69049063536217
7JKeRODQpE6XSOkHUYJrc3,19.69954204499487
6I8DWWmz2ovgGTre0obJS9,21.601615175376306
1Uu1dI6OcKWuMLLv8ki3lN,4.0317543959128495
6V9fHiv84WlVTg7CSnIVY2,73.10622908102616
3vhVkadU3ZY7shjlzRaL8V,27.808051098345793
2iXBZ32Fz5VDCLeE0JIdX5,75.11785676631278
3J8dsSohvCX0jgG2TVDN2A,34.33415861445517
2U4MHuPfEpodUXGECdrR9N,36.028185862983506
6rJmWa5DvQ3Nby3tdcX2L0,49.30298874491658
4jkn5PRfAJoKfXF0OPL7n7,41.349484374505984
1bHEcHv3lUkLFAebNnaPNE,39.47386519867795
2R5Zsb2TtsjHAEJFUZvf7v,61.37068265979897
5kwuPm3p11TnirbMvcGrZZ,7.268925185230197
3h7VsUqFheDs9K76DQn8Yz,40.18874370821449
2LcQebtolx6SwZS4zeHWWt,39.83352734637939
7rdnB5DAyPbaj51TCQRcqW,43.762162731949594
0ff3846wYbdNnwW3y8b4vH,52.64140634699517
0KoJjADAgVSFLmddvQCGpL,0.0
1pLQZ6MwbYaLqzJT3imTBU,27.616017459270402
7JlrM6MxsLw5l70L6xDaUw,25.596304984814285
39FOpTYE4ueXiWy7CPguxw,34.83170785620376
1uuI4ovQALuaq9srVZyTDy,39.68990598246036
4JZPpdcRWfAKK5n8o1dArz,24.82130193071264
4ltC6PrqkTtpcRNi5lvS4z,61.271130952730914
0D3wXKkXF8EskL5ipBnYl7,70.14641618484612
0fRBuPyC2kTDICYNfDgFXp,22.216683323352285
3jnTBMdckWNzC7PJV96kQ1,40.83525618302718
0usNFsDDoVMYVE732zM3QI,61.56903718558623
6yHx2dNnWb1fEChGoulEVc,50.57390619203415
6E5gsJm3t0RqmiHBfUBaya,53.14341736501008
581mukhDjta60CCwpvnjL9,28.19192724095676
1Qn5jElT7XqjvVeJ8pYM2w,57.76852307861845
4t8bZ8dxZtatpjOpBrAnUW,36.44715680322333
4NrG279pDVphLmS1e2JVWp,33.85373646530001
4g3alZ0okNvZiOWW4pGUpw,35.2087206346295
3KhF2YiNpJvGpfiCW45R6D,38.085506313983274
6E39QsoWB7JjphPF9xCQSN,44.81881586684857
5eRVPID9Jd2mvaVrJWaoKD,17.26404143836591
4gHT8xMLhkESyOZhQ1zNIO,50.253229345687316
4KX7jXWbf6SivrmBHMuDuj,10.504638973636325
6gO4yNamLxHxuno660tD4j,14.141256696900992
5F2b8ExevODMQehJcEVjz9,0.8231236206428646
0ocZq6BzBiJf8tbA3nvQPF,9.453111330802761
3aYR7XQAuLW0vsDEj9SGu3,50.95479642134056
2vt2BP6sUL880eCECrheOm,31.653737863429317
7d9sZF7jmepe2EYdETlNWK,27.637570940833335
4h7wUvVV8Ff8UL7JqAByiL,42.79950080908126
0AJ62x1CXjJf3VW25CeZXa,58.53397733102315
2X4Nz5BFIcrwP9JmSfsY1Q,34.95177154774501
5qyHP14pcc5Pn1j6EXha3b,32.66644978437929
2YKnKXUeGERi9yCLTO2C3t,30.839507546409536
7pnZkR6kXtw6pux5e6BU3Y,24.650176013812512
4vSQiyuTOUHvKM043BGqa4,55.67827400391843
2wSAWEYUHkt92X4SBAPqZE,64.34551993746437
3le4ECmJTUNXYLsGjQYSXi,53.780634738034344
2X0eUvX06w5DC1ecN2g4Bo,42.48979224543606
02MWAaffLxlfxAUY7c5dvx,18.60802603920923
4fNDcRXLM39qJRgwVjtI3y,31.49350797103403
42v9l3Nc8U2CZ7ZYS8n7BU,30.684706480946957
1K3UKlvqsfWt2rjZ7909g9,27.036790179918842
5Fz2wrKAjhKpWeTwvE1Ct3,23.09085798164946
45bE4HXI0AwGZXfZtMp8JR,77.90220371461116
1kDgTJ9u8DgIYHBS5BEc9V,25.70621581807437
3cwDSDzTiWr5H5xMQhQ6Mx,58.206817188833675
4W39Tu6p5tOlcVnZAGudtM,42.42898336739564
300zfRaCgTmEm5Eqe3HqZZ,44.540878504504164
52HAHV1j93s5B8GoTNI7DJ,51.574846889296815
3UvB63cZSpGUL3LvAj03dI,60.300979301340966
5mOVGtU5mxgZWfdo8FyxMf,38.8662095460575
555ix1gW9A1QtXoVfCPbfB,57.25049263040057
6igsoAR6Co9u7Rq3U7mlOD,45.0159840066624
098tAg0yjz9ds5oys4MAPG,36.38560267786725
2bllegdYt2WoYdbRZyJ730,40.909797290838256
2vB9ME0oZwfTGAUMC71CaT,32.6898540099784
2hDe0Ls5mVqs1XJqv7sbcM,45.05743811896952
24YmWQgunJGAU8El3ndkyn,52.8859257773405
7dzwCwvobdoKlIHr9XPZns,56.16017042236004
5pktQTAcKamiILPjUZbCLs,57.376755130853745
0BJU4rYOfj43xHw6gvTIwE,37.473469497591836
7JMUHcnjYWMGez9qWsgoQc,32.56130135001354
2jI7aQIz5QmbJtzvDiHP2j,25.633703829584203
2qABxQZhfAthNxszLiSsUw,2.8073477813325898
3VSuWxZM6x6V3ig5nYtikL,56.86936100356075
7qEHsqek33rTcFNT9PFqLf,77.76992783789011
22U7a6LZpyQniFPRiWuq7p,37.3108558041838
3FnLBRntvMISXApLyt4Sl8,39.830323358221364
4T2UFptnPrq5O4PTNU7e6h,62.313036858251024
0wkQ1NGp0D1QjC59vmbYNY,42.87300367430772
4d16JADh71pTeqx0vlHL69,58.00113589298516
5e90dsXJMBw9ndBRiKP1ZA,66.5517616956688
4C11fsOR3N1GZ0dttOy4pR,32.96490941267294
1L8kJLp3ExF5ZGHwEZEqHe,32.742240365494624
4A48NL57P16zSRaq3yoYry,62.56360681031986
0lLDaAdXcjOQ7Mf2NXzXay,61.916092765380064
4uQ7wYsuL0DryknoDc11Hk,2.2156525744648174
0cppqb4vQycORHNMxr8DGd,52.85203299995015
17Iq7ApAAlNFD2FkY2YtsV,44.17168630014759
7pT6WSg4PCt4mr5ZFyUfsF,78.22991089785039
1xLJLpfyQmQtEfF9qeO0DK,38.01931018438449
1wPUjPJB5U49st6rPTdhT1,8.550322584864983
6VDdsnE5y6OYV9UTyvv8p6,1.1095575693884894
24nGYlFa2j6qJ8j1WWlRG8,38.6080538251404
4uJfLWctxzn5GMH9X40bbf,39.9676389584853
6Z8R6UsFuGXGtiIxiD8ISb,35.653771632499804
4B4kunXhV2ZKnYcvDgAFoE,64.38474243078018
4zNk347FJz4yDDcjUhJJMI,56.867825299745746
73xXDeBMlC5cdvWoOLWVLo,47.98358222359878
4s2BWgnSQ9NZiOQM4PP4HB,48.99787978337052
0iflcVvXTep1z3w9HEkOck,17.073077412747416
0BJTbkmrB2Y4E9M8qVzbYZ,36.9658492868174
2WDhYlm5gBepkMZHBk0LN7,2.2445636341290793
5hhVpGIBlqAU5yJEOmrk5o,59.23786015074496
3A5zeEH2eLW3uMYXoBj9Tq,47.29354646481973
3bNCifwGPjqeeqzpjrFG9k,53.13409456927649
60AUuYrFbCBnPvDfofMfVF,41.32972833932267
0FCY8j3JRrZ2ynRUdMK9pS,17.610832021396554
7vlcIZXHj5hS99g7bNET9N,23.06423227876912
0M7kvopFlauSwmfObUPzAx,44.704840129012396
7AWeyu0x4vJp3pb2RKadBT,47.317506354824786
0bqfNDZvqXB10fUKSfj6mY,38.52828066824956
4XP7yeRNVAR3sAmgK0ZX9k,50.97155575745812
2P8vKb0ZXizbR13KsYYw0e,38.453727172956896
4vVUoi4U6ikqH2wIoE2fmG,55.868294484772605
1R0hxCA5R7z5TiaXBZR7Mf,38.04933149197723
0qZi89Oud7EwqxoVF038Pn,0.6322154540580303
0VrqeZURszLwO3p5HpjfnO,0.6281582900304034
5TtVQeYpMJ7fED6C44p9CU,24.044245956826572
7sIx70dGj3VBiHWr0KZXfD,62.449055568430026
0VE4ayVlGs5DBoqOdgJ0Zv,42.35427919008797
0aEb1gDzaQMb53iXXoM7Lj,26.190889923601237
1WqsQ3hjFZ1JOWWklngh5T,45.709514809844045
6ZmtxXUXRVjxOhugKkmerC,48.36632569192859
5PZn3Pmdih7m5lTHdiUH5i,27.76469534959944
6HIkxxaASDhaXdcMa2PFRB,0.0
1zYApollKzH9eEVNDouTJ4,23.50202163094008
0lNqNCVlSxOCKmGgGu2UJf,9.638236813899379
64J4hxVuHEpLrhzAuk5QMM,0.5930070493284499
6tunhVGD8C05MZNjSVIsjw,47.981896720984615
3aQV6E290SJvasp2VOgvBz,68.69803651104222
40KuvsFD0zpUFuCcmt5Xm0,59.770248459152796
7jeTJ7399PqgZvyfW1LrvK,4.0317543959128495
3MrZcAFdNmtPVbob9QYvs4,53.631333641339594
0fcq51a3gOI6gPvzc0YLsk,60.727577634489435
5ieBgO4gfBMpZrtJ8Iat7R,41.014312262655565
6oiODlk4XCb7SjhcY3ilv7,54.40887390484419
3UhmuWcFaLS3AO3kI9ynQ2,66.97418140603699
0tV8pOpiNsKqUys0ilUcXz,32.25114577410485
0uIYFHlplgxgrJDD7XgMt4,1.713541499010514
7iNGGLUS7x4RA6IM0De2R9,35.57256108369875
7zRmGvtSy36Jr19U5OInJT,60.80215473845491
6IuFbYBWwzcJfOPRGrqjjH,43.742543609390964
27jkJPgvyy5TXhllhsFHZ6,37.22373376472559
22mek4IiqubGD9ctzxc69s,61.84508550002521
1CAw3ethNuSDPf3E7luSFF,44.87464994112827
5NjfO70bhIyNOOFBcXb6ql,62.51381596163877
6wymoxadIlmyRXUsjcPgF3,41.44453319612036
467t3218y3yihFcyDGWjr0,49.311968210114955
02SUyCzxfqllXeEUqVNMVv,14.256032446750375
15BsrefgYpMgu1ZCIr8EJw,59.71717394548954
6Kd4iGylMjrpr1xVbuYKVw,47.13813873987816
0SEmf7XdvzCmmEjtpZKIKl,42.3617267324668
3anO2IahAOsmsz9p4Mb8aR,47.97296553685779
05LvE6ySn6hEcHdAJ7N19z,67.26545545835462
5VSAonaAPhhGn0G7hMYwWK,51.37157591131521
57IRaiAB4hBZu3gnNVZC0v,69.10546314833238
1CAALs08dWg3BxFMaaS8qK,54.31728039512253
6HU7xSepPOCF36PSh0omR2,1.2559537966357637
78ibI5Q8xHs4qYwD0OM2Sw,37.493341998136785
5X4tAxxNC5XaSgcIW3xhj7,27.99047747391965
326jVYfqtef7U87YaqOFfC,23.40908198099839
4Is1b37KJY9XVCgzp81FBW,63.7838563270513
4bSFPMXKYaCoBhzJv276zl,17.457255809261984
7upR6MamNGwahBsZJdgURY,0.0
3EBe4cSkKqjkv3AEAmjyaF,15.809643352758012
4IgPfckJ6ItpFS7obnLRaD,45.54465838335632
0I4yYE831a8SW8QIx6bz4x,44.236551938950946
6YInTAu7BhldjBFEn2SxDR,31.319007106829453
1mgYxX4S3g147iVfxsKgtr,43.91256382617663
1ynmMEK1fkyiZ6Z6F3ThEt,34.92506235175747
6EQ4orawx8eo0aXH0pOKLE,47.2930276878966
1TeVeYATRojNVCH7q1APiv,44.50028724795559
7cC4Y0jQZ4eRoRqRQIau1x,5.321022443698171
65mksf4l4ShgosppsGHoVR,8.07955329854819
4vUmTMuQqjdnvlZmAH61Qk,75.5497782766799
23zJcKwLf5CeaKVbFhrWgF,77.21548580861949
70EAPHQagNqQz3Do73iMh6,3.036425197648298
6te1QldCR1BWiNgwZADpu4,53.21083722500782
4AfsbRvvuN7nEHAhONdeEp,50.08979860192709
4j3X4KX8rURekAVIFUhI23,44.203704773245406
5MSj3WwySmBv0G1YW9JzN8,43.27454734378924
0nruobjhKItGHfkH3VbTXy,18.790019048824448
1U2xFfjK1QUuicENnW0iwv,51.70961518682989
1bS0xQbNrS45NvRRxUEnPK,39.62025384617187
5iemvGR1EraL9s3XvohIP3,40.437002279517465
6TClJ8jXi3OBV7gcrU3jx5,76.78280684432514
7lkA5h8ejsPjZcLHdGiHdr,49.54274963468252
5hvXP3n724pq9Cx0FR3AAY,31.678457192647087
0OCa1PunDKY1cfsiiD7UzA,0.0
7zycSpvjDcqh6YT1FEl2kY,67.63086228512073
0AICBlLzFCTpUqmAbtzB2z,62.049133361399385
5VWVS4c9oLaCFsFJ2yGkSn,22.144454761234492
0Uk0IyLPghlYD4M3rniAmA,17.052826347614637
2JzZzZUQj3Qff7wapcbKjc,42.09503878418095
3ZaLT1Rul6a66jqg14JNlU,35.63336541209475
0oBGGKIGiKItmAEoGpKZgD,40.651285052032144
3QjDM9cyPgpKVnifHsKaXp,30.289647632108597
4Q66chx9WzqWcLItXoZ5r4,60.562240084036254
5uRjHOMFT16RS1f8ZNlkzm,37.52576287744774
7KBzo2RWU7mhDJZgTjD5gY,37.39404688724661
0zPlMUMeYe9GoqN8mzaFst,41.84706344253764
5J2CHimS7dWYMImCHkEFaJ,61.92362526321811
70ifdSj5JAvKISNn2cD87A,57.74474159429955
24SxcZVgyzTkpJuV9m9gEr,50.29658840152514
4d82n6rQPwKAku8DgDPCQl,36.255392897590866
0GcU3ZhlnF5k3vKjqPRifa,35.68058118261039
5IX4TbIR5mMHGE4wiWwKW0,58.30602916394491
5Sf3GyLEAzJXxZ5mbCPXTu,55.86565625011528
7mc4No8g5eoAk7uuloLEgs,30.396057488032614
78DwRIo6Vj6wqteyerGetr,65.87940183732489
2bS2tETCzUmjALnXEvhOGo,39.37534584886666
13v3siPyvy5TTEZYmGPPse,50.46298078256293
7xo14jx9x5AQZtEHUY1OsA,19.830393124949317
2PgaoRDmiqMMgqgTIfue4u,29.230286548743088
6rbHOnhczgYjqiRLAI5ehz,37.44882342342638
6CTG85NJI1Wm60pxTSRNwL,39.83246308041438
2tlETUiIcT9IiQYDUdnj4B,60.57601388209049
4i7jxre9SlNDPyrB6gOxAX,43.033741016030426
4jEB3KAsjmNSQGQmQk4Ii8,30.990163714857093
3QEXUl3LgyOLhf60C54JOO,24.023902198652962
3omnDqXnlC4awZfUrGQSDN,0.0
124SKRPqmogaZQ1XR7eomR,27.734406493118275
5fWG4JDot8nHCte7gUdMUS,55.31605788832177
4AaZtoVREGSOTMzdzLoCGK,32.771284048547955
6dWplIzy7QMhZmaMOStuOG,39.64197423431241
5gZvCXCk93m6PE2kWJIV0s,37.92585051302191
6qOCyu8agpod9VK4EdZqzt,41.08969279008202
15OCqNPYoLziEAsbVnqRj5,70.6824889488981
1Y1TUKvMGwtEkJ0hMQFjuf,4.7769354070075
29EwOIIN3zAcRzN2uUERQt,24.761665267471134
0rFWuqFgHAfuzE8uSB9TWR,39.51181650421265
53YKWvsTHEFKCAq8hCcT5X,0.71260675177834
0lGB9TanliqW8rYVj7JusE,27.810593016044205
7krbQbYq63hcwVMNW1R0tD,54.41644988157705
1AEYT6VxrxXPMoQUxsY0E4,45.391700519848214
6qL5UWxRSQYml9O99ozoLv,44.590720434649235
2xvPMM0Y1f5bEQDKKDfgGG,29.82440831766362
1zi7xx7UVEFkmKfv06H8x0,40.08825309229612
4VgdhAy0DBSF5hbbKzTEdS,26.89361780256244
47RAxX2yfiZWmsNKLvjQON,58.196860765961205
6txWz9UapYHVxEd7dDIHXT,9.524268241445945
59d6pKXq0vbneJNlfiX82Y,16.536714717094576
5fPIx4t5vomPE9cWnTL6gv,50.5100160937298
6REiraH7Pe3akd0mkFA4l9,54.48519353616723
1waTVUMM4yAMG09Z1kw9LU,38.18896933401955
4JztLBZ0akJEYoc93RYmFE,34.91016300959597
7ocMLXaRvZITNyaziDSOmN,19.416249266298998
4yAsxg07JVPQy3qFn3HKzS,28.06665564596892
0C9E39MqYy5usQcl0aGPU0,22.84103125894175
1r2N0b4VRjrO2OAc5KXMR1,34.57264408335714
4D7DNBqLovDRh4kqYEjAqR,2.529425308958829
6XsT5UGfpaFeHQf5LRIy4W,67.17338618010827
6dt2cKnkL79xajOcCutBUn,1.2559537966357637
5vrUTmUF0mDNE8lZWEmU9J,50.164747874143885
2pMntGuRgHAHVtrpC6kgGy,50.312228668439296
6phUiTdE97Qq2sPNvbAlLP,4.622227184850049
605hJIiMrdsUjr4Vx4BFD6,32.89494135967694
3jbT1Y5MoPwEIpZndDDwVq,58.230398668374974
5s9sZ2i76iAZeFt5f9uUKP,33.08483844918428
0badUCyexkIKRDWbBV9pgc,39.75645677634429
5M9kio8FEFiNKyTDGqksy2,59.14116154328027
7EUiapvzdmXuh191SHrpFT,44.922861950621005
7016dO2qW95yFxtNsnVZcv,32.741787461465066
2NjhV99ncY4A5lSkTHvTtU,48.38937216667541
2AfXarK4dUVFqGnDEawi04,54.018052142943844
5CZ40GBx1sQ9agT82CLQCT,83.19206094004743
2G9GW71xBmdMxu3jJhnsx8,31.649692927259363
7C86DVl6REN8VPeGEMOf9q,44.967701342255495
7uVkwdiPkR5hRdxuCojOj2,40.584666052739145
5GUYJTQap5F3RDQiCOJhrS,58.539012268151005
67j0ZucyzdfMGWLe2kh6Ze,11.575411830503604
1l75b5q10NeaBkyMy18R5N,43.42317060128476
2vtXB4ShP4eprgRW1IYpAp,53.15926186759425
35irxCsC8QXJ1IN0eioD3H,29.330865146942298
6FyRXC8tJUh863JCkyWqtk,68.90731977642835
3qC3qmZNDXu62hc8YbhWsy,33.544554022097415
3CmUas41TD2t8EGNZ85J9f,15.915664525148138
694vvR5o19xHPhhJ5QdLN7,62.65970552981803
4djIFfof5TpbSGRZUpsTXq,41.51227232382777
4CRD9NiBb23XQEhupP97dR,43.39048330211286
1D1LnW0mJ46GStJcYzgA6V,35.20165539472675
5tjOwSihWiylLoe7HC0z6f,17.288891484471993
6ede6Tky0YYKyUKqKuEpQf,77.40633332371476
2TmLZLv57mW4OA3Il1ULsf,70.27149715096714
3nGIrIOn2x4nPEMpiy2Qi3,28.17665694010699
7G3X5j8V4d9kcdmC4t7rN1,22.127585590606294
4ak7xjvBeBOcJGWFDX9w5n,67.46900909947304
65n4DkUhKUO4tECIabKwy1,39.43687176857473
6Ok7LQxIDEqKQEFUBNRzpx,1.8958943003990887
3p7hKG5voXWeSlpszlxTUF,61.065399721799416
7GWaGnbGZEg1Pquhr07cVz,47.66117507734553
2NeKjEryWM5VZToeosUsUu,42.74719968126058
6C5hEhWg9UUPaxdmXQUjeq,53.53846757200195
4ghhaqVoXMuoruwM4PfJl5,49.086360844947706
1CrWoWuxupYY1vi1XRdpBX,33.967269087423205
7aGyRfJWtLqgJaZoG9lJhE,17.80986043065104
2K2B8GdtUfpYfbhOdYxICk,62.38649615335479
5o8lxcSYAj8uXTiIHoyyA9,43.14192484755893
0tBePnYDUyacbXvTIvTGAi,3.220573849510952
4knL4iPxPOZjQzTUlELGSY,36.502485805796695
4BOYIpYF7zTYtAkpjoD687,68.1856307953579
2aoo2jlRnM3A0NyLQqMN2f,62.77237248822829
4w3InOZmItJiSlhnkr3lv6,70.35835190066594
3634aKisKlGdUfD9V3MOY5,35.067522573672335
5IXUAYqwxmAFj69RWYFzbU,29.973711068435236
3IrcvqIf3ZiBhf3xdsctRX,53.30221124059557
7BuSE9uTIw931wtZYzvZcQ,38.721152688467065
0nNQREPJzN9tn9rJumDOHt,40.620185697233374
5edvkkeTm7ruKIyq9NPDEP,23.08730109640126
0c1gHntWjKD7QShC8s99sq,49.268927415329664
5SXJys87rlbDEGMvCHWc8r,45.91831851414356
5411TEB6tlzvuF5A4oyldr,67.75227791478304
0vhJulS8V02SDpBTY2XQjI,42.63368610084096
1nP69R7Nc3yIbiN6EUNyZi,56.824378652571056
6jaLFu5HvfNrI1JmcM4eXu,45.83309432215626
0H3yTXxl9kLJzJ7UFpX5kw,27.756945101828585
6GG73Jik4jUlQCkKg9JuGO,8.336745326082443
3aauaXWRgwCMoykMbI0Jq1,23.127387427300953
2lcfGO79t1PqcXc2Mbxyd5,39.54231297804905
5LiWJsSSjZh7Y3hqml18Ki,39.759234657897615
6EylLZvd69kYDDtT35gZOB,24.63641242771568
508lUjbGcPrL0CfvHC7UvI,62.66982517999688
5txoZyuAmtCfmDjUCEphWm,45.37219498319171
0i1sZjMJwmX7p1dpaYRuSC,40.36915736094933
014J7jX1wSv0manSdRnveo,67.44573094829848
1cTIkQUcWtwooj2rDcNB5n,68.24172624375338
1qz8RLkJJLeSBZoE1haOwH,23.693898676888047
3AbV3JF0bJAZXeHEJZfpke,70.3516587716217
4WefC2DN4rWpz0EtR7UWgm,33.756924519074445
7AH9Fmka4of4Y25lfhvBUC,46.71670766662703
2daZovie6pc2ZK7StayD1K,61.43511979641817
4DkZDzcHicZBXCEdA19oWs,42.57880684599421
5ryUbYQzdRRw0iJ2P5Or55,47.082935782054435
6C4LXC9UFH1IKiHYOp0BiJ,34.41944463351842
36NwMJRaCy7x77xYGJiG2M,2.637097825046141
6h5PAsRni4IRlxWr6uDPTP,33.181362836588114
77u3cpprulNjIUYkjYwlhU,42.65506382327261
38J1ihEp0kRsuRboyoKXhN,50.83351261956267
4kRT3cCwp0uYEqh4hHvxZS,79.322943768571
7CkbRn6S0itJqcqn88AtSV,60.84268442090409
43FSBWy8WSY32mUWX4lL1X,5.059027145972286
0AoSsEotQdgFalXKUuwv3y,36.98222840610443
50pfrD2Dne6PZam0YaweZu,9.767725035734903
0BnTBAGmr9FtYwkZrwKhwS,49.55125697963205
15RXL05X13S8iZaQ9LPKOj,56.640312010022505
30BsewEJZPxfuLNAlZPFje,37.36039570341729
48ft3s71HdFEmEJPhhHssQ,1.305644672733029
5n5VSFQ1npojFIMUihcj33,0.6144271188154633
2GGMabyHXnJmjY6CXhhB2e,67.05651856737542
1kDYCn9VIDmOIbLZ2Xc7OO,46.070392423497914
5GHY1DFWKz3Prg2V0Iodqo,43.21801469079474
2ImuQo1g14CTR9hZAZD3aQ,43.75516180265527
5NItI4mEfxJqhnyaVRjMDR,40.07717958935712
5bhjdWvbt4rNcBZIHDe0hB,30.39544502603922
05oFyvdztPdpwSwpoclD4c,47.994253849748496
3eRvE11OJfCYnaZwCFhMZD,35.36177926385202
00gxx5tCbWPxr76vGNED8B,1.5810254503387642
2jPjbk2mL9gK2R0eqrqEPh,1.8468345295055726
1KONmY3enP3r3nIPQidWAy,32.54573221509882
59CLe8stbcx4XYBWdsfbwK,56.96392942302608
5xejoazUbBGIzgzwkxZIe8,46.485996006290016
7t1GAxH435fSLa0W7CHXrV,55.469840707786155
6u0odc379RvWuJmOmxbRE1,38.47848368055755
4YCnTYbq3oL1Lqpyxg33CU,62.33151489368606
0HqZX76SFLDz2aW8aiqi7G,35.33402152369579
5iThumrwP9a0zMWB1ZDRF5,9.240386055901869
4mVLzFbc3gaCoWCEENLouc,62.27566393378885
2Gb4mApBEJSEKq4HevgPmo,44.78805988001101
7nhrlsT1P4qsslp28UA1BI,62.40245853138747
2fzKLDa3YlAJ1Qkkxm5ZqH,28.03105182116001
4ScNzmyZZId9kGK9iXuqjn,1.5171805928282314
57VPW07ksriiQIFUzLDvBJ,39.110283020146326
41vUI66skZegzFHxwMkk8t,2.9412970548506667
6Kg7OhjYmLap8DXVHivRPC,63.344824881374606
3ActcmE8M7DpBHQiRFSx5G,33.73278754510328
2zYzyRzz6pRmhPzyfMEC8s,68.74772355689805
3Ks3K2RmCxSUcXS6cOvd43,20.631541333024963
6pDqB2dlzxB2i9Inu4h3wC,64.76936819769249
1wmQEa5wqsnhBaNNYVwet5,30.281374113041057
0CtkjgZpkgnW7U6WmHsakD,40.262801945985494
3RiPr603aXAoi4GHyXx0uy,66.3087484970038
29AkgjitYoZnCi5VAuFsRE,42.79853795849285
1ip7DKU9LjT6aR4FdvD3Mv,56.75517010086016
4xOTVtbCPcfxMs2hSt9D6i,43.92358659409216
1UMB3TtruOojfm4EXqP34t,41.7312026056863
6dRAAG4sB71NAtVCHJep7s,64.61651437000516
7wMq5n8mYSKlQIGECKUgTX,70.75474756318037
28kat5VccKACzCXiQe25FK,31.125611180628713
5jG3djnKEjdcJwidjYWtxL,54.31806423133313
2IY7eOUDjw2ArKYxKa2jXc,42.71243997698314
0Dw3M1B14FRabDfVYr5pEX,45.58511447453902
46ERhnELy62toOMlxe14a3,48.955378615000136
43AOxjjpyDvPE6JGWDv0Eh,40.15602976257964
0K0oGB3LEiehwaRIhBFLTf,24.773309368399914
0g37C4mUY0Ic4FyylwGlgw,39.72649928143498
02jcEwywffn3Tsb48fXmlW,65.1594302917604
49Eukh9IsVghsZJoQRmAXi,16.583685416027677
0uc7vguphIRR98PfMjaQtq,50.31238951294124
41pOIT2t1rvr2Trg1HQChZ,67.3935204832416
0YcJfsr91XXLiSapSQbtJf,52.195315490883765
2afK7FH9DWHYMqltxqf7IT,43.943091227994586
5L1WpemIJPb6U4f3ylBCLe,3.2786324734253
5b0nFlX4ha3vBqKEPYiwme,3.106808429965602
5FUXLd5vcwtR36lGLtKsWb,1.2559537966357637
3A2yGHWIzmGEIolwonU69h,63.9531218065024
0gJBPDy458wPeWGHei3TvO,42.843482792009894
1GBknQ67DCfKTPms1dw9EW,61.76459033437264
5zRuPOBoe38AjACFMsxkof,60.25100450335292
30hzxa3MaRd2XXB6kXGlPh,44.951894186806086
0832Tptls5YicHPGgw7ssP,42.90298734723097
5gwLIRjGFf3hXuHoKEsWLg,50.813775120263
2xXNLutYAOELYVObYb1C1S,62.79626525738054
5gxakaZJUKXaPZPPzVZ5Tu,55.04720741595018
6dG6mKSZnt9pvKlbP5BFsv,40.75549968372244
14tRCUS7kFsJhsUNjT9X0t,27.319843051095155
4MFlw0Rqj02GpUv1wuY2Dx,35.0476152062508
3SVXhtxFCNJnA4MkWF7sJp,45.76523024297928
0d2YnyIPgmPQqNSzDg8s8Q,35.70756560332021
7oJndSpJ0dqewuPfXSfpXd,55.93191474490372
5xzdDMhFYiuUONB0Mha9VS,38.68556404508727
7k3qWn8D43a5ISa3x8lJux,59.920599386025756
0yf6ORR6kV4iEn6T78XKbZ,56.893999133295026
2puCdLnS6sKRdbEabw4bjP,22.324668048564156
11lz5IuUrg2qVuNrGPRVq2,13.079576639330446
7hzfrKYkRfPUIiagwhBtZS,50.81834143091613
5RoIXwyTCdyUjpMMkk4uPd,35.92897958446614
6r2JV75tE0vNgNCv4HKsBC,75.34503923972794
6BD1X1PeV5UzYUdiVaD2yL,5.039022514733145
6P3phrVqOebNtYo1uEyRJY,41.69338951487604
7qvxyKLc49nd9kGXpT5S95,8.104431089349562
3PqhQ5G24At0yDQuJBLZjT,19.232702000634728
46gjSGy1qoGyK7sjv1wbkZ,47.342167967144654
4R85DA7JJsUp5SlKvGy62M,72.75523795831238
2xacoroqedIIZ3guwX0RNj,8.561331744397664
5oAPoGFM22cx3jxU34kIbo,44.11293043508829
40IGDj8y6mbq3ZGYV8Zo60,0.08140352411085489
4CBgcRYGyWjGGaSFuPJChO,0.0
7G3lxTsMfSx4yarMkfgnTC,27.3390671880587
1OTvWduKQV0MQd2gnGM9He,63.447452710392604
3JycZFWWQGXkTTJQ6CoNFy,40.02121369478687
1tJPPxQ18pJL0MnfS4nQZn,12.868731256770994
2VrwbsYYd4ZkZ0Z9bGGAg7,44.63731672147841
4JvmGac2Ew2OTMe1QJlNzS,33.66334271467644
1Yb9pIPxX52UekANEC7d9n,31.778629146875943
3KcSwX6pyUnfJ0YZlcJE7d,66.05421889620156
0RRNdm9FhEGVl0p6S9JlIT,39.06263935661171
06Z7Hy2LUzbcSFmWzwkun1,44.958444581313174
4rH57RWRqo2PrKwYGagrB2,15.722107852000057
2r1Ovp2SgP1ybHNbbEAg1S,27.705560207945606
6XSKfR48lYGFOaaBWEMWOb,48.60163454946655
6s5smacBOoWoI08Vi6EX5T,47.12514013574029
7kCK7FazK6VbfEqtZ6CRa0,40.961497576424044
2XM9PGYRKLL0kgJK7WLR7S,39.40997134113056
17ZCxegdCt1y0reBkHVmMB,36.70722402715069
4kxAgnWw4GKmqcuUiXn60o,31.97913788343141
1gyYcM9VWjpxOaZyDzXDSm,24.467859420074614
2CgXyaryyuxl35iMlvanD8,36.50364327254963
0ccEtd9vMVSjm1R5y8R4xq,30.612300228657432
48PBqbMjiYPq3VsY7vG5n4,22.692022499512433
4mRuyccI90TUWJKP7qdYvX,52.84969490393968
5zxp37YfQ781NJOVCbJq3J,24.568945677179016
1dqe1m4c2ynDGRctTV4Cj8,4.279106196250429
5mBGcpiLu25ERBiUb8RTBI,64.1882703704648
5c7UATnb0XfIbyIHHfgIMb,21.213797336971407
7nDFTHHwfe32a8qdp9XqPy,64.4206923855194
4FlYcJnfkeBpowEHJ72Bmt,39.42275069973524
0JmWPb3v8yq0JJODZbny83,26.686960991634656
1KHKeIouP04dDtl0EetgED,43.718598656717106
5tvOiucEIc6W7ocHin5rFz,40.77008069504923
6EWIZKl3rQUSnvT7EI3uta,23.182248681095274
2jukSXCni9myIF79PdgMZw,41.43153934805094
5fBIGJhkavIcEYb5EcaLAL,34.72126979352672
2BstRQGodshjGpeDGQiNgo,42.142171363911515
3tNyFKxcFszV0TiDDJsYVx,63.37119689584483
3sqQ4ocD4M9fsvbHrr1Z2M,38.66382388609661
2Ch7LmS7r2Gy2kc64wv3Bz,56.61267320647485
0teZhueymP3jVU4AXSqpkM,0.0
1gKmnrz6SzJlGMNRKBLx1V,38.756784549357675
3u1S1OmAUhx5DRlLrXqyp3,56.721693132696025
15ToEAfwSo83rtBLdhNOQH,0.0
7L3m2Z8yi0ZQbWViF541RC,40.23779480399738
5bHC9aYva39pR1mmFMFVxu,52.06368530866204
1bNuTve1e53C7OWoX7Kkj3,52.93710772700328
0mkjekH9rwp4Fg5PxzUTrd,40.40425183170585
7zumacGldlmxpoP8bpaeLe,21.28155018105581
4ocDKtGkfPHFpUlmkOfAiy,43.002304185675754
3avE7LWJmuzRRJeUZWpTub,27.120153526547767
6lcSHIwCOopIcW5cT5NXHI,55.33988335042787
6xt95LFkU8fAQr3CK4lpC9,24.206299318290974
58q2HKrzhC3ozto2nDdN4z,65.96853098721003
1A82o7j36d0Ga3WMfbfb0Y,25.5738870013595
5qXDMDeaGVoWIRAIQ7aCcd,16.227883040253847
5u4gHi1Uj5nerTGExzadrJ,2.401683463186962
5qTlzD0TW5JZ9TacSkLjJr,41.46346149036024
2NEeO8TLqtks9M7kaKRikJ,20.862425045209022
4cVHMHgmWgudD399ZdhQ3L,55.45928548494303
0EccT8UeXWgXtgm5XwFoYJ,20.45784442493267
5uEYRdEIh9Bo4fpjDd4Na9,44.03152638799135
73iA9tbFNvev9M8Q83Q93D,25.468453830807967
6nbWsD9NuzBYxn52iRLRBL,68.98015524188699
6Gf1FRzam7wnRSXeQ8rGok,0.0
2XlbrqvoCOCelXymC9K0w3,43.08134904602529
3hTS0dFgLus7rechtNe8pP,25.192995059868313
3vGvMhuNgM3KVuwHEwZWwI,36.20772159773329
3w01niC4srlJrD3THYX3AB,42.70048866540347
07KQ3yYHQz6nfx05dLDMY6,36.69105788761071
5fPehuzkcZkDFFCwf3fRrc,57.56919658600041
2yZax79pOrYuyIFVW2cZY2,63.70398023866364
6FethwCHTTuUQG8ooIEwa6,64.9235873064487
1PdHorDs2MY7Npj8VQynSn,51.965033338382575
39pS70eeDvyCAF3t8NAlVV,25.22459357144842
1kg8WVYDnes58GOJgwQVFR,53.8703585013081
0hcW7qPqWWJc8189OaqQvX,39.24332670844047
6IcwKMGIozWxe0krTkvJow,34.23311652289809
4HgyF65tEwb4XqYYTE6grh,47.9732957676597
0t9OqmA9tMhVuwIMyjvsN6,40.495312553796985
0ajxZXbCw3XJRlSVH25wVM,32.03794325072208
3svlCHYt8YCtAYXjKhrpUs,10.49029931995263
2ZWUcwJFwHAKmfWbc1bOK9,24.43604098943864
4CWdxj4u0CfBxnLEeVfVTl,36.3873971126748
7LBwwQJZChGm4904z8ZXgU,40.53172664336163
0sNKiz82ATCvT3f3XVVUUj,37.71562832279696
10Yob1C4unUkR7kYChPAJs,45.841901488328055
0HLWvLKQWpFdPhgk6ym58n,63.41911684891336
4Ku3OOZWR4tpKNCVFXILY8,49.16950855807572
2wzpr7E2FkOISAbYQOtPmZ,53.2501846183595
3zxFdCygb1FgieCihHhdxG,2.32638776196891
5i9YJPhJo1RrWHKjkbkgmk,32.34996252563907
0LtKw37CYqXqsRF9pyDGGx,44.63660607712711
4gZ0cdB30vF7gVsWlnMjHi,28.470780970315097
0Hs9WwuAMYmMiIaaYLhE6i,6.357299072516444
26KIJ04nyiYxPh3mcPMiJE,22.864575854793358
5R8rMNXiq8FPT7yze8liIb,35.21422373183635
0o9t52kMt1yNHE0IDmdu43,47.96363246991745
11SMSHxTMXx5y1IJQ4Lj79,22.507391480360607
6ouj46Wib4kXgR4tQZDB0E,35.55107321384387
0HSqXHUdHUbDjWxYIClohv,35.802140555151084
60edNIKZXcOi95A3BcNIms,16.089458918146963
732x2Fy6jbt7qC70Zg463q,63.18937239080568
3AUAvzhXxyTerHasVjjVGc,43.73995886499765
3PZut6IxVN6OBwVxkZGgqc,23.435870257992065
6VPMzaIGmqK43M6Yil9uUc,22.41589969115048
4N4SnTk6rQbLAcARYnjGD9,63.0136688855001
0d2iYfpKoM0QCKvcLCkBao,77.78419548905751
50OsF8Rbv8VQS0WAP0uB3i,27.192835340407353
69eXHDgEEQ6itzt03E7fKz,73.75400318408859
3lnQWbtIZrfM7PozrhNxPd,24.989823488238116
4ObQ5sbaP5PDCSfv1y6RdT,34.68621388762703
2YItxQ9Gfa7tQVeSiLp1JJ,42.772302452356115
7DfFc7a6Rwfi3YQMRbDMau,68.57636986396679
0mAkTqg7vQ8YmpQ7o1I6gR,42.681988256078725
7F5O2pMgNNjONTbdqQx9b3,43.309805592275346
1oEVFAAHzA8xPbPoaJB3bf,29.975680115415305
4z6wo6PJG4Fve45OXK6D9m,65.76123391040927
0CcqWuAEJC93K8cBMbAjgI,53.70909898511134
29bXfCo3mQVzohwPJXohaU,60.57639316761002
27hhIs2fp6w06N5zx4Eaa5,50.54715407215151
4b2gt6O1WK9AbylQfZTNKI,42.20287343190109
49ydqJJrXyYugV1DSPTfgO,36.66008090179297
2hReXQtxmJVC1e68rvpAFY,28.841503690486952
4QhpFTrtlnoRzH3PFO4xRC,11.889861029688756
7aFfriQJAyHK6eC09YMQBK,29.01765520701632
7E3gF8d9EEXRqLzsNKFK3A,34.866345770181674
62GHlwr1hoj9l1UAMb4zbV,38.49881139714044
1k2ybm1oz7rVPchTKCgMMz,66.06890995407568
2nAOuVJJnEybnWXDInqHNQ,27.03424144212093
7fY8qVujvm5lZBrt5Y1sIJ,36.60949423997947
4PRGxHpCpF2yoOHYKQIEwD,59.56267999874747
1yyIxshSIfW89EPTW0xkPH,1.6999492125926687
1pLh3xuAaDMyux3laCEqaq,36.565644024189325
5V1QsNSEDF7YmNBhSKhE75,21.46311179877206
1d46ed3h4U9ws3YsvUOMon,59.45666020264463
3Tiv2bF1OLCXXnuXaDKaG3,53.858479145630234
6e13443Ve7RGcAUScTgYtl,39.030978038120885
063WxqGkf9CzQ4Ug4hipaR,3.025614906716282
1fLdeDTrJWNkwOeFyAVLvF,41.20596974940838
1Q3BsTZ2YrH4zooshxyhmL,52.20469504904759
7DD7eSuYSC5xk2ArU62esN,60.76469484262759
44WZ7uXkOKHqzlpLtI6aXK,24.04456780900362
0PivOoKM1sECNTsZ7K6N3h,50.13557305109011
336ZYcU6poBWi3s8yzRcAD,68.27541782103633
1aR6KEUmuCvrI5Q7LhmQLN,41.283416683366106
22An65gG31JLf9n18qjdhZ,62.12074784485999
68UU9oaQtMDnh6PRlW842H,27.018643643462163
2hfSl7voC9bRNv5oKmhUOI,37.38044844242245
7BpxBMNYNYguGWZZk2zOKe,41.93622636346047
2h97U98Z3AgF7RjKtyW1c2,46.70717668866938
1R6SFQVLcAe3Og6NA83fGR,8.406096694844605
4Wtk0YYWUcx1JYicaq5Jd0,50.210029397047116
3jw5KrLTxeIzpSvByNsH7F,44.755702249534835
2ktu2vdCsPwJzKeoTIjNSM,24.67919051569727
4USWAxwVE2dEbfotjAFYMU,41.14690935250814
1yjpWSlgo3DGpOvHqHZOAF,21.34742358053244
48KgRMAaYReGuflL8bt6Za,3.1628904149566894
5Yx9t9RgATAtYoHN8gbRM0,37.139055801557234
6xWGwQHvM7T0oXVbP3SD3g,26.146524840307485
1AtGjfnhavmpMPy9WQyW2u,31.712664981101334
65NwOZqoXny4JxqAPlfxRF,62.48812077174859
2Rmw7J0krEU75ffhkaK93D,19.24380970336282
01UeBfllW39eaKdiCw556R,40.38283323977385
6oe8UWZVOysx9HxbPzdYMo,21.939426437735456
1AAbYwMYq0JE37F06XUeXA,32.73056241609678
2QNrHrOPHc92ZTf7InJp5Q,17.668445141684913
3UULkHdmLDqBDPmBYltoRE,38.077407651080726
1mOzPMglrTCthDrUpN4xu5,6.907436441525503
68BcN05HQw9WR0dYi3cwUO,35.25302348824187
5djhdzQMGAOIoIIpvZYpkT,15.166743553701767
1eRqy8jW4ZLMJR6dl3xsgI,70.99975215013359
51haCqHVfdZMZC3Y3fffgA,13.046486011211956
6dOLVH7MPhXEdq2MCMmi5x,40.760031562924766
24CeaRaJHiMKFAVZTCu8Y0,24.646697201216305
2Qj04XzmhgIZYaKdmHXZJ2,23.24635217198937
0nK8nFLgGsNtpB6o1I8wt8,42.13024287302226
4C6Uex2ILwJi9sZXRdmqXp,68.51729743649565
3bFORvJYwT9dX2qMGgKTn3,37.11342009955811
2FWmKZ3kNbVsKGhuNHsltW,20.253039659146303
2LcXJP95e4HKydTZ2mYfrx,63.10928559719399
2rkVoKVEMuct8SmEIGKzBw,26.585213466329883
6qB7YcFpeBEQa0D6QO482y,73.34376773073978
0zRsGGueSQLRkYWs4kPA4V,66.35451305611613
5NijSs5dAwaIybq1GaRTIe,55.00487672200343
1dvlY1iYFNgO7SFWRGHB3x,3.767122184898979
4BX9utrulgT68sAqwWjrkZ,60.373111245817626
1sPTEnb7kZhNRavK7BQEW4,19.13707913018675
7sAJ1vUvwOb6qGx73SOrJC,41.42503244187914
0KTvHwi5cDdZh86cpZztfu,57.82627670874464
7MOMkeydYmyvxbidrx2gT4,30.936636046120423
1PqD4a8qULq7TNqBYJTGS3,54.23967802725469
3SktMqZmo3M9zbB7oKMIF7,70.9486905417621
6TBF7XZ9qaurpEaNyQkYf5,35.516086763692726
0tZkVZ9DeAa0MNK2gY5NtV,35.435635550260756
0NRvUoUnHaMXgyBB65bh7O,38.56628683373273
37Tmv4NnfQeb0ZgUC4fOJj,4.771162919509704
1IzmsrIxby0W5NwpOhkIgv,21.618460320748238
7k4t7uLgtOxPwTpFmtJNTY,79.91995063910468
395C2pn0PdOYPzM4B1jLoO,42.695368336129405
11mwFrKvLXCbcVGNxffGyP,50.346975605722385
0yuyFNfF1d0G7yH9lhoHEW,55.28458319835464
6Nd6ntkzr4t8o1FKPGOSMt,40.85060970447271
1wvs9V8xEJStRzx78lSNJK,58.588327955502095
0X8DcetL926BYiPJYstJTc,60.81565722419587
60xaS8mYBKUW4VQQ666N0T,62.98091822817372
7wnC64YPj2YH2oHYBmCzHt,51.445669307045286
5QpaGzWp0hwB5faV8dkbAz,52.87122026681109
35J94eVz8fbCtIXvKZIhez,75.06521061998056
7qifXxszXjUIsx0SKeADUM,20.021091291852567
4nVBt6MZDDP6tRVdQTgxJg,74.33980299323767
7KX65PC1UZuImsUInThbav,41.19532072998008
0j5u1HPcFQxKDJQ89zwOFn,61.79275771269057
4lcQHckNMeUkM8jx67j28G,35.827612075464046
6mzJEAV0z7hxp7IZgTC8ln,1.741675250658504
21yRtB6B8EMounImAfHRCP,67.26064246287815
0iXLwnLmLwn9y54JtBTNxY,32.64356476059321
0JX7QqX997G7fyqkZZiYfz,4.88547353941959
0fScVCIlDvKJYB550Fp8rM,52.46903137079384
6fW1NMUoNYqJNPeQ6oCtpy,23.52035215321797
3ekZOKyYPanieZuumAFVHb,44.357856598562684
2i4DNxEjTT5gjk7wgfSpFq,28.108127075553163
6awLXIvXP7QzU4iTmhIQMD,44.53417088112353
0lFWwbunLKOYOl7QZrhesY,0.19175986872792097
1HZ3cUZUw5htSFmah1V8Ko,43.0725412424301
4QjumZuFhDxilO1OKrK5Pl,40.71662483772035
2upg54yj5PG52W5igIxspp,37.52129263702584
3P4gLPPOHIRQ5j6PC1hNa5,53.737985641273355
5CvERxbaeHHQA1OGJzeOzt,25.957590818715563
2TFi29E9X6MPc05Vyfzout,30.273996412215077
7FwBtcecmlpc1sLySPXeGE,42.47396981110721
2N5Tom7kOk3RUfhKrsPLOg,59.74452952889468
1skGwRjc7wYY70PJCAkKMr,42.42139386267241
7D04SIiYAZq6Kpc4qFhBKY,42.72390033416891
4EFb9FhLyFiDbYKwBwDZre,63.731395542025695
6DcxN9jzax8WgSl39XtTfx,40.97838390563478
6b4HcxHTz03nzrBtrRQInX,35.365643976924645
27sqBDytiRE42WplwCLrj7,7.4690542193956615
3jTWNaSfBQvv3HPTqQjkkM,57.54539439355524
67mtN6BlsJR0LVyzvNZnGt,40.49536092457404
2fU4JsAoRiOam2azK907yb,0.621865351199998
4BKlUinuIllRwKce1DAY0P,24.600450338017097
21cp8L9Pei4AgysZVihjSv,50.83047559314556
4NuH7uYGaSgikJFH8yYCwf,47.647311826105444
6v4ORMzjFcS8bfx7fSwkZD,38.63727599621272
2D9q6ht41Hrpq6k8Jm3ev3,25.45663979793175
6mF2SMWAGcw9rE0TuJv1uu,37.221849690351746
5qEK1dvlPMpOYZTBFPGGPV,37.421703329194735
4qjscZh4jfhkpcQG4ZQfi2,40.9587148796828
5XRwsXxExAn3FVewv4W9mn,1.1095135401304765
75FpbthrwQmzHlBJLuGdC7,65.48613909417847
0cJPLFrlV7TTCyPLupHzcH,30.203842374044534
6X1u2k9iPrVzspBwXgAXyr,33.22800074899891
6byWJy1kjx2pZJfmXCCEST,9.266879735722183
53XpYnPMm9sDql7MDj97yJ,35.971338816703835
5u07rgQcg8F2xIZp90lm3p,42.438973344614105
1HvBZ5Kk6exD3PoohClhEf,20.81433704520558
5hrm4EsjKXstkHgBypelD7,22.98207524851874
1OPkXWnIK8RYyWTp3NWvM9,58.74456371987714
0otmDG441slQ7QYZUPgBcM,52.33905197918183
60TClTKDePeUjKyfotkLEg,49.025077172234894
40gDRdKSnvuYSESfYOTLyH,38.96872613090241
6sDQ4uiWw9OdVrCXFLSlZt,38.81147895582255
5j8cflZIx0GwvlkzPImbtK,41.18932057893151
51wOUlXzsCbUJOeodv2X3U,24.895161075340297
6FmnsSVdJJojBYzecDlpPO,42.032410600435355
5VSnk53xAO9BmquVUqGZbV,36.39722915017958
6lzmirX8hoaDFy7vrojXJN,51.32299120744527
3T7ZHIgO30bKeASQppPtM6,44.425591890582545
4XJyrGQgwFr4nV1UkSp9t9,49.324554054147185
3iTgKW7MWI0M0acyEoQXds,35.75359784601349
7xVnQFDt085yNhv5XIO6vJ,20.029723446909315
6tkl6rjuXWtVOCaXSSSCz2,69.16604864557196
3cUxncrTWSA9lhlQbuIwUY,42.102717743113935
2ool4lj9DOLJpvdHMFMj4x,13.29599773739268
3Pv0B02xwtEzRDmznY2JPz,13.854656869977543
6L9vUQRiVybGvtAatCdRhw,53.66461340984401
0nlZjTPzW6S9JIESuGfImT,5.374860281917907
4AZ0sJsofN1fu52BaYDfQX,62.37874607569091
5u4jJAAD6jd0Z741eT7XGP,0.6137669913626086
4xDwCYhobDehSBGUmd5H6Y,57.4999200595784
0TaT50ZZxT4ytZxuqkE3A9,50.03811662063743
3Q3aKDlRbgOPsUhYVSGDBH,51.58504029235967
2xnlCGTDKbnnVe9sf85RXy,27.18294054690071
5ed9YUQoRSGibIZWy0uIcG,37.653759858674604
4vVTI94F9uJ8lHNDWKv0i2,45.02867138700736
4cRfSR0QxDlXRHTKyEOu93,42.82621177398998
1Nvwf85oHWAtYztjqy573y,40.086799547183254
4evmHXcjt3bTUHD1cvny97,73.97388709656904
108wABClmebQtFnxfliTiO,52.60763503969731
0LDFH1WLQ6NPEMH556LUGs,68.00131632487293
1JsbFVFHNIi7kAhlpxDLhV,14.12631403429425
1h04XMpzGzmAudoI6VHBgA,60.89073018906958
1JiKG47wsKUFSJwzmSkMwN,43.11913187046751
0jVo3e34A15l6MNu1O3cfa,42.828616802264875
4Lora6205JbkK6BJlttlRH,28.97394582922383
30KPG6tcT4DAYsYdTEBoXh,34.86213221583146
44XBLYMVEt5vJcb5qXfQ7V,63.343316574942904
02bJ6uGeHKfNOhIc9qyA8e,42.192187106140565
1zOaxkbS1kAY1gIi0g8sOm,54.25046583272523
7hB5Eudt5YyhxdBlKFE9pK,0.8558964007304205
683tYxiTlWzupDpaZ2mCv4,52.541324855845914
49eAIPivcw5idA57ZWnp5h,45.51290204466932
0Bns7Z5qu5gwuZVN3ht5vN,0.0
6T3bGOpKBWvJ2aHZvZkPsl,19.4204652126233
2vYGlPIhtLGM23rXY8hfgX,39.22810594178123
31MkGwj0SWgZaTvEt5Hgxv,64.37776780388256
1ATiZWaQ3xKkXhnBUL75rV,52.667629923994646
3zQx7xLSxHE25mR34QTedx,44.0817038101872
3FzKPS0oVknVlCW3PhxIHl,69.76559867039381
1qcPBtzrfuWW2TZPVPPopo,59.333669589339614
2Mes3Ubeld6px0kvYRAra3,6.822726523382434
3aMKVw1oXkAdeAVXO2TucF,38.78006032715437
573Z2Dty5epeNgKsgoDOlr,51.377788045769265
5tYv99LXO4gEXU8BfWT5yn,19.33622183314646
05DE65ocdEMQBHHH0T9CR4,21.282948992252578
7yLzGp7vC3qg5FlBmUa8Rg,42.84920943130305
3Tc57t9l2O8FwQZtQOvPXK,62.7584339175338
6QZp4JizxusKLidg7vTRSn,38.61420541117549
5wq8wceQvaFlOZovDtfr0j,67.26229328211605
20JZ25WgAn0TxJCtEWqgQ4,27.309841672282804
6br4Pc0BzU6dTD5fEmks2i,44.70110016429431
4BO8XzGRfQ7ztVuNqPmXld,22.218774012270845
0xiuSFBOEHWaJ6rSuUbJWc,32.69549545548175
79hH8RuVS9af6ixS97wREx,42.01320381038859
4FX7dhugVxsKsyC4DgwJyM,34.6038074772173
5ZMYqjKKrxDweaVPvmzfhQ,8.623020815868662
1KH4yq8QWmD33GmYOMVo6q,18.15930058481159
28JEf21o3BuBBVtSeNTRGV,41.93057881179381
5hkgrWxkobGtg30I7DsfVu,34.48994395090587
4XiDAxr6alWzxm24i2Rt4K,61.812839067946726
6m37YblnnlJ1x7DfTc3Vj0,60.092771781691006
6SR0dDuXH2vtgBfMLrivKV,71.34924625571227
6cdTJaPqNwz7XStIJyiApc,38.897802680777254
7qveFKh99XSlkED6hTPAoX,36.77687846706133
0g7d60vMNSrtSI8klfB1MC,7.4133483279772605
7aATFcH1ZVz8bMdosllVSv,38.29540820524447
5nYxvboEEXpXPxyrUTrtya,22.113101728181462
0Y0TOsE1q11qgbi7c5WZsG,60.64721279905701
1kDkaFlmkdEZiVUogaP9OZ,61.367411165689084
3zCg6CUmhxHukbUs0nd7ar,35.68278258905749
2Z4VK9otSeq3MxWcEgptUa,25.10388671966009
6phmKeRhJUsiSBJgMkgjg8,28.73762969924463
1kqx2Z9AXjbUCbPkUVbIRM,40.2357825562734
43eEoYZerwCiHaZiMbE02d,0.7844171494367095
2LgsKzO8lCeXk0TMd9veWW,30.46409845580805
4kBJKzHDMYlocOXDssdqNi,38.6982527004407
0Pn8WdMrrxJMMxIYpavrnZ,20.36081147821652
2q3LzfknBzye3xXjgiJBjS,41.275106528224526
3CKLPDN1AIOYa7QPpy6oDH,53.635058338288744
119c93MHjrDLJTApCVGpvx,41.927804718210524
06iMqWThw4w8fTFyccvOwr,58.3284777241382
2EoOZnxNgtmZaD8uUmz2nD,3.424457483257193
34AmZ4PMz9iNZVp9AMIGZj,47.679438115891
3xozZw4YNCv777ONrbdHsy,28.941393837207478
25HfgP3A0Jkh5ALR2wRG0o,19.451505800081797
6ReA6ibkmZ2cV8nMAnZZ8b,26.971554839590155
2C5jGbR23YLonV7Lton6fV,55.218533412504314
0SRPuTnr5QOKRoIxMvvlgK,71.15917253002873
1MGIxsVtqK2npdPmI8Dj0D,37.383914854341604
3UqLP9Cq1DNryqu9scjak0,56.22576262696295
57i3M29DWoo7RDk0Tf0LZG,27.279287008681035
0vFOzaXqZHahrZp6enQwQb,45.44535491539964
3MwHZDGwAR8RjZZBriBqmx,39.02857830386755
18lqJUEP9asLnmfweboSh5,47.09684945311391
4OtSo1ZTQWRWE53ZvBfBTV,11.313820935656741
0d7ji3amWcozazpjq5hojw,22.600441778393485
2wk3rEvm71VGkUi7XBX3uT,41.430589198250644
39upzShiWUjweO2v6Ewfjw,42.245169307625446
3NTXSjiz2noWd7gbEqd9Yf,8.384376274538663
6MqqJ0OVjaYeiWUSMOAK8x,44.086082454188364
4iBIFGEGJ0I5ezZZ6VXYp7,43.74197620284567
2dsU8mGoNg4XdMKOBWyzKx,39.91726412802137
5r7OKhOQl2vM8SZnCXSQk1,50.33017281115936
17Fd6Yb7mSbinKG8LoWfFl,35.48045239188713
3tCwjWLicbjsMCvXhN0WOE,56.520518205403086
7ogigweSsNAvKdzxIhahoE,9.240386055901869
45hOioMDJktr86iKDHC8gr,43.29495107081968
59tg0OPhiHlbsVZ9GFqUk5,53.81273104693792
0VYhyWRfiiJQ5WRm3EOczU,39.89610050430694
4d2ZJ9W7dkQuITwUCTuD5n,65.22149604117442
16Rry8M8K1HdyQ3qMUXCU0,51.52780224767116
1twBt7aZiy7HWPG025QGuP,68.77800382239775
1jSlf3IukojdO2tPbLU6Wd,26.892850345987448
1lpFXKKckqVkyAN1lPwwC2,45.958553918358355
5YuZQg9r1qdAgF86TnrIHy,42.483077154101395
4sNwdacKyi2S26WrRtNama,65.46641819884563
1XgpK29CGGjZnxPYkiRbh4,45.70947954562104
1XGAxBPuIMGSoCcV71V36R,13.655108549098605
0gWvVB4bGvADocoPMEDy3K,53.24254057413118
4zQuwW24dweWcaX0fEJkP2,37.81098779289495
2nZ63SBfnreUBTnpe7YJt0,36.500306549072775
45Szkclj1lt4ubm7RFK68t,39.368910037748876
3eDJXbkSGulxTuB2L7fP9B,44.075035344795566
5WaXrtRow1brEASUZsKgCW,36.43873757784667
5SwgE4wA0P7f6AEz2UQMB2,39.666024551913615
4T2kryjqmT3TRJhcni4OaK,25.16081756159035
1HOjSh3MEhxd3xJAgcmyLC,47.371099121537405
3Qx4d8pZPhakg3xllKSp9w,0.0
03jdl5GTBhKsgB1Yw8mVPh,63.612738383450925
5Gx2SIkIWdSzdxnvfO3TJy,64.70242551443079
1sx0XsWUusUoPstbvokZjP,62.187940170218916
2OYtcqflvzQwh3cMPmTHs4,55.14118128709042
4oMZ2h5UIfXiIS21a6fHEm,41.51919630733445
4B161tnzwvFCWiOfx9T8Di,31.108823859395127
7G8vaJHlsKyeSoBwOFbsUs,23.405010255550238
2pvGHaskdT2ZrKlXCVr03g,29.44521189114727
2P61EK6DMGyVyssLWS4fKy,34.170294411937874
5PkfL56EWMQlFrIakXjrsV,50.22897024652652
5nNQahs5mbb10bdHqcznWT,4.88547353941959
26AIHH0JMIP8sd7YBM5uWb,53.54649526455728
6wF8zOXvWhZFGBZkksE2JY,36.269299409052444
4Zehi1XQ5vKkIxMoqZ1L38,45.98388682922927
4OROzZUy6gOWN4UGQVaZMF,49.31462586857154
74sfJjVq74bYkxMQoOhH3r,41.96241232613423
1kuZSCuFZh718pUEMhgfSs,24.478790815389896
41MCdlvXOl62B7Kv86Bb1v,64.9451252305815
385h9lN4b8sw2qmxpAvTAQ,22.95292433458165
3l9eg9RtisizG12a1D6nZl,45.33644802046319
7FC5uMdyQyYgN6jpBjgvdK,36.39331926183313
3gsTZyZ8ZsRZyJwXT8dJ3q,27.924051757842943
3ykSdTGmYPFl8pDBXer1zG,46.55087221770927
0aLG42zaidNkblhiQgJknP,57.63316144425995
0FYD3N8NI3yQ8mKvIMDJol,3.7970568520033474
3I8yVFjvJoOBM9tX4ZpxEL,52.883907770288495
2HTfaqz4LcCHLWmyrEm4mZ,14.820399119930844
1SISnhVlTM8SU7vh83sqUj,59.41796637413977
1wRQqmZwiF4thdQ8N7FiNv,20.34516817882885
6PwjJ58I4t7Mae9xfZ9l9v,29.097199772115456
5QLHGv0DfpeXLNFo7SFEy1,36.20709757538855
2YMlGrhVHdbXeDejv0R77R,65.69674346444968
3UIGE2FXaUUcYWA31Og0XO,64.57541389807422
63vFGclIBFHOhszBT9kPq1,66.9097176051551
0JTDayhfakCBhqdaIj9dfx,46.58044544285209
2sXnHk6Bvw3RByVMpbcc5A,37.04545645192802
7kQQwRj3bzpibsKqyxCnLA,44.11584613174935
2jAojvUaPoHPFSPpF0UNRo,60.997598674722916
1416zt0Z35YVGt97dXMbxu,33.26636401570824
6RRNNciQGZEXnqk8SQ9yv5,73.88018515624383
3vy2QK19RCnS4Egaq9fGhy,40.140236724563486
4esEsg9IxiTAGMBQLe9XOu,60.12098763812198
1y6e9wIOb6FBwH13erkDwO,26.653004299078354
5DZNSYxhFA1WA9WEJg9TNY,62.81241795982906
3rPM2HGZFQxdRghP6LCJ9w,36.25111471308987
6k9oA3gIxOIOFIUQCPaubQ,0.0
2rNUCjocmu9sBCI4Ab9vOP,41.62075768393394
73PAbYaVbnFG0tQ4aBfxeN,10.323148382889368
5h7RBt7uQCF788tr9Zy92j,27.695693986534874
77dC7dKzMm65Y9jkJs0Ssd,36.31260456839415
2W4smyeMF0Zhr2KZhAsl99,64.8072755296469
5TXzVBQj31PD1YIS2Ll1mp,42.320949948544985
0tVv9FxhUjHrhF1DLsDUNH,50.34870196078337
00HIh9mVUQQAycsQiciWsh,37.47851103642917
20O2mCvJkmrZ5RNED9tbpu,58.29920481040097
0tICYNayWWhH9GPeFrfjfD,49.91112781384216
03WsrEB8eyCeUfvRxGP5JX,37.990084611148426
0umRfhrhFEz9jkEMTrUSkQ,33.83008553416236
5Cz9OSlx0QqH0U2GZy245C,44.22840693903072
1ehAFCptpjm90OkQ9S6mAR,15.236945360203446
48sJGpBLqQTs0sZ2ImHJof,35.60395355530389
7GLAZesgD4Uo91YpTiDUQ7,53.374500775279806
75G3D1ajCgumVJ7Kun9MbC,0.0
6RUKPb4LETWmmr3iAEQktW,62.692705288815496
1eRPm6l9AJ0IIgSKAi7bM4,25.698393773481662
4LfZGbBkFJW0KF44vNoVjU,53.837961595089986
0L3oQdYUvVbsOOPJSkZ3C3,60.08929972421624
2D7vv36dTHmoozVTvQJUhC,65.11777603856733
01R0Xdwje645C6xFCnMRvm,48.79631869799959
29zvr7PRPQhE8plnBZ44nZ,18.41736304943663
2CuXNmzClkDWeTl6AsXBMt,36.20360704788931
3DkHNCA4QRBQgTzF2T18hm,42.012588891035115
4jYt1pQqg2mIZmY4FWCZEM,39.87637638429068
6gGSSrKMiV2yec1DrqGhhy,53.819296407235505
0UQAkAVNk3tubJYlOHyG3q,49.192326367224
6BVZyHVBeNkPaLF2e7G0c1,36.19404011801937
6I7BB2JD3uxXFfyAyez9ix,37.19665766107036
2GRDDzw7TnGRawKSZPnKv2,1.4900830305643642
7Dt5Efq8VB3BhmBWpu95f1,3.81285586721722
1ahVFh0ViDZr8LvkEVlq3B,69.28332536529469
68cje2NtCyi0iRqFkdzjwq,25.800732536339876
4dtfrnZWZ4Qttt1xJDT9BY,41.54535461742907
0XTjmmvtnqYBbMtMpXFjVB,26.11103875218648
6pnwfWyaWjQiHCKTiZLItr,49.98226504447763
6qQ8a6M6o5mfj9wTdrbSgG,42.504314293463146
5W7YROOF6bFfBexY81LFjt,23.544311839626904
2dEjGfMHtd0LxYIDrfnmHT,27.596641911040436
7w9bgPAmPTtrkt2v16QWvQ,30.70095449492835
1170VohRSx6GwE6QDCHPPH,38.869846371022476
4SZ3B3y1TbwTK4OIXMOVEy,54.66929256750299
6S1BoAiJeJ96A09tHIwJuy,38.14153043831619
2r9IVJY3OIDb64lplJJ8mY,33.168494966843696
1HpzOCZbNWzxvvXfSGtSrX,64.67585765641937
7pgAdesi3gGZO8lAyzOTvu,60.98207955440778
46v2WJpCGDbwJOyffZJERL,21.974041328707152
44aN5xKL3kGHvQ5bXVk6B8,48.47956071406655
6YTkHZitFBGR67F9A5RCa6,38.252503539006725
7H74AdiJYM7hh4SYGrq9xe,53.913266514276295
5PRRthP9SLfbXB359MfIWv,55.488100868685194
2RFt6ZWQbr9mPhsft9u9eX,41.55895876263414
32XC8EvpugPAm9dhI0Jabm,34.427949482278315
5CYIXts8BCz86OAfHSSlHG,38.806789490241904
4JKwW0A2OQeAUpYZd99Lfo,18.20567430151128
6sSyHED31Nw3Blus6oSrU4,1.2984266609983868
7FDaS1k08rwMoAThmzUkOZ,62.23022415850276
14BmGOdWFMkxiyQ7f4s03L,48.25549077275786
3UgiXDauVuj9HZKzFY8TBL,38.95170484195813
1hEFUwIQJBjPl0BFm6I1c2,36.971191121019494
14Zx6amujcHnn2IRlJeZvn,50.300319641627226
3FrGE6TFwy4sbNjwi5kKsA,25.352230106910792
16J6wH4Evm97ta1hDQIYQC,32.55102087659693
0Gdtk9JaaEaCeFUhIhLSK7,39.02079848584285
2L6orAlH8tBhiFTumIfMyF,40.62040789966509
6RTlokHIiobtIsthCLm3as,37.22485685508894
4kFmRFE9YzjKnUCbXQKnag,39.215731419823136
20gJD9mjmNzzN5XJDkvmx9,40.44081854999911
2hEJo0SnOLcKWI0zsQhnri,62.91794124025445
5FNS5Vj69AhRGJWjhrAd01,61.23069866563499
1tfZtA15BfJHQTUy3dqTKC,39.999893595271566
13Dei9casjzduvf4khrFkp,41.444501758570894
4wzscvBb9JkSfiet1A8UQu,49.89429741081477
6uebosHeOwzQT3ZBtBCbtu,29.28800709099635
11OwAR3GlBj9E35Cznf7Lj,58.58939624432502
6vAcoAjqhoJQaMJJZfBxEc,43.055663631170205
6ILog1T1vfQMxHm0Wok2O0,39.71679360955573
2WLFdsAANOvUECXFk3OKgK,47.10899534013559
2ZiDfw6UdzDu754cBiwgEG,37.42608457060861
0xGSeBsG4V8Scc5YqpZQ66,60.56130557768344
2GgxS8bUT5G25QJTsfSv0R,63.564482833838355
55YYjT233VWZQN4jzQhKPJ,9.433250582785405
2aPGAJ2N3TDLPY2u4cARZW,47.625425331638645
6gkKEooapAEFIQcHDgYvqn,41.43359360321529
0DvhfhHlIE4HqgBX8yDJz3,41.143567617627944
2RaKlveGCllSaXloN8kmzV,44.40938422615587
6Zdl9iIxTLrVGOd2SH3nF5,33.876439252431275
17Z23wxx1J0nicqNfImgUE,44.77207311750999
6yZAdQyPJtXjATvAT8ERQg,32.058367405655154
3ycOJKN5U4l1nLPM5IYJh6,33.08141435926486
3VnIAUSwxuocMBjuRhPW2N,70.8033044509479
0gEF7HzO1mYr9Hp4pdKalV,55.92011255871741
6MWtB6iiXyIwun0YzU6DFP,65.46349271616843
1kSjPQCJfwVkPcxflNMJK2,0.19175986872792097
2WetC8JAhHprkgIP4RXIki,32.4074076611591
6ZRF2oj59pKnVYjHcvN2Pa,6.396830117975269
2U2EMuFyUk5LYMPlMUpOxM,53.213396425943806
5dnHw5AJ6YTCWG2em1GD2g,41.452573289756515
0xORFaXxl07BtES8IAJ7OD,46.25440966571158
6oshufDccwvnIwKCvKayb6,62.05946703624248
68AJgDAbi9ry1ZVc9eh7ll,12.265539101988804
260V7huyJrXnyYe0dFv2Fa,0.5716715834579803
2DGsn73GOkBsdRugZvsOj0,36.76995515361808
4Wls6Mo3QpCTnfa1kSEs6X,42.21695778432181
47ih1BN9dECO0Gu0yPeMyD,62.7554005559903
11BdiuseOwlswBgXTvq7Dd,27.90753875003927
3fBuhWRaAlkXOUFFJL0Mag,55.28756822775442
6DDZWd2rlvdK2h0q1dNjye,45.20214946186905
2sjPJ6T2qA63OUxBm5dQfS,15.717436201201522
7ADbma50v1csIQh2BLRBB4,15.38178718515844
7CS41pvRBhejuFs4m5nwtr,68.63387546108487
48GOApO30oXNcXue1Scdor,3.097942674067614
2Hmz8V8A5S23VT0h4Y2ZDB,35.07456086614247
4NOZKKJKMWhQCe5uyQNNG6,50.29670700674233
6kVWb48884mjSOSgGeC8Pm,4.73530955480039
2BsvZqL8p66ZyU9oA1kIJz,43.35703352068674
2NYPx7YjNrHteC2RxzTzTZ,62.449641576030785
3hyNFwOZD4Gn9OiTaVuXrd,41.56777085283406
4NlYDU9c38dhqf1pnOqZsA,45.8912777448561
5cdVjOTp2QPOmYlFuCtkAP,49.60308012318949
7KwFRmkfw7cUZIUqNxeuxw,32.037351434994704
3EPXxR3ImUwfayaurPi3cm,58.303964129085486
5oc70i45QAxUeE9mj5dAsB,27.411379929638116
0Ha2AZQ1cHCxycIpmLyKeg,53.71157222686999
1SN1vSPsr4V4tIUTR3s8YW,54.38058864773451
1yknkOZLGA8MPWMBrwBBcq,2.569529754723226
3mJV4kByjmgU3ubU7JPp9W,19.408368446956427
5w1ingzqrsJka9nlnEFB64,61.36482389781231
5IfkPX8IQP35lYoR2ILOEx,10.2944976595589
2DmIYDpW35BRxPHUKFFsUJ,5.110691518093116
1vceYAVuScSsCQwvbkWT8j,25.071471977779844
7k6phfGndOSCfL4TZRtLft,30.377109726030344
2GoFLWYwT2y1bP1h0aGtoJ,44.0996199255109
19rR5bpBnKE8jQvJOTvPla,54.181283202862936
3OmGcFaCHyCFLZUw4KzqA1,34.43860487830774
4keoy2fqgwGnbWlm3ZVZFa,58.103828677867305
3D4QFgYa3P9P0gjmv4eX6I,66.58484260838905
608xszaAxVh4m7NcKJiAbF,58.124744918269684
4nstXEMLPc7P3lZcGuHKUI,40.73734065539412
01ZQLoq5j9ALYC9Eyecefn,55.36498566430537
7vrHbwWSg3GutLqvpX0JQq,19.319624866975257
7vcNp4cj4uF4AyX5aKY4Ps,43.162049652772744
3b3eu3uMp1b9xPOHbfSwBi,60.81742457727638
5PdPaLUmJcGB8SiHMtlKPM,35.18765103600435
7wnagOAqma4Sg6JOGjWr5R,57.04978566347881
2jTJ9q2tLYJnElfIkiPwPZ,1.468420920635584
6rLd9ykKL0GubTG8PDFxA6,0.8892058669256552
0yndiszlOMgxOu3y2vKZvB,11.178389013549676
371VkfwKiXJxgH5ZPoQNHD,46.24693533132103
60ifqqPhbselSwXyGrGyMK,45.55119887214829
0kUMtZVaYb7EETkBdrEXXA,53.180722334762905
2FSGUA0gFgGeQdprjtGM2M,14.84114557290375
1DriOnyA5tFc2bUdM6nglI,46.95752817201539
0Zj4igNaBPjudrsnVLTstx,30.828884278354078
53CJANUxooaqGOtdsBTh7O,67.33847736242937
4hNUUHv2V4DkFTLtbhYGZX,1.7642939007781684
41JVdEgTBhLaTc1Vca5pFy,44.138310875764105
6N7UXgEpLpyua6OdefqYyg,25.038181797144208
32fYfDCfjwYxLZi7uSIh2f,28.609283238541202
0HsE2zUH1uZg7Bnsjf51TM,36.922360958082336
3ph79KYuJ2bndNPA2c1tRH,15.240094190429762
0e4tZcTc4B8kga4ayyEp5R,25.534678735518376
2rjtsklbFGd1qEwqt1rkE5,1.3762409654399237
1jQfgl9WRle7D8a3GXLwaD,62.222349264628036
72mwpXU1pVrA1oRdi29jU3,25.95372637632599
4xU4wWPzUNlQgTfaKCcheW,63.010330234331654
274sq7UtbMqE8hoswJPagJ,0.11626233392280062
5VSJ9OfZx8V91A7u8Fuoh1,47.918381854557275
2Bkfvi3pCcwoJwnmd45OnA,53.44451276898643
3hhs1XHsWvbH0mP9D1BT2Z,24.679339219395573
2D5Fi0jgFCo2kWJ84wAxWb,34.90567283240903
0vpawKw0jXvUCbHAGUXDGj,55.44628635067707
2IfE8FhnPPEBSS4rL1qhBb,59.611434275302024
1gAaRSN57UYVRI4eWRyAvP,59.7505871947198
0zHZSO80CTxNtvtRhveHRJ,32.24374884306357
6Awxltp70eHixrcPz3OKa4,33.26379639731265
3qMkFNfMueMebmOzh2fKhy,30.402536250915798
0tZ3mElWcr74OOhKEiNz1x,59.65121870868321
3d3k8g4GTVx9EFIFlOZOEX,61.132650855896564
3g2gQMeeQAEPztiQKMlGSl,44.037375084097505
6VuztO5yaKP4VjqSkZxpan,54.68505997338382
2rUzh19do9xKVsfWCa92x7,24.433041138234064
1gzIbdFnGJ226LTl0Cn2SX,27.255712091217173
73QoCfWJJWbRYmm5nCH5Y2,56.24585187365706
4qOesAYiMiMFiZrn2wfkl6,57.72540481887488
1bYI5bQggwEA4JAwr0qD31,33.6641903609802
1LiN0Z98FkR1t0m8KmLcAH,45.731029379104264
0yjsqPohhEH9engTAwqWYR,44.79885171995201
6zPFqTggzyqpBIRpP4p6HG,35.03363767118237
5rjPINVemhJJL3JUiXLeV1,35.92031511336882
5aqhNd7voeILJBBgyWPW1x,21.19927008197618
1s2Jslxb8YB2ebugfbD631,34.38814076725428
0mJUxFpEI1eAOIIfnNoZ4G,22.528447599311818
2Hh6q4RUkddqIvhq9WSzKz,41.43278009321628
5mq2tutI68FRDD8CiYOsYS,11.548490165884624
6aDYL0klsShJ1NDScruk2G,61.30357250170759
2p4p9YGwmJIdf5IA9sSWhm,41.49967060082422
44fGrLd73HAlF2ooc5e1YE,0.6558820865851912
2Xg1jewTdorDPXO8EUPXSS,24.213957650171654
0VKAfRlgmLswXi4WoDxW0F,28.841503690486952
6Q45iYMuedSPVotifXvBSh,36.53204034869784
4MRylYuw7JcYVuSo3YFy5f,27.618113767738244
77OWuDUCJMhizuSjOXDJbl,50.63782097566403
5UUQUFsYJyfF6YwqTnquuA,14.80130454129922
0TwBtDAWpkpM3srywFVOV5,74.37422692294408
45ffClKkj594CkU0naaLrM,2.4283002848019506
65TPre8PWZmmoPzLm15wjK,23.936809573551937
7yCyhsU75MYdbeqRLhLY51,71.01129444349883
1dN75q3yZzOqWsz1qHE6gz,19.107790084259108
0MBYfuf0BxZH1FJf6jHTus,54.69280478509882
5svGKYMK4zhSzZqX0g88Lr,52.768262308276455
202lm9YX5WmAac83tOGlVn,45.680405705788544
1bBYR801JoHJ6fOlXdmgJa,60.72216276896802
5hTpBe8h35rJ67eAWHQsJx,6.474128040639067
2tOOcDDYkh0PSjr6GwPEAJ,61.490886114245754
650OeHTLxZAQmb4aEbGmaA,27.18945450701486
3BiD4pnu6vXAtL0exM084x,1.0589889289064445
5tKenaJVfb2YP6imRnDDrN,23.11803794370282
7Af2YlwMZryKOQiRfwMsD2,0.0
2kMKmb60xVUIWW2Out8ypz,21.964456149354454
4wRqmqh28WCSZfLrKVPA6N,40.38807829788251
46l4jIghBuLjDzUqYXY5Oo,47.03301073170362
4tmERaVkzL7X64Oku4vDo0,45.69110263497233
0BRHnOFm6sjxN1i9LJrUDu,67.02196080387564
7w6PJe5KBPyvuRYxFkPssC,51.65916226252464
2naBVHNHinneXOYmczG7xE,48.2468417642448
6ToM0uwxtPKo9CMpbPGYvM,55.05026085038473
3K0SJUQNbOkUprTFcwwAKN,50.171039313102646
5HvOWXV84hNU01ge2EnVhJ,24.699214735905116
3EE6kXsJPZUF0TVvsZNtTv,55.46079568489805
2o8SO1ORcZmNh93M0xqIb7,41.522156082090746
2mNr0dLMmLfkkQq4OjNQmX,39.488936936914236
38T0tPVZHcPZyhtOcCP7pF,68.54231693770392
44vw9JyAvl32lVEEyHN5xw,68.47813210612047
62o8KoI44JfN7aYxgTnPvh,78.93208481439333
0x2HtOh21kUsh02xmnWdw5,54.538292350741095
7lBMYdsIxaZj1M6rCz78JT,35.569462383770464
4LFwNJWoj74Yd71fIr1W8x,38.578108918483274
4jfBzfvzRe4RLPcyM5qap5,5.269161041430915
2iFgHPoa7FNHwgLnjXzu7F,62.73323849700702
03IFuSqLJDHnPbC10O4bks,23.552512645719474
1myeLS5VH2GKfZFBdD9TfB,38.12465894108591
3dbCYM0LJR8tiL0W1XXmpK,44.325528072611135
68yqiuPVxrT9OySWFDwDDd,34.13928422458538
2xXAcD0zzapYgSl5z1A847,0.08370399106319662
7MGtbDJ5mydyvTl3FLpTvS,35.606193903881724
4zTPYAf5scZdp0LnwPPeWK,66.11055651861003
03lhvE93Wg4eFhhngIOyH7,1.0609857849413276
23PCLIt2YU2ycgnSzCxUEN,33.69280073662395
0X9nRm29fiHY1rKSpm6Jc2,22.385155694766045
5AbfOKYiI5nuuUsyVeTQs9,13.085860620508539
5s5TLBSbM6AEeOIF2GqQcO,52.381605203030816
6OfmhEOHcKhOUlh3vNE2zh,24.582042738803267
0HuS5vFQd06cXV54I0twkV,43.26527985695456
3IHmA6byF6VKEebLOKQSQo,22.470103587461715
7k6QR9YHyW258yVN6FHO1T,37.37628843915354
7iTwzSe2fg5xYwCgXXFkEe,79.44809377922415
60h6d9KbSEqZy1OKvUMh3Z,26.164573081810392
2YqcTD2YWNMQ9LbQNVUATJ,42.997287450336586
5Bge1Dsqjc14hhGguYML5w,66.87496675813546
206jQRISTbK1vN8GE4k95S,60.20490780958543
2uSfFZG8Bfrfo7Q2bm98JC,38.32767031851529
3bO7KpFDRIbUURbrHbquuw,25.769262516239866
2j0xMbhqTwks1L3PeOhywh,37.539479728160046
4zdQnUf0viZCBLaRLtFzCn,38.42434998212137
3VpLkugcSbYuDSOBKNxFaQ,48.69619452731966
0RK3rIJW884dpTq89P21NN,24.89038513545404
5p1ex0pXv6jSPJ6QbumQpD,83.10743225551764
4CoM21pk8SxQh4L7ijqhRu,45.4643790540331
7CKrup0WwkD1haS2fRlkIj,30.242918078190062
1MRE4GvAvlrvIJrOtcg1sK,42.04352948081687
6JGjevTaqr9J1xp7YvYUKF,1.7841492518633748
4zymqtwxceeOlUebIemgdU,23.913471493107384
34w1ycoersTjtBsRQsKzgT,57.00076314594694
7lEB9zJVSZjohbGGfiFsc6,40.7747192067131
0aZQyZyQ41fb12tJdYVa5H,25.36001832490863
0xZ7C5VZhuXUYz5NWQ8tuL,25.356356311647048
5Shjuje8PRcX7ueEVajrLH,52.8088708922183
4nnGzheGSMqpLiMStHQkNB,41.087729745832036
0R97k5AJy1udJI6mGV82FJ,35.528378725611276
1nKklxNyHet9zYDrLsYufT,70.99836892198148
34LcvhvuO7RIX0JzSw8FNe,11.855190201817106
3rvKAT40Q513rnm4uk0vpN,72.50796031447267
2pU1CpdWAAfMQgOljmb1MW,39.065438677749434
6vjvewW34Y3UiGQtJokGlY,59.39130248340911
2bPGTMB5sFfFYQ2YvSmup0,63.4232407730239
0fYVliAYKHuPmECRs1pbRf,52.88479568845013
2gpw73Uq840rdD5YqJZkWk,40.99132219887881
3qhfXNcG8fGZdyNhiBpeDD,46.182451577700235
511Q7DOLFifvVhCfPO1tgp,45.366839386535474
7Kutf53V4k0CvU4nKu5oK6,52.18149537812001
4fjOfG50zDutoKWLZBzKGs,32.44620854679816
29d0nY7TzCoi22XBqDQkiP,21.525901246197552
6dFSbxLsx3x13auTriZLFi,16.04078217555497
3QhLwMZzScNE9NjB9R3qC7,37.361296384450725
51TG9W3y9qyO8BY5RXKgnZ,49.96828537068337
4Nu8sEejt46770gDUvFcrF,81.73601467179846
1Tk4KVBLxD8CMAy6vJoDF3,74.61012294062424
4RPSpwcOe5NgQloQS2CDGp,40.534311882366865
7MiZjKawmXTsTNePyTfPyL,32.93150825824494
4HYDUMY0xSpeBr0AMY9cUz,74.074988787436
0FB5ILDICqwK6xj7W1RP9u,69.9989335937533
0zaWQBwkfh9OmK77CiDmRI,33.06539893082103
7MOjajQlgTRJlgqoSeb73X,35.962957055239734
5hx4FpDZOnDVYlyoG3rMks,53.762295351769325
0cgRDeRDPNrfRifO8WHit8,62.14834179134457
5u6vkDnOyaf8LsteDAj2ub,62.90056769165211
5vlYhGl6pAa3dY6E9jcBHf,39.613201782784266
1GqgSodUhTUR8KwjxJfNPP,49.49695710829916
4G8gkOterJn0Ywt6uhqbhp,47.35722413532093
6X3kcyCvy2stFdKuYP55Co,37.266635276383
0IjjGQAWS5Xnlp0lHnd3Ko,29.976334719456283
4ydaafGFdKJWHi914LrUTX,44.891476572072676
62yJjFtgkhUrXktIoSjgP2,34.43427001402842
7usbSmFna598CdvpZiHWlq,22.024975943778966
6hYdhO1BF8V03tuF8pADKP,43.17986442380683
2k7GyFSbErjCvk1QlTChxL,53.83890821771751
5ypAP72387351HVZfZoWAO,45.09278242674449
2QClgxYcgxxDD7EqOe1c3X,27.291064446710745
6A6mDExVoAEJmc5JyVSQeK,61.33442551725757
4cAp9fEdhzLVYEgd7MnV1D,42.19389299795519
7DbiRO14pfO3Lu5RQdDhGV,57.19632172471535
0mGVuSHZ6y76GBhfnI61rn,19.092727935301273
45EYpR9kjnnELwqWISfy0u,39.74735665055833
5HycJMEM8MyX4i0ErSeuC4,26.334455225313032
2YzHSCRkNrOJmmYZ0HPBJJ,51.94953006911804
0XIsaklmegqPEdOr38DVEt,48.08532791376408
7q6UdWJYasInylO1Dyrwta,43.771062504699636
3CYcfkVQbUPjnljKdKA8H1,53.7760963734319
77AerlmvC399D6kF731DTQ,7.502670327058614
7bKssEnDzj8sNo5gOuyJDl,43.97927398942735
5O3nMjk8xL7n4TIh0tym4i,24.67469801461219
6DBdYfd4EkR6cUPSqtEwhQ,9.104022708771868
2s1tc8yYKf0QAO70Xe1VjU,66.07507626419171
6IbnUaczZBT34DhaD6S18F,64.80582754555769
72zHuDxFQTjbL51qJQSA7j,58.36671537566566
2iNLQA0yVkF3aA1Y4vZ4Oc,38.931216803168795
6osaMSJh9NguagEDQcZaKx,59.78583862133054
3HsFSrIsbO54TFDfG66pZm,56.374445881832635
0qo1JukfClmpHnUOJxpFXi,39.53415347870998
0v9Wz8o0BT8DU38R4ddjeH,63.67798554541773
2uFBqk6flKDuXiaWt0vV68,44.806980374119405
2NNBjmxKR5uO0PnoUFwiXr,23.92449294662745
4hXYsBvtAH7VkvmVNw73c5,36.390589026593005
3jYRpwbctfqB77uU7T7K3U,3.3274705131174773
3Kk30svEH2XoNsEvM3jyOP,8.926617807918413
3d7W9cysz9P6RpmuNkDnnb,38.37198442438097
2eDdFHgqNJltzlvlZFVDWd,58.29325823961791
2EEinN4Zk8MUv4OQuLsTBj,46.08279043262018
1GMDpf82TUwTVBPYiu0dmR,35.159802514763264
4xB8DfbPm18bflN7fI5c1w,28.823953358368737
4YZg4UXqhMoUM40aPNIX1v,32.37492118968593
0DO5Qkdbtym514lDNy6LC2,42.008968836610215
14geRrYSRz73sBbtPD4iPQ,48.95511366336033
2J0PjjzjI787k1ASre2O6e,36.26249208659991
5l53XkYN5rTYmdJ0P2GKFT,0.0
2Nh2cMryoXl7BrZoIeN2Pr,34.13949643021182
0oR9XRneKUIefSfy5y0IJ8,31.55547012329494
18W92Zm1KjLCbUIszOhpkD,58.37250647874316
6O5spqMgOR3Hk20NHCAPpC,55.10661151368688
6KQxGfOdjHMh5wT15t0gJj,46.99674998325306
6WuqJLVZcyJklg7lIozAO8,25.893345118603527
2zy79BntQ1kumEUeqM5O84,53.29091677766965
1bHwmGAPsDShzHi4b23TBY,42.891556689393994
5eAGda6EwIwCJp2i2S3UeS,41.63868166734501
3rtkoN3YlwVmDgXf4DOBee,33.73578884344577
31OqWK8Lc6GnUbnLG3GqPX,61.78949216414087
5X9mQ7bV2wY5S9uIZsasbs,52.20947175646461
4pEEaVhg7B1JJks7HmBNQI,42.537296418380286
0Ye1olMyvB2rLjZ4vlYVWI,39.556776605589796
1oIdcFtf58sZbS7QyZQJ2P,37.997783926223626
2fzly0v7ndY7NydVFBE2E0,34.34297745994421
7EKylE34yNJV97yIYgwwTl,10.323148382889368
6f2xulX5HzsHMMh9BWUS7g,10.410542019232377
55oYSMee1hEvnQrQBEELnO,35.03006178845432
1ubDSCbRstAmiK3U1p4UZc,0.21938933882554257
3OwPSJu609AMzotCEyoMiO,48.43335995765807
4n7jnSxVLd8QioibtTDBDq,69.78622029176283
6gq5YInoFxEUT13bzu9DyC,49.809785591066266
3yT9qgwUHuH2tIAblw8O1d,48.30611714974873
6DIW7GJbuGZdHolRcPWprP,71.90945019370832
1oG2vWELiGjIqxwqGcyqwF,43.79491678321466
3ix6K4wZY29bCujrSznwFZ,54.1130701718097
5YHmAO5OSZqyvs0X9O3hEK,27.069352263372988
7i5IbgNkFA4JwfT4OAgdgD,0.0
2L6LcnLWizmxpc4yNQBpv5,27.35206096465363
13EqDaY8tAIrf0dmLdSPmU,21.695789235206
6qNALlmZa1ESnCxJmXE1K9,57.559899928498844
4VFPqkCuTS1tQpbnsSot2q,36.24838227920182
3QBOSFnhe6GrJKAOrm9Hij,1.0124600990431192
39mAYnjo9MYBaJRISA7hHf,38.36380117706982
1AwE3VLo6qlJ2xi1oS3BwE,54.16404935783068
23gEWg886oyEWphJOhplT1,0.0
2LMq1O0NiqGhPOlXo3McYQ,57.343451031373185
1ErxYgPmGTqXdjMBGj9JXh,28.614692656398326
228ZhwXbX1nzXDlRHwJoDk,22.856143739746877
1vrMGV0cxKxujjkhKiFMUe,21.107207900668147
0JP9xo3adEtGSdUEISiszL,68.9753130027435
2t16D9V5FmmRAJjsSpwvZf,68.0009422019892
2rtojZgpeM6CdfCxv4IIeV,37.92514999910618
69ozbSmiU02mwqhxaqymNC,7.803487594120575
3aKvqz93jCYwr1qQXD0OlZ,41.05013510960707
0TrIO6sENZNH0yYGhNyLdK,64.88747480862911
7vgNGxchhqDQWjKjLPTPro,38.0584363294702
1nLF4GpaJe54kjjBVxIBRS,23.013461518157097
5b61rcrjF6JG7yq0RRaOLh,43.2620466089952
5ucfLeGN737G44fY41Io6L,32.077779434266745
0OZjtuIbOvPkCy6zlgyNOk,25.365896869889898
4vDwtuYOAax6JkphCGDO9Q,0.8507838495083588
2gQqknpjQSpBwJOtvTOnqP,40.90051546105607
5MDgUvbBUi1nu1yt11mzH6,61.865498555221755
4wPwqit2ytuMCEhqjrRt1U,24.55735373338845
0wryAFpQqHTvhteQx7ZNp2,68.69803508155738
6NncjnSD7JLEetWb9KqMRY,50.26636156489947
7p6IXGLt5Z6XYthXFlNywB,24.54006661448825
0uBdQzKghx88d2Lp8SLFKJ,69.42734066515374
0YcxTTiIY9cGyG4BjjUIes,34.867089200572906
0IGdpfQ7kjpNPoHgbRbrmJ,0.6281582900304034
04hFLMBiGOrTeuZBVnCGhh,8.637338288899567
1EXeXN2Bd5R4IRRHQyGr7A,22.602913897641283
5R0v2GLujsGk37QCkGdvMQ,70.00222675085789
4IZ3MnAnB0tGUlPEfpMCVd,9.631482171671752
2kMjk14RmYyYhhSbipoa9U,55.74708209554088
1IRZwD3r9VOehOR8rGeV3Y,54.861170865638776
5KVbaJP4IOZmZZlj5v4jp2,40.90773882863408
13no7E4dn8VAjVTqWF0u7O,21.291755333230448
0oerlffJSzhRVvtDfLcp3N,42.99379193933899
0xrkyEMkG4dVa5OMLQZOX8,61.51731159859412
79epfZIYa5L042L7XoQeu7,36.441478708594786
2f1LwoDgtqVMV7Lu5sT6tG,44.60947591083105
6lSS5pQ7NA0oqC2UU10fFK,26.816383086074687
3gqVjhFpPMjbZBLNJ7nhj3,37.943217377323045
228BxWXUYQPJrJYHDLOHkj,26.524744555731353
6GoZuYpN1nXKV2zSM6RHpv,40.46318366186916
5hPxC9i9lj9pJwg7DK2MvC,63.13048863020976
2vpVR1L7Qfkd7D6qFNuorq,38.151201323105944
3glRVTeqKmtGqmblN77lw0,40.25396761981598
6P8zr1ghnd78EPhUO8axDm,60.11932873008635
6wic8Jj7oLRmj0Qe2nMgUj,42.31486250582485
4fINc8dnfcz7AdhFYVA4i7,59.136102734922446
35xSkNIXi504fcEwz9USRB,61.81243692676855
7l5B1ilLEOxqp9V2LZyKIg,48.80736683545859
3g3GUoGsjciY5ZuV2j73qm,1.988426152513354
7vfvZp6KZJpxiaW6rI9ieM,71.84042532492823
1uTbFcWsB8Vptdf7U9qCHT,23.184487808518327
4GbnjrrobeVLCl1FQ5C0OY,52.178343149325656
05CwHjIk71RXVU40boRMnR,72.48064916444228
5KKaKUz11IqcBQ5loBRRX4,38.53547594505174
1Dus6ffXnlJaTJrAYNGL92,32.61048322039544
1Cy6AaY8lvDFxCB7AlLjME,46.0106955847363
7ycK2uijskzxp4cGpGNoCi,29.21625451722944
67rvuV6oRGppOyXZk9OUrs,39.9697920585878
5Po5YmT4RhawSeqNXx5m0o,40.385044386825996
2ah5gOCogw00A62XBoepmc,48.20556724736873
1tsk7uFjknRB3crWOHdfZQ,38.20307526810113
4jyT77UqVTx5vbP6VYV46v,43.368967407658836
0swJk3Hoi5woYCdfnL5lWj,38.104857665821946
5JzM7QO7lYUaCkechDWAeG,36.56356976539311
6EP117i3gizdFg9neGen0s,61.306010342555865
5hxyXBPrfox78jdLaSAjwg,15.877465477798058
0QKKI3pKCkSIJnICOWQMvG,20.034481156355024
64BKKgWdKdmKlQDzRfHW3C,51.246523549915885
5CdJveJgiGXoGwDFqF6afp,28.52258196275743
61M0BDzSkEdj82xDM8hl6B,39.623184169623926
4D3IIkBWnpL097OkljGnRW,62.78982691673335
7qVYQgZfZ9QVmm7RykKKcD,31.468129450313654
4BiiOzZCrXEzHRLYcYFiD5,59.631129991471134
1qoHlIpgGxtmYsYdyiySiL,43.44096358758629
3bB66GhyUtnqYDQHm9ZBR5,18.256127189460052
5d1G2EevctGiuNYrDJPphT,31.499235797778205
7p2h4kISjw2t4AqMUs2AmA,44.68632968135276
6MCoVicJXlNSLh5lETQJxe,28.03105182116001
4ESyocZUQ3fOlCbNP6n17i,51.388040820754654
1wmOubz5LefeGM4KDAcsfz,10.089854784790255
4kQazx3VMaDKUG1IIaC94i,65.92083654754214
2cj94YDAtsh8A0rPGJgCvT,41.407913703840386
7xNCacksfUkYXsXuSW4vNF,46.044499702508304
2U0pVx4m1Kdm1Gsjjm6iq8,38.39587478238149
25gacl0dFF9HTclx7Ug7xC,39.51121692270112
2cxo6cXWQCDdPTePV3d5Tu,2.0066046447382733
3IVfQa12dbFGhkQ7gibmle,44.395895300871736
19xmhGDOerikf4Wl5LrstY,19.930616562714025
5Db8xWFjgozOIfpR043Ukn,36.81048685970489
7aHRctaQ7vjxVTVmY8OhAA,31.31134403364221
4zEvxRDaKDoFlHxK7Hy0wg,47.44027308322483
2OSsMwCiZPC44tJ4OPVSZF,45.54494952735088
1n9R3fwBMzZvwyTWpJ6QMn,27.72898401098171
0FLBNqc5oAiTt4J2e3fe3y,48.27929586450492
05xA64s3UzOOmAnh9SIIjn,35.18878293811508
49p8H214EdeK34rrqCXwi9,57.39593069242602
4oJEy4qDPwDk5ac26yEMeL,38.756964581520954
0R4dwzW253KTxchGryT1H6,67.7054131872831
6Qd2OmDq4rPFQi7qCHapTx,32.4722431084686
6qsVVFBn0CuPrEgx9u4QzK,41.572117106165265
1eFwkAHcq1WOdqe55bCZ8L,29.143998322645785
5k02Wjsu2MdpF3c9VFQD0k,68.66969219862325
36YlzbkAZLnOke9yib6Yin,1.3821344977325338
7IX2e7pEShera9T1QIMvi7,67.37435643611747
3rxLb8cYhEnv3ZEoluDdpA,60.0416998558694
1fxwD70zSHgakPFIAC0pz7,55.356698123762236
2yyBCR1MRfvINVNwPa3CSV,39.0208476177287
4kJLLHWGW4wQwJMBLFBmsD,39.16953183757492
7qhOEYwWarxO50hAZkEY59,7.4690542193956615
3LCXApiAIIvSzM03Aemhoi,26.053190044091235
6ZtqEpEhitvRNDhAf0Y3gC,24.85553455995029
1lYOu6AUCU7O5T8gl7aCCw,58.11560861379078
2cppGOIz0cuDnKoGzrDsJQ,66.91978528184976
5IvKtrcNWBkvyW2yXZ2Y40,47.49972799178648
3L7RtEcu1Hw3OXrpnthngx,49.56083522934332
3s4mrPrEFFPF0LmAfutW0n,68.32462505312424
5jlsg7onynIipVy5krMaRZ,70.93164868653368
02vvQ6oDimuTU2fnaewwXv,40.41301523857641
2DpCdPMg1BADE4HDnxt3Rd,51.75222690321964
77mPrXdS6n9HrDW1JPIxvU,23.03796856835831
6PdEKf8CyyZfrFAGFi37gb,28.638171664702107
0KzvgSNKwFoUNQDBgqOI4W,16.3802155241402
6rmTI4qrd6b2iJddcCJy3A,2.113523025964858
3lWuagNhAzcqOikD5KnBku,59.00105808578182
3sMleqdCDalZ6xsAQe8xuY,39.57458416891751
7fOa2YngldFhZpkPpQVwpb,33.80133049280078
13opctvyVx5lDygtSuEk5j,29.838835999274842
1gWFuF1aCfnjonAdyDfV7Y,25.04887440326915
6BS4BAScltBKeP6cSi9kh1,25.934870636770004
6H7w7e8zC8QYJyqe7fZHVa,36.68615811691967
1BSAmxkrz2H8v5kpTfAT6v,71.0563136993824
1E5m92fn5c92TUH6NP7HDX,41.56434911269316
1u7cOGfUAN67fmwluwkTrN,35.33894915535379
3XrvEifl0hIzgBGUa5jBLS,36.37322444487781
2vN9sh97P93i4VItNbTJyI,39.945370919614994
1Sl3njkhhz8nrSPZroDQ82,34.71060419578953
3gBiC50QtRYGuo9pL4fQfI,57.179390847493444
47gmoUrZV3w20JAnQOZMcO,59.88767372519872
6K7V47wFpfam2aeE893rbL,39.74532263542395
2rmq49FcJ4U3wh1Z7C9UxE,16.39445294897966
5PXhYXlPf6CCGrSeZEmJZH,47.10404963732638
1MSM3Fo2fvnwVqMcz8Jhjq,53.53039069148007
6nswV1Lz3OZkaiCJfmVUOa,60.80197416548321
1UBUkoQ8Pp6nRQbsUQqVXL,3.3246396362437407
7FDV5ELOJHCGLe52AnttEd,40.6372740912146
6RKLBRaj995vx8kf6CCLr5,35.39596541803392
7N1Vjtzr1lmmCW9iasQ8YO,65.47896467092644
6RzK7XvwxnRq6AKDklJS6L,43.09303438564913
0rn92yznjf3Sh1agbjCV4f,45.41544112402095
3YBZIN3rekqsKxbJc9FZko,32.38050497714242
4oYuZ3msCWFJX4rMphHaYK,7.568391369207142
0ZD5LFsk2PMHicGH8MWRN8,56.41023204326905
0wGxHftiB6j0SDzrFkF2G7,34.73878322816095
4YZbVct8l9MnAVIROnLQdx,62.8280461239887
0fhZCjsLPbOFmyozqKk6Kh,31.881904676391834
38OqI8s3oSQWWiKabqnXjP,38.663216533715264
38i8btj55WXDGnISVWNmHS,27.674324093944165
1knDG6hRiyjs3d7tG4GJ2Z,19.577653196800703
4wit0NHnugHv2PqEUtxmiL,36.13257954409544
5IHtXUJu5Wqu3vwsjSzWBU,50.44666424601104
74sgVh6hniNlOaAJmzrOKp,20.008963326761055
3mGOFdR0ZYmmUuyBaY3wVi,42.73605824549159
3IqwOIVNLdBs7av6n8Plrt,50.405892763486285
2jfmh71b4cFtelf8KOJT60,47.479936842081415
4ilzPm2qnev5hFdUz6dDyY,50.411827492847166
4Oiztg8nd9FOrBoSmvSzrB,44.59488992935616
22ukl1QrvD95MlnSSw22QS,40.684832867868344
0DXZ9fbvSWGBSauek6qyqm,43.403687779881665
6l4wMAXzI8RxIysQMYZY0w,33.697933093178975
3ZTA6cOCUQl1m5yIKmpIES,1.1822847702196266
3867OELXCNpXgtLMPRRlNd,41.17139042686775
6GgPsuz0HEO0nrO2T0QhDv,66.9539905363323
2eLExJdkvt1FoMEKjDB75K,36.242790767351345
7zrPswSV1yxrill5OyCuaU,55.79196071211394
2VEZx7NWsZ1D0eJ4uv5Fym,67.47723361218847
7bYsIVw6B8QRvtT7TeyRdT,34.64461448791967
4WuKHgxdCJsaOBIh7yndty,46.38534309544441
6lR8HfcXsvVYpM4WLzmrNz,35.359070438937636
6GIRtKNXokeu25nn7U6Hu8,76.77317397963851
77BIrjVC4G4YRXUlc51Awl,37.28494668285496
4gs07VlJST4bdxGbBsXVue,64.76423820327051
5q2JbCNi4FcnglgPfxcV65,40.14374696788884
4LRezd065bAMvBlpwMAkx6,45.76140998312016
1r299qCKBLgUS9XJ9m1kEx,71.02727275821042
1D795WM1mCto1GUXySadhP,0.6700338163709849
2F79HavLHwJlfvvJOkkIQD,57.15708600218923
3wrTXnKtCu9kZk0lBxtJZj,28.922011645043042
1XLDwj2XXXNPOJvpvjHOas,44.34140169584351
3gp0OlV8qMNaZVJ0JAnnFk,0.38540190227491117
3ieDOGcOqVxScs2VZBzidt,50.50632679629687
44anLRFhwsFuwG5T7JvOWY,61.81993027529344
1esc6EuXlZmtPcSaEolqiU,23.245774995273727
1Ftw9Pjslb92gzCXPngVwt,35.60041705169218
3CMA6bdFwobZpvStfR2jls,3.7930209998707247
5TM4UBorSpaZaQaZOdsEhc,26.907628625179406
4ZHGRFGwjnEIXHG2FhcDPv,36.29184498318228
424BvqWZGwElx31qh0B2jw,39.37328821267103
5Wr2fVAVxcEfFwvJhIInH7,40.96621320457002
3j1fOrxmfuym91Cf9v397b,66.29147513425872
5nxcR7W60CU3cvmGX1jBzQ,61.531807870623865
0q2RkUXHSZoFeoNtcs77kJ,42.73057462360133
3WefHNGtjexZvi66ZEx9u4,67.7177322120443
06isZAG9Bgm4jhPj7V0Rhx,43.14124971521207
5NIPsWpDjJTFBoPxCUUeXp,39.74446003666634
5hMF2ottumNkh07DfZkqyI,63.68272094758027
6CkcFu7QpeY6lGTs3OXCww,4.88547353941959
1Q9b6CeMcDuO0uq5OJCrqu,40.807028127532476
17rWVgXfSg9YngQ9GpeKlq,41.71203486272371
2L0H5LWEuIAvrzfzTruyCB,48.13186947379581
2KHGTpNTXeD9Z9GjaKTwAV,55.17949135750959
5PhMoMCYsNRwhelUcNk71s,24.13617710424974
027qrQMWGsHo13amwdaBkI,65.06763178495065
6WzN3h2OjVhmBwnkUNNiGz,0.8433917340863963
28ADYD9La9VGgxO0CYvEFO,1.0268954073243646
0Gf8gr57EfMJk2O13HtnGb,37.28843672147128
3LSnp6mtKiVXCJwsmOvfMd,29.536069620728906
6xCNYRfzZtoQRo1xruPmNq,68.61383922082497
0RxS9ewuTiHP4qWLLoNERI,1.2559537966357637
6fBwVe6udYdnRqwqo06if8,46.5526959563979
4sO9tnvCH3DJZ3AAXoixjd,44.783582575793176
03ehYCO0GKI33FeOLNh75B,18.426210995990182
2FXckoxZCBeWvg3IaFd1EW,25.36315746616645
1RXoCep9hxApPfx8UFsGZk,58.22079867248603
2wEyJ0yjLLuE8Nk74vvqZC,45.105541267467295
2jt9VV6QGn0tbwkrr26OO6,71.16321297841209
7MBqVOzb8C3f0FXr2LBLiq,37.37628843915354
1wmaAfrbe1JLiyt7SpZeQU,60.235064203939444
0xgcD5kQFrPbQQrzVYqw6h,21.674174751353355
3bOvAqhaZNSWpGVIvHEx8B,55.00381578691328
2kj5f1eRhUFhW6K0qUwoD8,53.15535917108436
7jlqjY6QBfzu5akxt1b9JC,40.3852249129822
5Iuqf7d8G5SAvuKY7MKHbd,55.40627302144361
6GPSUVSIWLm46YmJIKPtz5,43.25404082899581
2jtUGFsqanQ82zqDlhiKIp,59.430296277409866
5AiNxLZufMUfR6ADAxxqOe,1.825404002414744
3oDkdAySo1VQQG0ptV7uwa,66.70615745024229
7laPt9sVrlXLK80PoQf05p,37.16627954184283
3Q9QGamJUf6y6DU0MJ8jBd,26.892719662175377
6O7pihLJgeqxUnG7u9oYL2,26.27814686801049
2lMiPTcmvli4i8NfHIB4UO,42.977605811967656
6xagjcywpcyNFghafZPQJv,62.71509425757441
3HE50TVRquwXe9yv2HFoNL,65.11546203044405
60QvDCrjIu6DmewWRxKKRa,39.34156465509599
0PG9fbaaHFHfre2gUVo7AN,68.9082191117199
6xlsMxBuulXsX0hY37iE70,48.11818523464515
3iHYAi1K3pwQjbYIypbCXu,9.651152005349477
0i3utbege8Iy3q7Hy86QCF,39.22627305446285
6ZOzWPUbMxH24uWHP1k5Eq,41.58368580608358
6Ql7vGoL1FE7FgRW54l3NC,38.27799335444762
24UoSYXT9v3JyxJvxuKU5j,52.21820992759176
72wERbZ4yx2cNaoEj5jYnl,32.97556625985379
1OzavjTvCisJ9pnWlAQToN,23.22253514331547
2RNd6VgxG19db0zs0M1C4Z,37.99508858321747
2hluGQtmPypU3tsQudCQ3U,59.52756422045113
5u5VZaUmYMZiFed9jFWebf,46.12114089634329
3vN6KN471yverVBYT19MGA,40.93712840553595
50qLAF3XgfhtaCGDKT4Kks,38.99684835555252
7tajVL3uCWa2D9xfGgDHMn,34.6050390114833
6gXsswvH6gtSkbrecXAeQN,11.297731245420902
1pbavctwbEqmw6wSoSmel9,23.379210908506813
1Y0VabpBsbn3ovrvEtjBKE,31.21836625192465
0eEJrthp6PcMd33xs2NLrc,53.71618195621418
1Z5B5x1vsgwmR6M4B8ndwU,36.29902386696269
0nkzd3yNniB767zSDDdLZ3,34.34410425784221
52Wj2qAjMAzt65ClmS4uKh,37.83650042661373
1LwP9g1Hjbs64jXM2Qsxry,52.056523321928566
682S7vnOE3jsTqYipcIl34,42.87789313828616
1foMv2HQwfQ2vntFf9HFeG,66.20223771084757
1KQc37jezhunxnOPhvdwSG,46.688737214913225
79GBqm87AiZSJBMg9rhxnL,56.63987814007663
4dkoqJrP0L8FXftrMZongF,59.24207810669469
3WLUCqIJd8JS8jc3wwaC8Q,20.95178252345213
2GPKfK5j1xVDDqhIHIx4li,53.22201016776762
71PgBc2BnQtIBq6Ct2jDMO,27.168490047076446
6AY2zdaF4LJykDhGGE4nv6,1.5704648702360329
7KasuMXuWHA36uFtFKuHPw,35.35085861667732
4vAHXnJ5YWLq5hbIVzZS1h,69.08532696563556
1a2iF9XymafjRk56q7oCxo,54.95945274712911
5vTSnZTmS1gMiWuA9kDE19,65.36131610310278
6otiaV2fagE3s8IvP6WkwG,56.07196233683289
2gVaoi7sYWUWNpuQGysjdQ,0.0
2j2CRl98OHSlRwL4KCYudv,26.104537503298445
6JI5wNWYdBw68GZjOMmgK5,21.113397610261696
0i5LBaRAugIBpBMEfNvN0e,27.51500222266118
1eHKoBZqMJFqge2m7s4DPa,0.0
1rDpCpxEVt0JQQLQbVYxoB,40.952679339887645
59ywHNwwchG4nZJMLyxSzd,65.86326539227558
4L7jMAP8UcIe309yQmkdcO,59.88238946122058
2upFJKo7EvWdMx5732mhuc,30.79775643349732
6KUyWWP7El9TZqzrDwdO9s,41.867011095301656
5nJhKycfoC8g3ENqwUfj4O,38.518156704273956
70rsxgG3v35GlBGUu3AsIY,26.038636314348352
6tUkfUpdIx14aSoKkTxrfa,21.73654567110724
3W2ZcrRsInZbjWylOi6KhZ,22.90409821269392
14XWXWv5FoCbFzLksawpEe,58.03236412416081
4oAigy8x31z6Rno1EIxfND,31.225980566091977
076YCyUBs1GlrzAmOsZkFU,40.84415044871235
3u5nVnZm4FhViSGYeVTRFe,25.534678735518376
09oZ9eXQ2fo6YDrPzJqAoP,74.7875631344905
4d4AIYFkR8MSWtKBmphyir,29.300845276959553
2bzOiMxPh7D8KAiWR9e41a,40.940861164489576
0yCWDaAgOtg6TKlNCg9rwA,57.852381364286664
74QCZPlpayjvQ4yJJFljfQ,28.40981262486103
6Ip1MsMrJ0twHX8kxvfcZc,26.987490095293147
3KIojVo2dIYpClKTlAiLjA,45.456130712407706
2tuQw5tjyp5VaCCtsJ832U,22.94333377946428
73fRMyckZKtemX14eku8uu,38.697878960842516
776xH04Us0YBTdspg6C1cP,33.289004717216905
2H3RItApoG6UTTbPZuul5r,37.77570398157825
14N3tALR3Mhf7UHpJRKk4L,36.686346983769134
6XDHl7h9blHE6fVvjh8KdX,31.96301766806338
4uJSCrI7r0usNJ3aaHAuC6,42.15126435635533
2P7D92bxIfHwo2TaP9u4k8,19.543824494503852
58hjBuGWj43LQ6WjN3ZQAK,40.322350787319756
5ohfpKB5tt275f4Y4lQ9F7,65.1161509493243
4Zau4QvgyxWiWQ5KQrwL43,40.363284518562175
4JXfNOePhdgMOI7KZ1L25U,52.070274256549375
5xzCzOAOfRi4DOttSzvznR,58.67403219217577
36NQtTNiBpURnyDasqNsCf,4.268176601988715
3kfXUGIdBNpyr2gBvU3Guj,47.94173822731614
4mU5iXHeLgbR94siF7p1sY,50.03787959713182
57kuq3bJCohw5rUtT5H2gN,47.029542166111405
2MlMI8EvmLlWYXVcdfSAxs,38.2586313846417
1Pf45EbaIsoGsXixOSYx88,42.72338764441514
2nSTgkvfDLV7Brzi1cYEf5,44.844510061624064
6oVb4W2lN3MxElztZx6mCj,42.25833138626212
1zzOMDmkRZy0g9f4JTAZKn,51.11209907137443
467O1AN0r6BWP0odJmkowL,22.94722026592893
4kcsjzzTSW263lhs5VOhVa,27.55747470259555
7cvzMbuaFpFH3ZkutMcfNc,31.092393388679714
2Hmxhwfyh0AzIGBjM7cynK,39.00312543307607
6siP2Q5fIXx2WU8gkQ3KPB,27.002037291845863
7sV8l9oBVkyNlHXgZQZg6a,40.51356861424103
4qde41KNfJv2TyrKC1kug7,38.5366150423069
4ig3DcNoj3UfPdhL2Rw9J1,28.329273977133088
38XmF28XW6a7g44JhZdsDT,10.665316313622258
5d1OeQBC6zyHO8jc2svOZz,39.352935553992616
0D5CXSUx8GOCHSY8KWgi9h,49.188994524282734
34lLAsdH4Y5TLf1B2SIj1I,53.14341736501008
04wttgs0RoUJyCfTAqB6q8,23.755865785668842
6t1wUup2mF3IpJhMfAwoDl,17.396403292680613
4KOjtG3BcHOJbfuGARHPcT,51.15131664610852
4MhTFsyqIJnjsOweVcU8ug,45.53585492476301
5c5a2Ptu8eyIpljhQHjIqk,56.40160823063653
0J6mQxEZnlRt9ymzFntA6z,49.16838132816168
5LKzqs734Xs528hqK8bGS1,63.84613062950262
2uxL6E8Yq0Psc1V9uBtC4F,59.617890686414476
7qUvIpu8le9gHunduvgOXg,11.178389013549676
0bxmVPKnEopTyuMMkaTvUb,38.46326937985459
4R7cuj0TvkNxURIAKReRh9,15.181059161505233
7wNeq4RKcnjjTbEF5K9qAR,0.7124649534907168
0CU6uS2k8y0XquMVQdwmAQ,34.65595545181159
0SjnBEHZVXgCKvOrpvzL2k,42.08883025979256
74ItVeE57cKtTi6W3xxS1p,24.610583522811446
4S4Mfvv03M1cHgIOJcbUCL,70.10784759211404
4K2Tu79vpqrLNyDVtCvBNR,48.33402333061168
0c8W8aqdrtM67F3JVIt593,63.025616218027594
4RGuk6QPx9FsguioVwsVXl,25.411713183011194
6Vc5wAMmXdKIAM7WUoEb7N,39.76170863039109
5pOCxpmhVPYmJqny2LWsDT,33.89299025745688
0N0q5D8KmH13mmODXJsJqS,52.52212967205385
7HR024DKw3SnKzCDJp3Bnf,27.49637345775204
6KDHudERIEJMFAR76XJrZ1,22.321820331065393
7aXXjA800sXYKpM8D9pCVT,51.559139458158754
402W9iALZu6LtOC6kc8hq4,25.11265328098551
3GR5Qd34nif6bskCrhTZue,56.32623228124014
49rpdsNYJirTTf6p6mMvag,59.705761562887496
3M1kaOBZv0cvlXK7xYCT1Z,10.089854784790255
5Bk1ArPcnMgeQzSqLjqaSW,28.03173300838037
6YDxKInNpSO0idxISQmeel,7.624208776657206
171luCSfSTBnaIVnfTVbS6,41.868654588598886
6pTOqW9WKaSSFBLzp2FVIb,37.191788864346385
7s2OAgMDtuwq8F3DaBhunU,41.432985193047685
0O8Gf1dTGNbEaSYSGk1pcS,39.01367007772766
4UkynNKM3QAFnYukL8Udi6,49.66670477465458
20zzr5ptoz7htV9Li3WEqo,6.450162274292883
4vfa5t5VLbM0UW5N6lGpE8,35.50347650528898
5uMHnkSFTkYV764nfjoGKM,49.22511705279534
4OpPtBlAU2ayk7rS0SyxlM,18.470101535803508
60a0Rd6pjrkxjPbaKzXjfq,63.32592711346872
6gjOXtpuILSt4KB5vptcVY,36.90111931907621
70eFcWOvlMObDhURTqT4Fv,73.97388709656904
70WSr32oW4jC1na5I0j0D6,43.74919554741569
4GCFeGH4ZeFuQIFpbdSpiI,36.31913109250097
5XaueS6W32nmVOFqYsmoCr,31.25898071490036
3FPiGFT19WRb4D0bZlw9PJ,35.54234291052556
24G3gIRBrI94XfUyjc0pxI,34.95918042203488
5sTnepiKZelRpUmjAXNMVE,22.57713753774238
6Gik13pCV7FNysMG8p3EDj,40.11781897034096
7ikrFGfSscvwV42tZKUl29,31.43018524425971
0R194013qdfjeFiap76Nzs,56.78040637055807
1bQhZOoXYqjXs7u7rFXo0h,69.33506580065654
6fNhZRFEkBfgW39W3wKARJ,15.01904933644774
3m3OwRXheUtBRKmcVNUsFo,30.607627283321108
6ry1D09ztAEoE11tS6rGBv,0.8317714259120886
5qFPs70nZD1fQZOi7u7cIZ,25.80089861164135
7qnI3niczqy9NE4ovmxk4O,25.638566080050673
5TbX5Af7orkoGJkY43ly1B,44.66847022564169
5Ac32YtYQnKePrYtS9UhL9,39.89324420124715
2og56jb9ZaAh1cVN7BENAq,35.56730173259601
4yNoaxUJjnP50AXYoAZx4S,29.722598661654136
4EQSeRRJmk3h3HQ5KlkzVy,49.545297415679244
2h8mtZXFfkxcDNO52gvsMY,56.94477102871281
0msv1I9EMsPZ0NK4pcgtEq,16.158145853606793
2vgFCNwsIwzCi9pDDGr24Q,40.32289220073829
6ahKJEP3jK2TnDUwHa4sI9,47.0310540187161
70fiaCGcCBWCGKXXISgdJf,47.33242698790566
6NhoabChWRPxubbN5W9Js2,41.10684465327862
1NHEUZMpoReYeWLOICMQyl,31.904733556239286
41L3O37CECZt3N7ziG2z7l,84.10833172688434
2ECnUolDjMUwVVwpK2HRyH,31.345794003172248
1jdAzKbRRrIQ3fpodftKfj,44.370717743576186
0U0l6YXTLm8QtMD8fd208t,1.7175655603810271
4OqbIfA4l8zGnGBnjBBlFg,25.581961829258578
0qkAi9dKVOwr57B5Uk284k,3.6701597124608476
1iZLpuGMr4tn1F5bZu32Kb,67.31273378123922
5RDqGhMi8dw7ou1PFAN9Br,46.4605753927328
0sg9N1JVPfx3Xab5ttLYvw,33.6108204528838
09pW7wXspkEkd8gjE93prk,35.49316743795664
7Kt59L2ZZGtOnIhvMwzG6f,41.33683200767828
4zQhv8XkDaFnd8NdouX2Gd,26.499678677694632
2cCbcR7odUks48dXGgKgEA,34.617023011252016
5uBxWyHmRbUCzJ87E34MP8,44.50219150009966
5V31p6JbrGE5tfKrxzQNnM,2.2496777082947665
6Pgmqg15yVexuOgtzuxwoX,60.3545956833508
6UnSa9JjesARBpfUCHTmVQ,41.27840573555842
2bOWJIYSbhwg2NMQq1QMYH,64.52996794356694
6IVMKPoe2QCKaDxhzXFF51,55.20098201967863
57Y3UccJEJqT8w8RWkUAz0,64.98369030643546
3YntiCUU0Xqq0B68FM3YAt,60.97481209028751
0g8uG7xyXaE0QSH4kLRK9d,43.944932156445056
4rUawbJ9qurU9Rb3NpT4kH,59.25760898122888
7cVe3mYMIfhOlz1NXFWv70,62.35734974741719
7IohFKIwrb75c4XaqX7WWo,71.21121343988088
78jEa8SkbDiQsBCPP144E0,12.742200625316942
6HplQm7VOFSup5HvIMahU7,6.58154662988422
5cA5uzhbAQ3P8ZRnyeCnGV,40.50819481585508
1RCtHLyq1xIbgGMrYRrKJ2,45.98713870785143
39LyUQIy7idLxPdsjyZsxe,51.63637215324921
56nQ0EwaDX0X1TFGrDVC0b,60.39002528679584
2VrONWfzJ7aeWPuHSYeFnx,26.632715553244726
0R2YXPVPt8E4m6XlsUypLo,27.076160237908237
7sYMg9phXqdP8L9nPjFZIu,40.652269469349356
2YnvR7uhlWpPdYUn1eR25y,43.854073772845446
2stkLJ0JNcXkIRDNF3ld6c,44.69699646516913
33yDcoZDnyqD4FrjdGf7aN,33.87804680983138
4E92bmgFiHxvy2SNjXjC3b,47.584041394107906
5MLLuLqPdUlx8bfKtdkLwO,61.553649177541956
2S5CxAm0tPTUQeaVwCXCil,49.62726705803567
708Uixk0Tquy1ufCGgk3mJ,32.359155820317866
2Z7jgbfY2gggLzTiwzGVUy,23.510323310326264
6y4tqwwrrIHBtb6UAfaafT,24.73198431501614
56jG6y5DJmxo67X4qvWTDD,35.1913377245539
29pzjF6ZkzcW3ofgOVbF0t,46.266529818807356
4BDb93hwHyVwWbci7CzeDE,31.576182384357363
7w4ojcH8NJ4LBmJZhSBTcT,59.98976342118431
089tprIgsyFSOrZpugamLI,49.425139184421
5W3cjX2J3tjhG8zb6u0qHn,64.16497842250848
2NG55jcWB0QUwGF9JvycJs,34.60895531282877
0RphKXkhRYBkPDA0SkG5U7,0.8892058669256552
0WDbx06MrYKdtB4fROrdIF,70.44211192369272
1wQqeNE9vcQARph6dhBuDf,28.54923413315619
4gVEvqKXRFe2WarhQxMzjP,4.208815116300916
2bR6LkOC10pZ3udHdZiENF,64.62403177799928
33pDmPx2pkJ7JCAQpRDQ9B,62.28793130321445
2NToLZNvVaQD3b8ecqiDzh,60.577117029674596
4N7JGR3KAjR5jLkfFnoJ78,27.230940127872152
2xbh5NWAm6zjfeZg3yrwbO,44.05579706596988
38paDDziQ57k1f4VfKTeGk,47.48247534011312
2y1NlQ3jhmmvtybRBLQGXm,63.01515238903215
4wlPXKxC2oeiYYPldZaR0s,43.88144545304037
1yz9WlBMOrYZ9o9B0cyFvG,26.386185562990207
0rhyBUAgNXwdyvGVXSrLzc,48.66040737388504
7EV9DtAMaWJlp9L5bF5P2L,26.838931820408543
6qsArsTq6WoqtUFUe1e15W,56.638148728630256
1g0xyCMUBKUaMDCk00Hhmk,64.97701906210827
0MrEZmX29lJCJHMeTnxRBx,60.3190966385995
3WVJNKDreudOd8pBjU5nDI,41.87754861497143
6w8pFOKn42O418qwcQElZ3,59.59693568244444
5LgwTrB1iYwi5C1dXT6Q2J,57.229671405281216
75fT19n6ZQHr67Mkh86qfD,30.394422946052302
16QhpULFOW9fE2yvXsJV6A,42.87386738162029
7bUiZJLSulX4L0vAdljVQK,35.73721115220215
3btLTcvS1uOk5IVGTn7Gh4,35.261517105629444
6WCeKlgDg5zzOY1OvMA3q9,37.80721811759098
17Ya2vsIJmIekLf9L0Izmw,27.01825357771001
5qbtHIOOPeiALZnn7QmPJN,46.06631994566729
43brQXHf3umpF5I7FZRuig,7.913219752160354
4VSyH8AkIt3kaR5xIPFVVi,3.44035332672968
31IfnfvSlw299vYoAicWGw,59.50660949256641
4nushtVyhmJXKMiHWA0NLH,59.05450304287884
2hl6q70unbviGo3g1R7uFx,59.919093540118276
7k2Gfx7sRbecp29SQuNWXv,1.1569061466518433
2Iyfw8YfKruAagJwGc4G07,72.21678777439611
11VwZwNF29HrqwalYUMitb,54.38203825585383
1I9nM5iODLiAaDdXhPJG99,40.72263350075471
0eKdJWDjubf1rbyCm0D59b,0.6281582900304034
6ReNHPMnWhBqrCMHeCvPhH,39.57713182412397
3iXNlPQNYPrtimAEM49PsG,62.6980160034646
4tVybkClyH0hjL8jzMq3sH,68.32257509656215
1Jwc3ODLQxtbnS8M9TflSP,44.54879222649707
5NykfmxWT7UILu4Xd9zk8F,39.29689603953515
1jlOBkk10A0GyBwsURt1yp,24.5684151151441
7sLUrThXXZyNKmkr0rHn0F,0.025349462244833705
3egSwvRPqL8BaaGkUaxqOc,12.240325339276293
2S7GH9bhVzZY6ToOc4T7Q8,62.52639309043071
0mTKJnVf6GcujyDr1PZn0Q,56.92047156294927
0dzKBptH2P5j5a0MifBMwM,11.180489218872168
5hcisvFMidkMJlElTO9Qmw,60.15008498195542
3WrYq4Y2Wp2xt4gd4o1VLy,28.537549645020853
6vKTm5I3Nqpw6CJt7NgHLz,60.94184522701619
3ESSGgWzRf1xvP7G5hHMhB,50.551361323767146
2uKKRxkxSWSxtwQIEmyIBM,46.59661143671361
64yrDBpcdwEdNY9loyEGbX,67.17510141434921
7eurOgoz8MJB50prrw3Sv5,45.266821172134236
0XUHYxHOOctkSXReILAaJV,72.44510419505816
3Rc2ajBMInxeNGVkMPC92Y,28.720273503803625
48F4fY1pKOTWN1H8q99dJE,29.560162134244607
0aBDrRTgDCwWbcOnEIp7DJ,27.828177031168345
3Rho0TjpvbauID06XhM9aO,3.589211005759212
7jClgHzR5JG69gar7rVMoX,44.27305805535056
1qMx707PFdFXdwLvcUTNz3,44.567169791471784
5l8oNQsDDPNFUIV5M4lzRJ,50.389429587760624
0RV56NxeOVdpNxSUarBW22,3.2157798025542834
1seF5FpRtNXsmNxlEDDxuN,34.08497798131829
5cY6lJ8aUzXgzJIDOhKhlw,16.05473959657764
39OPZvxdhToddt29z55Ukv,35.42030186973891
3QfJhbiVGJucxyUbOFiaLY,18.3475278186316
7F7kL3i6SDEIbDcoJZGiig,32.91368211242265
3wBAhQLR9VjWfyYO3u4oPR,58.784467489746405
29zBeRiLVnkDEj7tvmLVOU,45.21909270180325
1mMFvnyJ3kjfq0PvUklgoM,40.66435361935596
0Exfrf3nRw9SXpls2n8KFB,62.58284347214391
0VMz1Lq5fW6hWZDMk24Uei,61.30580597389913
14XWHEf6k1wfimnCCV95vZ,49.41023383925039
14w4u5B03GZxJGwNWgnFRp,35.48825087737987
4DhbiXEuV7JxSR0wuqetTa,40.861467456406054
64tk48BHD71SlomdRag8bm,0.8892058669256552
31mUSL7eFtWvKnESHbUph1,26.97478150594509
0nbXyq5TXYPCO7pr3N8S4I,81.53285241581067
6NWD6siQErobvmydHcmhCw,46.80013891164376
5rwQGBi5mdmU7dqNM7x9Oo,41.023369152321855
4nR3XZ882HTOmXkRPbrgzA,44.24166378515069
59A6lBd9QmcD8rQTZPj1xD,3.7379336202422593
3qiyyUfYe7CRYLucrPmulD,37.06741964097624
3KAzDoRRG9BFI5DJ5JA6T1,37.33800988172018
01M4Wng6jF5uoNEHLl2OIn,26.871747640844394
3Drz2lTW7fHczqAoJ3dPWJ,37.25419172516139
0mAswKg3RCbmXAV4KYTUxM,53.371815052225905
5e3tHHlxpLfuLRfa2kIsY8,9.107235810684383
3zsLNrl18Um1i0TawERfOE,21.10717936330935
437h9GRi70A1BzMzh4cyra,29.4037169932016
58jiO8fZTyFM0EB7Nliu0T,43.12657372484979
7mQwxVogsnpR3h6AJLQLlR,8.198927194857609
5tddNi5J7fZzpyfeW3mGJj,41.096433886561265
3vHZe0Vcv5pQNE2cf4VRtQ,38.26186732316768
6SvRYfsIeNSVV2EAH7I9P0,45.085738030719924
4y6DOqPrT52Usm5Ls53ZIw,37.955000265545095
7LHAKF7pBqHch8o6Yo0ad5,42.098528581802064
5hY09NvKjD3gBQS3qhriXD,52.47528831767497
2bWcKoMFFIHYiFLXOMIDSm,31.579827742728693
0B7FbDb0GQxMX5KSXGv3sg,43.20153523304004
0yJYYdWIQ0VR1Zz4CAweO7,2.2808156458044637
6YwLgicpvVuMt1eE2OldwQ,32.19119902047285
3MOKBkpsarb0AfAABcLAsn,56.71502613549851
4YhNnmiTEmluiMBJnI2YnF,26.494658648189734
7l56nY7NMP1QDdWvRdJmmg,39.44722653439046
1RmPi2rBbY6pB97UDbsjeq,39.14486905945914
35i03ZqMFb5Q3O9TAQ7XLB,58.41439970799281
5Uj0VnayJKOuP9GmmDPNOx,44.29896214314949
1TKTiKp3zbNgrBH2IwSwIx,52.42977647556685
740g8hhl3ocPTZfZHCVQ6w,40.09742008103251
5igKQzi92vVl9Pjj86d42O,27.612521459616328
7KCH88irjIT54TsDbP23GP,24.851358572235814
4ykIW49ZO7UnmKbancsDIV,16.999073419169548
2djWEUWTHHziNCGKhN10t0,13.013385645144243
4FWmE1B9LaE0qta4mHikD1,36.986338746796115
5oIpqqcCF49NCAuy4o0FAU,38.082454001445996
0ehtFnPWJIYVwZhca6GBu5,41.36380677621161
4Gy90juUbAVzp5S5hJnCcj,1.569227232606883
1RassIaNyHc5jjD3oRyK8t,39.24172359311731
0zkArhVIqihmqoj00hM56j,13.74238505488476
5rieca2NXyJrhqjQi1hRdD,0.6740245772093069
3T5o2gOsExc13J9yfo1sPF,5.174696921941999
0wzRcekWyVCSyPtlPOeJau,50.349924472720346
7hDVYcQq6MxkdJGweuCtl9,55.338142529440724
1rBivSsnwBbuC1UH9w9eCV,42.42304885913272
18l9dai8PHPKp0MzR73toP,26.869966491782957
3Sm8TZeE54N9pWtAMK6qQM,31.323220621474263
7yaMJeDKiDCGC35LrP6EYU,39.25356660589592
3EuU1VWTQsxlXttEFvif0C,52.78580940469678
1PVza5KmhSJhz12OewWciE,48.19628336543665
1KLhUURHRl72xGO5A94lme,42.09764943775829
4Y7eqYTpV7fQxpYj1isN2F,45.56822551004455
34OBXUuwpqbmrGjfIZCYli,43.18875195586292
4EfcBQEzf6D3h2VrLD4tsX,65.91295661512812
28z5a7yYVyjf69ghyI3O28,40.09610168069809
4GHvrcL0BoG2eDCM9gPoOd,25.79218850315272
5ufI5Y3qHuOkt9xXQrXktF,42.3274056639019
2ZUOmCodNzWpzaomqle7aW,37.27518766051608
2Z8WuEywRWYTKe1NybPQEW,47.919170930388965
0JXXm3RqxU8EKzX4P8M0n3,40.65580448385495
5gQVrN1QvJ6YoVDnsTfb6g,63.95183128933255
2xIC6uINg7ThWUrUXPA70q,37.9115011227523
6ox6GMJt3WP2QghksDa6UO,43.85689857176936
5CYVudnz9adXy4VgdTvFbI,24.057777737556645
6YXOAYb8prNBvYHoEgAmzp,40.016092335855184
38DE0yn1UzRWgaLsh0GJGZ,7.367462338291139
0vGAY9aloPKORe0R0KlfGv,4.310708137410462
1JkhKUXAoNivi87ipmV3rp,24.3196800617328
2nC3QhMI9reBIOWutbU3Tj,40.8859447924681
21txIUpB3w1dBeixm5X4DL,40.94507738997499
0cOHNQigalz5bWC7hdateS,39.46250437949327
0b7odBgkNQa61UjaqMOinQ,1.2559537966357637
53oWwSxPuyH2cjYKXH8fgO,37.380220784594904
0s8OMEGJQJIUr9VFwNEH1v,57.395282118128236
4doNObRI4sHz3klm81tZmu,53.82357170282347
3T0oPETOdddxJ2xTt2qJe4,45.79254577114074
2qDIUqozjOR5TkRQfw9TXV,43.882505297853385
3XEtw7t4V5sfd2vtkp0ql7,33.86510668120795
1gqv45EWm4hL4CRdVq0dmu,32.54025869165702
1q2yJEPlzwaJmDrXeof7z0,34.51945097482255
3jwQwGVERUXo7eaAgL1xAo,64.6962499502199
7n3WO6ESKS1uCI9fgkGs66,60.61321830721504
5zs6OH39oYJCwNEFSCkhRg,27.315501017044777
2vtwuaAGoDPlsLujnfTYEu,4.156086540552921
3dAz60DDFTKXjLl3BFLdZT,53.65735061429941
4XII12nbsvJblXfG1I2QR4,67.9685298899691
4TQeNHx85xcP9YRkvJC6K1,33.71619220431109
7uufxK4eMIoc6CsJQ9jwsP,25.69503957496752
7f5trao56t7sB7f14QDTmp,67.72720611373623
7lGKEWMXVWWTt3X71Bv44I,51.22391097547239
6bQrdayEFXnRCymrsTaEd5,60.425191527045484
4UEo1b0wWrtHMC8bVqPiH8,48.08492276116365
4e6ZN0EcEqYx74BTC5xQzy,35.601641374862304
3tWp93Y61r4j6ASXbJVUL9,37.93391721616558
47Xo9wffi6F2BAUtvEz5kG,40.43891521927299
2bpZOGUjOTYD8wPA0sqm13,21.826677789034438
70oCSjkWqBvGBql9gJz5dx,32.00015598654197
7iA8BlFVOityG3DGPExJtx,45.17312452502595
72JzlqSqHIor9bU3e5CbE8,27.66310765510976
6AGOKlMZWLCaEJGnaROtF9,43.62607229363085
5Q7h7R1D9q7gkB1FimDsCE,52.04213287726338
3BIGSNjb2Ao1v7rOiHRPdq,16.373713866904442
4lCv7b86sLynZbXhfScfm2,63.7732504339831
6naxalmIoLFWR0siv8dnQQ,79.88562661745198
2RGe02P8xxSF9syj0ltPjX,53.17009551954973
4tQMd2go7qhp914CTHKdql,28.06485445607035
2iUQZEBA5Y6gSotp2rB7yS,45.57301559646649
5pBvNeOAJ54zgd5lEOmM3b,39.907613937129206
0nSEZamLD7UwRiqUpyws6o,44.5653299714407
6rMwYjoFvxKiaEH4If8ZpZ,32.80839402252906
7IWTIkiWGWNQyYfOLdMrGD,68.03775988901045
6lMNMaq2OaE7UIQiBevauB,43.41380920190785
2ls7Y9Xx07TqN7WjbT9sZD,23.07239301078222
79GFKEI1BHeRPG8sLp2o5v,40.65262899610488
0RiKAq1SfF6rfYcWpjB2T5,71.30335552704263
5YnNWHKCJaJKwbagXDb5Uf,60.76188520273974
7AzFID6u1b3zIWbd9pb8Dk,59.749666321325584
07efOAoPwcRdd4W6gi8BRF,31.21085403684308
3l7ihSOrFwIMBBDcMpfKVL,28.524727216291502
7xyYsOvq5Ec3P4fr6mM9fD,64.67769977526974
1euKWJfJSfPhgSendPrcXb,60.77477488900337
2ve5NyzWHUbIYxL33goCX7,64.75034956404642
3FS2e59gXFXrcg7sN2mL5z,36.93766081717455
2vJIsdYIthbnWgLaLD9yrj,50.54998937281086
2ze3FsjHLwoT18zzAP6SMM,35.19920881332198
5eS9JgnPXrYmU5azR9ySjQ,0.8558964007304205
61jAJ5ggUq9nDzjc0Yr5CH,40.68856715980085
0Wu0D0rtILSybiNVhkZC46,1.1142641483066915
4fqNDb0QJ7j7xln6IvJFdz,5.989294075605967
6XE0F3KRAm0Ld17pyE9UDP,38.74336661449881
6qLEOZvf5gI7kWE63JE7p3,29.985550493570525
5I6CHJ7deFzfpktAMjYLsr,26.348328558565168
1LjxmkW3xRQP2HzswhYyyc,51.00176592739102
4FrMb1ckGBrhARbHySQKx5,59.34018814608631
35LY1yxjSvjQ3lbwNvQgJh,19.78403949591895
5FIXbE6CQqC6P5G9eyQGsZ,7.690601391616653
2dB5GYSO8IdZazyTp8YhgB,45.74772029591096
4vtraETxj6q2K58am1KLrT,31.810718058000155
6LN6yG3hwdYkx4gkhWMV86,19.60772646040052
70mg60zcy50n3NWrjWlyRY,24.603863181497047
6MY1xABxoZATrEr4FeUhEM,19.141960257933345
7oK9VyNzrYvRFo7nQEYkWN,58.64041999484688
3c2noI6hwdH2YoETIriUbX,21.62467229820953
4odoLyHnSx2jIcXs16IvsV,48.078804798645294
7DcJ6fEBb7BaKuYKTwiDxK,57.38093965869539
6hyZ2kv78sdcZj8Gc4KUWt,25.468132130319862
48tybOd2kxWaMjnYrEWTvY,61.74630287369058
0cBPuDA3xUjR4Vh9o7CKy8,41.60769914064098
5kfWicOJPSMCh1rdOd3Mjy,22.14343098913486
5piJiL6aRhvrKBa9YuEfS9,54.19488037047195
3SADw9igVOXqZkvyrjfYiq,6.543166729978423
0Pva0QBfOfmk2WXvQLtCJp,63.91618064284693
1kJL5ouqpWRitSej8fdTor,61.531928897617085
5i35AlocQnfyJjFiWVs3JF,18.248657451535635
73vIOb4Q7YN6HeJTbscRx5,0.0
6WQyaRxqf332knjOMWUMQf,61.768032896018426
0PLhwCmQ7cC3ThRGPn3HxF,67.27350845688622
6ap82DD5UEs3e63CqGiioP,41.03313872603066
3znPiywA0q1VK2jgAZFDoI,53.844173711545366
3RQ9rAfpwuM6lpgsBriByX,26.590696421201834
54Ev13Dca9qrYZDNLFUYpb,48.8129845627513
2VklnFamAoZ1b9a5Ljn6Br,40.89552850189014
7yGvieigLvB1EKj4Iojybf,26.558552966188863
2DDiTcZiC9iuluUyHE2yXo,39.23422880377356
2Lh9Vp6Bi83hNe5RFYh8SA,54.28022380985497
5YqdiryRmdAzYFlxo43hAJ,30.423532655223774
1nnVboPqVY2PeXBtyKHGSv,43.15585895187756
6OSyCAmXT4Gkd3OQ2aPOaF,39.94845442569314
6uqTETWok9npbL4c9cuLVh,53.33236474301574
0Om3atUNbAqVJexASXyKqH,41.32834853985332
28X0E21uKdA7S1HvgMJjP8,46.00772704076619
4aVBZXFivNVH0P5phc6ios,1.1284036666283337
3eekarcy7kvN4yt5ZFzltW,77.75677721745014
0pSBuHjILhNEo55xK1zrRt,3.9318915172210924
2oX46s90nkZtTbCowHiWVs,23.302553502794794
5QUsyhPk2WXnMQ0KwvyEp2,83.46707114152117
2RM6p5lHeqQswGVfOM2QBu,45.25782673066552
4a945GVIx9LLKNLrcXhWV0,42.057612086761125
63yPnzpuLKgNPITWaP1eFG,51.059003125435005
3VHJN9R1HaJAp6SbeMT0V5,35.874335119316044
17C4oPQ3sTpF11pi9yvGcs,54.229057628452416
6osLH2yLhpwuESclKx84sg,31.988884084965044
7KP2vFrG0EZA34Z6CRJklp,33.76275416518182
6L1V0LvpXBJ7QptKuLUj3v,73.87598277807167
215wUTQQUo2PElJFEFoB0d,59.96010280709639
7tUXZgLbOCvRJ9FBlairoU,51.11020674964007
4JYGpUQlzcO8nWtMGfwtkA,36.65626366631381
54jxNv8ku7I1EjluMj56wF,46.72100547749963
2pE0CMK1fE3mfU0eEOHhKw,38.427302529839835
6iwkQs6nzwXmdgPH9vnIr9,60.62093992059802
6KtLECDztnah63TNmV4Plw,60.26888616616654
5YxP1CkunbhUQVvctFOHa7,76.95280841532387
5mPQOKM56h6IzG3oxK2C1a,38.89320436311418
4G3IXyVRxSx5lLhUvv3fu3,50.312535088714434
2einB00Doep8LZImPipb9r,31.89425882477839
1ljzHUgt2SU2ADkhfa9eBC,35.12480761811841
0vJYFKg9z1IvZiQUyX19cD,21.5743479496893
6K8YDOe6C2HgnMJNYhUOHE,54.45577963606163
1It1TxBK3xIQAB4xJkPevn,44.900966203816346
5ZmQEfpxN3WYJgfkU5z5WA,54.43734082910015
27OeeYzk6klgBh83TSvGMA,43.487447101084854
51cMgiP4rh7RU58hsLJjDR,34.365811808545814
0mCPTRXERMDFEFLBjE99ZU,3.7565597669529986
4rKHs4JtVYxsYen2eHIW6b,30.094244257727834
4Z4ZLBzCXSlHSCaxZ3WS7p,42.82620844581325
1U8rhryVYw9gWZ6zvw4Orc,36.46410072021723
7EpuQtsCpS4uKGtI1ACa5u,46.542084571815586
5SwCwWPx2LjBEkC8DXei4Q,35.73259205324318
4nI5Ep2zQKDjJl4Sol94af,64.3854106498565
7BdXiDH2bPhBuPP2jTwRZB,82.65769522148004
7Gn4vU9RUHYV5aA1gMJSPV,55.31769791153083
5tqSUxm3Wpql0dlLMrIAp1,34.62995529576505
4aBQZK2XFW0TxzSx5EhhIE,25.46985663114891
7gYwLhNCMY8JHsnmXh8gOm,54.81077331769907
4uZvlqXHdzNQ5Jm14cLktQ,29.940226208049154
1xJzbzp1WnkVmCkkC5RxEE,38.77701720196205
2y2sEBR4Jby9NYkh8Sqp89,5.613632753039323
5w6B0sAH7XauCvMOAtplQj,12.507375827461315
14V1UV2qRaZaSNx0XNIxbL,1.2559537966357637
6z1VtU0MCGo666iKiajfhp,64.50697718088645
2AUHVjR5lhg6GcztbGvRkc,49.62824043501427
0ANegBVvYb1jXWXLMbdZFs,66.53183363269162
06ZIzHhJFWf0mDyEylIPf0,49.66369386329508
2Pl8sZE0TBkjYPD7U7jEY0,47.46719691689995
56GH1HDx3NzS4wDDdNQVe9,15.95537924980503
3FuwVLUDf7QCwVaVmUB5F2,40.188485445339815
6pzlnyHTVYi5FOmrgOmC95,66.7395594659148
4iQZi2sMZlbTpcUlo5YGBf,40.751556617503006
4Q5zDXQbEI8iAvMHChy7Vh,26.877156588023134
4ClGSEMFkurgnJV1JULiyP,57.614453801218076
4UAA90EcCF2AdBcvA9z0l9,24.13370851583137
66PRDvzBHhbcdbc4T4mrZY,52.58751496122569
0Fzt24jmCa6G0ED7pW3IM1,40.3491540822894
0o9Vb38CB5J1GQNDkrpAV0,24.584016898928105
7xNAfLzAmOJ2jQctZ9NvsA,16.499468401059374
05ztmc9JMq8pYE2GyY72Zd,57.78183388206741
2eU63GLRBeMOszGRTCEE9E,29.123585955960085
6YNdQ5utvFnK4CTAnBga06,63.11655560419901
42bbDWZ8WmXTH7PkYAlGLu,71.7143450173916
0CNObSo2AxRZS47CGz755m,44.05397218582462
0wepMSfRNcIxazhOsL6w0x,8.982109512875743
1mzyWMQf2TtVJzHM1Hf3Pv,0.0
5OF2bKHCuor0mYpiDwos4d,25.1636068818557
4DxaBl7XTThDb9zRZjIWOB,25.03506037763693
0EDfF4djtCu48KZtSHx5jW,53.08064260606338
6DXv7vJPrDRxo3Lnh4bacS,61.30553240223082
7JIuqL4ZqkpfGKQhYlrirs,52.59600280061888
0HoxJw3Gt3w4psA1cC3Yn7,63.34748109033348
4e1V6XqJ0GbagtTaI6ytUS,38.44914428648071
0EYOdF5FCkgOJJla8DI2Md,68.08651283461256
1JQOWv6HQbKK7MrKIaTkfY,1.2142758710209651
6CO62sXA0V1JhdgE7E2VeW,47.37961627947805
0rCuRc07y6l1kPYj0JSRg5,14.044061166870604
3mayeyaPg5DQGBa78LJM59,47.20672463113475
2tOcVe1pLOXWVnDg1mARvM,60.773690340928255
7bqtShG4VYS372JEtHLXRp,40.68628507246255
2Pvw7sZ7cTFMihs9RxNYvD,2.8973330514720685
1TkdFLhO4yRxwcqOjvT6MO,38.13005807117177
0PZVhSVqZz9kyTHjPaMRtU,15.411973253219706
042J1bbhYbWcal95ZPOuJe,36.227423652422985
1Fym4wXCqQDGSOdBPqKv9c,0.787083265202386
55Fpeuuc2sbQiy74eA1gTt,38.71047956331063
1c4zFmRPnka2kNwFooLPKZ,38.922342420298584
1cPBPL1FlwRM7mYXixVmJB,40.31853514237083
3EAdkWngM7RifOu9kSH4cu,19.69954204499487
2RUHnJNX92657k8DsVgoLd,1.8958943003990887
6tS3XVuOyu10897O3ae7bi,64.76249653374883
5RrOyaV2xOAnf62uWj24dB,61.906033192832766
6fVujZrirjfU3GWji09nDT,28.611761905104252
15T5zb1i1cq9liKNrg3N78,28.189997968759574
1wFRkVclQWfMQQcaVLjmBE,56.78392036361179
479UW5ZEzAhdSn7uq7doLn,12.250790332946695
4CiqKccFFYGmFPz7HVTjfW,63.121305375010245
3bBknFVxhFjBIFX91HcneQ,68.03061210421448
3e5yu9MkIvQx17mm7LF6KY,36.53458887138894
1a0AwW12F6WA801CHA7zSD,39.37768739354165
42l9bIPPT5555p3KeY83y2,40.447667017019825
1oSLMJeccvgqel2kyhdd9j,43.01062174757371
7rQppQkXdaEbQI4wq22I7X,25.819225125476184
7H5q9RsWBDRrKq2qCdv2HG,37.07036724512848
0gzqZ9d1jIKo9psEIthwXe,52.36622761688185
5eK0UAeymUyyXILUAefcj5,36.115705941670825
4IOJeKuObmBVXq2RQ01BqH,0.38540190227491117
6XRNCAnxJIB1p4RPdFVSq0,67.72881308474622
3sYWyVGfPuit80szWXhrRA,60.01403016756373
5wcXQ4f9BTB1dPXmsqp4kI,3.559919632209452
5MsZIaCYY6Tsdph0LiB0hE,52.46534322495739
1HDApabtZoWpGEcWAMMyNM,47.506618793385016
6akBF8JWM8lrpqejdwIfYI,67.51905732991956
7ouItOD31hjhdOYeIBcQaR,28.034552421183733
3AP3yFNoB0mdDh8DEaLCdL,42.76204669051561
0k3bQrqLGN6DU3kyAr7Q8h,69.89644651518445
0mV5JWhyUFANd9qpwLkM8d,51.94260189729151
6MgM415sTN6TUh3B3YlWCW,1.4838994545880941
43Ud1IajwtBvw6ONj6aK2Q,42.23380376731897
1pUFYb9peWkK8m1WCKNRjp,42.2285911273721
05y79YGqS94EQe0v29lHIo,36.278942369976576
3eovN9jZVyLrcbRF7MBXUs,53.60407781007373
6hypt8VPJxeMXTTcRUHS86,68.86263961317697
3t6j6WNv2OSn6qm5Vxynub,70.13093522686106
1qcWuAqrckB7uoAxVnrBDm,3.7970568520033474
4j3GWI86JvSaF0BLdmgcfF,35.044387301127
4MX33MuK1h15xjfSpXU4tj,25.070146897272725
6TfBA04WJ3X1d1wXhaCFVT,39.987542881633786
2ktxr00GpTtbMNeBjNeY8D,64.01128682016582
0MfMViYWUncklO2ULTW2jl,56.14952575504071
0I0VDjGtm7F1lu5UiinV1b,36.001445478327874
0moJi7C89oQnsGAVGgiRn1,34.22533053806174
6Pis6qeFRgoQnRLFiuuPaJ,35.24805516395461
59xyRqG06dGbTmmJFVFbyQ,49.82675353882991
1grnSNpTAe14gjtqfArZan,40.40730108489245
0W9E3s2G4szLUwXsE17x5E,43.04495349618656
4EyPadLFhtWojU7mkT5hqT,67.20749342071866
5TxRbuP3XjOIaV4DKapbsC,39.95137180987863
2wM7hjeO69ca2EjJMRyx8q,48.169805809793885
7mZyNgtUXX6ZVgs0zsHfAU,37.254082630076184
6bZuZKR8hoyzZXNh1IW2Bu,54.67401200663481
7FGkn6n3yIVyqmx9LUDv7T,39.716900191453725
6FvZIDTCtmWC4KERBlLQ5f,17.26820157753728
7u5Q1iDGYPuqaqWhvxz20D,40.925880990144094
3Ri5PVHQ3VacOyPT4Pij62,58.642589830450866
25CRv7qnwyoa7kckF4HFb9,22.428815060618994
4gvea7UlDkAvsJBPZAd4oB,40.48076463579266
4uJL26cmM5HEiGlqE2YhoE,34.40736685739444
5ZjY3OaTEdvMbxp0bfv6ow,40.71493557587335
1LyhgFAenhTUCe78XkpJZ9,17.05255310086778
2NtS0rZ8MdnsJbLNRME6pg,41.50230846162816
3bC1ahPIYt1btJzSSEyyrF,64.13172508586084
4nvLuqwTOZdEJI1fcHXv8h,63.054027576054516
4JuKzBOcFT6ZDX1bINNI1C,3.7930209998707247
4Y4uQiiC5sucABEUXdVtjq,43.351121825595065
1rAmlvvGBRrhJTCiUjMwBN,71.00301354224355
1XtKDLAUMpkP7d5As2tMdo,57.77144019297277
7H6CZlBoo9zhe2V1AyKWiA,42.23237008328843
0coMLoVcagZPGF5zxc5RF8,19.699455181901346
4UuGBDjt8gLXsANZqZxMBz,59.46513882264522
6vBdBCoOhKHiYDDOcorfNo,72.31458249960086
5436OOhc4THarMSIJ5Ni9d,43.17278513328766
1JgWCIOPxGl7IvlIkqO4Oq,32.38444266142847
5PQSCIKSPuvkDIrvxG9sFY,42.95193898064636
5XnDEUn0QHWdr2bMJGIL1d,14.979752097196402
7qiZfU4dY1lWllzX7mPBI3,68.93109822606259
3cZK124mgXDTPNiSais86X,40.43626350757734
34i7NHDEXFHbmbT8Zc9LRO,14.050561623898279
2qHLzgKfeVZebpQLtFzLkN,44.08718870709857
2ASQGkTKEOAdaxn01jpteN,55.99578716048396
421JZANz2BLC2loXW51XSF,0.0
0msuMeH64Z0elgbo6kx5nA,15.451419472323128
0N4RL8OFtthWHPY7QuRywo,53.85919825605106
26PwuMotZqcczKLHi4Htz3,71.08604649767294
2siv7IrEa2khUf70k7vp49,33.75323184767542
3i85UIF4nR7qZXTnEwqdPr,34.84630734305461
7eg0FGPI4gDSstuZlr8jko,7.566689283687303
5owitKuhSWELFOFX2NagZs,41.07986495400551
7y4Hse34qteEfJTfNBkVyF,44.6109524036687
0B6oBwvkyLptGexpwJVz7c,57.94085968207846
6Tv53iO220Ue4ZHfiLMyKK,72.75523795831238
6JY1IdkZGeIcPegKxjSKeb,64.43944814492254
3ipch2o8d4NR9YWCxCYfWA,34.053074125211744
5lzXML8WVfoQeUvEVakaHx,48.994597654031935
3wOYvjH7WoG3MBhO9JOu1g,35.846194560009494
08MbvwVOZdMNESjkoVdXxE,56.34711317304908
5j9iuo3tMmQIfnEEQOOjxh,63.979905374102636
5rAxhWcgFng3s570sGO2F8,60.89168368663052
5J4tp32gF3lWNk4RqvsjsO,65.76478281977148
2TpAQv8el546kNSoS0Iknt,41.617697919144085
5XQursPvzq4c0bIrSF0oJk,50.683735650456626
10hMM5nsZQf66ldBlgWBfG,70.77804540476475
0BdAvd736NPBMWs6ayzQ3C,36.18758323361106
78eVUq3eoVxV0Mq1gIPipN,34.78029210316764
45EDts4Ve0IY3s1rQlNikf,25.472483660370926
12wAQ0HNbJWVrVJA3woXDb,58.60067996975886
4uiV3By2AEpmrUTbfXHRHB,56.45866054235549
3WbphvawbMZ8FyqDxYGdSQ,47.79296509170201
6E6BCsQHXDAdXsrL7zV71N,44.148105172933455
66AMCAjrOk7c957i3ej06f,54.14272303540261
1cxCqerH9jNz1B6xnlT02y,50.390110825303026
3c9kVsKF68xMzlS0NikVn3,56.92468281528002
4PpuH4mxL0rD35mOWaLoKS,61.207641293565345
1r6qzxz77Tvbrvqd1Q1MIN,32.321936022300186
3cNKEvmeeVjDoQwKM7Phvs,71.24263136722354
5YxEnjsmZ7evSmOFaRuvRt,55.55620682725904
2wt831VAOLWoAbIcQwxWsF,26.33241939106813
2s3Hr38fRfDRj9JWVP494L,0.6281582900304034
4JQUCvC3XuCJw2pGRBEQEz,0.0
752q3k1ds8JckA7tIakICn,40.744093961370645
4q4c1LAerpInH9yUanIIBv,66.20235701920069
62r62ArmWq38cu6QCVgyTc,46.04644577610647
6QprbmHDb3yVNVTwlmaTkS,37.78118308036403
0W93r1OgMHtSrje2YeyBkV,18.449232728003647
2UKLCkE4HWN7OD6PacERKP,28.480160181339485
5YLb4u68e67Alc1SBC4nGQ,44.960227943867395
6g9FyBtYg9qnpF2IP1Cd0J,41.8334229267581
3cwProa7pzzqTGYPYp5Efc,75.55500210314634
4eMN5YiyDpzWRs2JPCoQ1M,40.56316861894234
2fwC1bsAd5GrTwvGBRep0p,24.644889286299467
6k0eaZimYD82ZfYXxg9s9E,53.03140769435175
5jenPxOowZslz2QBv8utFF,59.71836046270502
5hZBHcHpsxd4FOdL3mZQg4,18.516660039695182
3lvo0I8c2qBJDLZWqExDgC,0.7233239885244561
6ovp1nCwIAOSMotiCF7pjk,61.55343178978107
6iRrt1UtrgsxsOZUjp6VgC,46.78289188169667
4Yt1yBsZckANMLohLeluL0,58.79695017804224
07CQ0ux2CwbaVN05sfG1zN,58.50179358942379
1fgC2MHbJnPgvDfdTpC62c,41.414322959848654
07CyrZF9eVd02zzIse7tZA,62.213846099173054
1R2mapMAUiYqre6jcFX57g,60.95001863389045
1LWueNjZGJrO3BFgcPZEqU,14.01978301420187
3i25w2HOWoafnTIiWJCL71,55.78389822969737
4Zxdw0Hno7YDu0IzvY76Qo,52.25624767016137
19O4hCGGm95UhvIyhwnNT5,35.83743385868619
6s3GEN8wK0OMzzzZbXj0fu,44.34263279532691
25dl9vcAJ9F6D6K35I3Nbw,31.33675559129281
6Rrd4SPndUw1G5C0UkJKnC,34.94656300876441
4X2nqt4Pu1lcmYYeuGBjkG,24.497250855082616
46DBOCyDDj0FFnWniwwNVW,0.0
774Vy9sPhpePjj0B7WHaG2,41.696693087192145
1xCMazcgI1g5lyfaGrxnN8,1.9924681875711538
1MGGL4HhGkixTKXpNj43Zb,37.110467058405625
3movM7HeDSPPURaOARtqhl,35.2546163408579
3UILi4d1uxhm3Brl0x1sXI,17.64617639541547
5qvGIVwLPiqAyJuohXwvSM,36.065828440596036
0abN9L7CrgDzqnwsKNruuD,37.82375853118919
3TB8yVojTVj22vvAg5JBvP,48.72292798845998
2AjLI6h9DZrFw0XVtTYwdT,22.000223246228295
7ritPWOWvsthxFDxOz1OjH,58.434360387809534
5cQffjWJzgnmEtTzKW6dnh,12.34726327251801
2GICtNjlmq5w1XIQ9s0D9y,70.09541596419191
15BlympuVSfZFROojEMY2M,63.470727899157595
3mQ6SLdxxaL52Yte7KF2Ks,85.03624462477836
3RXAcz7Sa6JDZSxcH1EEQ6,0.8892058669256552
4M0m4FUdc4wD2guhUHogLF,4.063650741998204
39wHJyoHNlaFEFUKlDzNo3,9.073370820395445
3nyfXFUqmQB3yflF2sy9qH,1.713541499010514
1px3gwlDylHBi5JjjNErmU,56.61356929703594
7l7jGqZ6tLyCpDURjWJCdS,39.02382411545121
42ojLX3UYsp4XhaX0sx29E,34.5506580959368
2h3wkxedVtAkQ8a6rl5N8t,4.310708137410462
7CMAwm7mEkZkkaBl82DicE,24.637325822487828
4uz1dfMq6nXBputSKnAqRG,23.927577202516538
2LxGrlboLTVvmegFyRtdP5,39.95522244667223
6UkMcAA19lTdjs22jtB7o2,49.761777265187824
5dvpipXxOIH96gcGEKR1Iu,51.42823005141956
4n3i8iYdTpOHUTf3BmGmaF,32.88634988426381
00toEUNl6yPNBZdnIivdFk,1.2559537966357637
5RWMlD6s4i8fECJkDvdt7D,14.3183640416675
136K7vs8qhkpWfKmculLG3,44.74870839086311
53Y0kdCa1CZ9gRqEuknfwy,45.3213571740364
3E5I51qj8g7aG5e7oIccpi,6.308947842958943
00ZGWtUFiGqWuFd7i4OeZV,0.0
2eSj0HHwB9aHJQ7zFOu90G,61.162365234679804
5rUJMReNdG8ppsTdBusoBO,37.17710088726141
0c7XKJjw6heRqQX7PzkUIj,64.67222003470008
48Ej1CDmpsETlImicgiXWC,16.404405328786456
5IfAtlAk8sog58Rx4JpDVa,13.39009533309959
6DaHEkkaHiAhRZVEFZOMJ8,16.031831979320817
6jAoHpOWUd5dpBUy0PW7TR,25.255970708131585
657H0IfrHHpDE5q2g8ulcr,26.012112120492205
5KRSA9ovjY9qns7qKHnnSC,43.08418382570392
2qHiyBpxyOXnRGG3t2iE96,65.36147933639704
2CewvqbfMOcnvYE3yayAJV,38.417405884890925
76Je5Wklky23mVoxiRszcN,56.05948935096167
5Q41NLTmGbVPozwHKK7bk2,56.459813579132565
7rfAUubPk9BrBNFApLJZcy,41.139109046327114
5KeyVNymqfqac1wLDseK8v,44.0168181867446
4dk40nfaQav6b4ZsJ9OYUo,50.74852274055621
53xKlevoXT2OIdDQx3KDl1,44.40052105651678
04KsMCb9PZE2S0AtUU8Jhb,46.08897846343735
5DxXgozhkPLgrbKFY91w0c,67.53478720543876
48eNJMsxCrpI0yBbfEcTJ5,0.41787896469890684
7C5CJmbJiTv8sRV9uY5qpN,40.741211401966936
4lGSIRb6BlkjdudJ7T41Ai,43.6072363733273
2TE1FOBGJ0h7xxIFUjppmd,24.36551833945994
55e99bv2wlgTYtNEYHWtN1,54.94519633932433
3mrCVBnj3LOOKZLlRoj2MT,23.02392068880873
3JaE63iPs0x06ECHdpri57,56.67056211934486
3zTkz1DCxJk09e3iBH8xXi,10.283145992548357
63MtsInu01ReWF9M4rl7dq,47.8266330543526
1hdlpRiRTVIjO6yGYVLJJp,38.34420396157206
4bWapK9CYlRbK1B5Sz6ee0,59.10575858326554
4XQDrALwqj4J1YPqg58sDV,55.24437873366119
0wcvsHMMrwA1Ah47RDJpdj,57.408778969181235
6pVWnjQNBnRBR3mCJb0KoI,54.700860706410566
4Ld00UQYL3aPcK4yOnv0JP,32.575480711620166
1aKSNq3Skm9MIIksjx5bFy,37.9507194825379
3eorMV6czNJXcThtrtVpxf,59.478273136376494
1wH3PxeMNXKVkuG67czNOQ,25.2133725898679
1sue5MiV1Uq7KInSM6UGTj,61.131083553450694
6Hye4TXeYUXzU0tWofYdhC,39.95570702574852
5G126blI4eRnbpb8PbPSH2,40.945341341784
3feHro11zldHX6lVbJkkfd,43.74648743169345
2f0aFeBIxAGWtYKSoSIa6k,21.797372386435015
0aKoR2iMGuqAUBBCdRwII8,49.89156972083589
1mAOHPG4li3vdjE9NQQMzD,42.32710912644637
0eqH0ALoDQevq59YcQ53KE,52.34084041698719
70OBbABoKsOjKPfZYlIEHZ,0.71260675177834
5ttuUVXzA30CIt7R59Ep40,41.333873454262594
2VAGD3r6wODe61kJq0ZY3C,51.686361768988185
4s2SoSFk0djYAGEijhnBXC,40.69918040802328
23cj0rlc0UtTBaCg60VCkm,37.29585495389439
5PQ2KpEc2jkJ1gNCnYVzwN,29.026829427938694
0vuEcIoQfIs5fAiUJ8qZhv,41.707856688172605
3MpGQae6zAFd7Z1FdLV9fV,43.421087487265744
1T018gszBdJeC6jrpqeadO,23.36672241332662
3gZUflBBfgS3QiTSTg0hk0,41.797850108305674
5nLRIVvALv61Qc1H9enDWB,20.531452448614967
4y2WxyFPLHaLoHkxymgNar,40.10804640188098
6Z8sv0vpi9I8yYanAJWz3v,27.839685200712385
4P8dU9hTkF6imgCoMijYag,0.08157204991398974
4fpdKDIpr8YVg89VRlLL2r,35.363648955772994
0wGrTrI43CKmfzbFNNhftb,59.41809320435961
7j43FohbLVulScL7S9sQZk,62.51591097329834
1Cssm6TMieYSFz8gQyPzxa,58.91014370327678
5c6lM2zjAF6MFoD8C1hiBr,25.129899972450843
23oxJmDc1V9uLUSmN2LIvx,24.368044856221985
05JdgtCKkZ5CoOjM5KS4EG,77.7957873809656
4Vbz3osCh6DwHYv5gVv5H2,60.439138849771325
1WWVPLllFytUxx5yoG3csG,33.39919336772599
2OErSh4oVVAUll0vHxdr6p,54.64450605745416
0CaAQYzg0k2poWXt30rCz0,6.703043169977181
5stPVcRqb4qixbafP9e8lt,44.407619635609706
1r1AGkq5U0pBBcL9WUqkAh,44.890442713941674
6k4ZH5yi5mIBXiFK8xJoGJ,27.639227240461555
46M5kzyKato43lawMeFGSo,39.01131390141292
3vmOEg3JBiNxaz0mHxPSPC,41.8748389186856
0rUNZQuYQvOz6A6zwyT6tM,52.8331383314512
4JYyMs7TpnRXmXvRi1XhXy,31.12259484232145
6PL07DkNaAqFPbJBbIX1ZY,37.7052657155092
2u0CelO5c81XS7z3dGpHbS,67.44090182988329
64IYrVRKqcJPkT978YoPmP,14.933138467875285
4wPHioK5H2wDivqGWEwfaq,40.943626872478504
0ifIudDeWelhhKzNqP12jm,21.035069086092633
2YaSzINHB1xDU4zigrtR5f,39.460361530582965
2aFsfzUuXuxDr4xo8ndfUt,2.9904824517624693
1VAFud1nSkqa7efJBxONAz,52.93999575334738
0Koh9yED8UuaXvg9p5lQdB,57.58310461082222
6Ko0LtUSamxOleNdwcM5DL,39.65408125518662
6Nqi1fWKYXrVXmF3RtQbSf,48.453360451738625
0Ryp6HXZv4fdC7wfLJTdS7,20.98363437039901
5L2l7mI8J1USMzhsmdjat9,43.921466228697
54yCP5dfn4uvU5h37aE8f4,70.12308544759267
0jY829pCMnstlNtaE72vSB,48.8189128671316
4vCAzANUWDE24URV6wQ4ra,57.94781900310859
1uL4Nj0JRsIt0EibpO4Zx1,14.75495890081888
3QGcJyg8Ymnfa9U4bDkwxZ,39.87539303584583
0JNQXKglzHsy4eed3PWxgP,23.613044374037063
3fS0GCbLTLK59MYn7HYMNi,54.21725326868746
71EHOyEOhNx1SzTebRRyng,41.51134512618273
3QpkDyuXdjxhIyLyKtyC6O,68.06827705327032
40iJIUlhi6renaREYGeIDS,46.865625655774274
3UN6cIn3VIyg0z1LCuFSum,47.16725467706716
5bSSkaqVo0qsOmtYOcPpp3,56.96785923363967
1N8MFkbeTDjVmUaVnYVKFg,36.78931936769967
7JDyBLjOijEpNJGXn3F7MN,11.785793556401455
2KWCHX9hCadTNbUhLWvDDq,41.51011689645155
2OnE9BINkDVzKC8ssN8M5K,21.933818802119102
0IHYNEHVT1zMEeNOgvyg9B,53.96088101007458
5NJu4ptSsZp7ocFb459rt7,23.026806457962632
0V9cosR5jWa4fr2koARmhD,37.06122685577019
4SsDy47nzkU9FhqZkjPXvS,47.05857851130964
67FyJhqTbWddTpcnB9YgnQ,24.15890726763005
2XdcUAsMCuNMaWLmXIhdjW,30.876456533764994
1WPQHQXez6OiPp080ZSPBD,0.0
4DWvOeinTzhj4DeGYn9tqz,29.817536675290327
2xql0pid3EUwW38AsywxhV,70.27524474044036
7ILEWkpfdK6AjH2D7jppWk,63.238088544374584
6hjh2phISvfR1Ib6S0FK7b,48.359487320247176
1PI87c2lTmkjNUG6EHzvgc,39.86352193377726
7jGa11njc3FnVpO6QxGZKz,38.71612550911871
2b8QQqf8Vwb7bfz22ja8Fk,52.113259207939635
0kTCZWErCBvYrM9CNjQaRT,55.13815501647318
6j4eSvLSgkb3ehJksCtq3w,44.34520542521407
2YpeDb67231RjR0MgVLzsG,72.83968818596941
36jMu03qVcjYAccvQLmAMR,65.5873935900036
3UNuVVGosJLfLCsWHEhr5U,49.57221742141697
3U9gogDStAfWxSm91PJuxb,65.53925946792273
0sHFw13WH3LtSB3yP8UMYJ,43.929088401722694
1wb7Mqon4o1ViLjaLV9f8U,53.96382123102505
4lhqal0Hq63U2wETCeBdG1,56.56253681401402
0WMDVSpzpRBuRqMWbbbYVI,55.728706022222994
2EMauqGtcQBe2WpALvKh3j,35.273323139874435
6L7VshJ2hM5fATDIWtGWVt,34.08626814203289
6g1NlCpW7fgqDnWbCCDrHl,60.071671495698666
1eKf1hCEVQbRDsOIrY0U3M,2.525025065431882
4nK5YrxbMGZstTLbvj6Gxw,78.30239261508498
1yjY7rpaAQvKwpdUliHx0d,52.19147282523994
3VkflrITuJJqaujM7jtOeh,0.0
3pWcj8hxj3fsb9TDAcMpEl,68.75809446686
5OXPfNGyUDTMOSaGhbAvOr,68.16811569454616
3wSXWge0hS6PQFuIs1bGDZ,37.32083342104978
4Hqlo1XhohWyonvWJ2U3Mn,45.28048723000509
0NUVpYmLEaTj2sJupz30yd,5.646175610212406
15dAoYrYVbGB7PiSE45j1Y,26.145579443999576
1jTKIuhvCHygnnY4QnUvyv,18.41392028677268
4G3Dj555j7wWDZeisudkDH,0.9983677012854183
0T0AY7kzqXBiMuHvI7I3j4,44.77795472877817
7MmG8p0F9N3C4AXdK6o6Eb,60.34953492764319
7LnlYD9vq4c9SOrgWOSuDh,41.83078356104914
2FmCupFDdyGlADn2sDsHZD,40.809882006869934
6vBYLDvY6vMzHMknz56Ls3,57.06228681253559
6VGegSWgCabRxOCTQ0lSiX,1.8958943003990887
5voO100jVn9PK4NUETgM8W,50.49246305517941
56TXkBMhaHhmqNq1M30qlE,64.77002992834556
20EQiQQYSyuifv6YMj64qP,61.906033192832766
5FdhIyuyIvTvTrWERpE0lF,39.57338213627356
3Lv3frZVXU7Q0JEFvLIzWW,61.70837253889057
1UWGkn34CD31VQfdi4D8Zp,47.52318844468367
0Ytxje4D5iXTHN3MOCC5jS,45.8035673538022
3kkWD4jESZLL9eXrzJypGH,46.85091518604454
1leXuBiWQMgbvOIIedqbLB,29.6466084052937
1MUSDyEOKOeVLV9Xdfgntr,50.39392690889753
5qaSekPPKHIEA1Yn0qkCaC,48.75781338630524
1NWcUXTRigGwMubxPdAGl1,32.679141640262486
5UAGqaLsYS9EgPJz0WvrB1,1.6461634050394418
3oP9C6MAm8i4SvYB37GDto,56.037847798861094
21eTDQLeErzjDe5oUETbkF,10.557619526499654
5tf1VVWniHgryyumXyJM7w,61.432752236355626
7vxc1a4aks0RqIbNhBYjlg,43.131061340115146
4hszow3YBRAbGGA0WbbR6r,30.618439743424297
3J9NEWkd9Cx1MwSSvDySkL,45.43766034825737
2SAhbZ5QqI5Tof5DeBjGyF,35.8333343471688
7wRsfZCxZhZUQGUjneTSCU,31.272036223685898
33MnSYLvtOrbj5zwfioEiH,52.24519556751222
2jfLNlyUpxhFkoo1lJjiL3,36.38949519325511
24p4TAI0wH4PMd0vv1OstQ,41.50527861386013
58AS4weYlUWvGztZbKIuAU,57.583559384063214
70HNt0eoBVqr4ss68U8x3B,59.35754928883736
7gHs73wELdeycvS48JfIos,63.029514429665575
4Pz6d9chtIKUQ628KWDZpR,37.86932833152417
6wZRGjTX4Hsq3RcO1t8S61,1.23284657401597
0AUyNF6iFxMNQsNx2nhtrw,36.20573270964646
4Tyv7nnNTHC6mR1pTubIrw,45.253722486454265
3UEnF6y5tyHVtMzldS3svp,28.42163896572147
354bs7EDkFxcmQYcKB6ya6,40.09410319827453
0d26bU7v0Lc69xWXu5wRIq,0.5732056908085074
7zJ9QW6qw89mJAtzEDzzai,0.32111102143371273
7vAPNx92EUeQoTaGhjGTpQ,34.19099066644144
1SDLrgSkAw2LcdXfWArPgs,49.27952838922512
2sFBiCSUNc3ptKrCR8JABx,58.382287273017944
1wjpQiPQO8a1GDjhAD0gCo,29.196837864004245
4yZI69ElgxddAUGNJjzc0j,43.58659618896527
6y1UtRcHQU07aUs3oxZ8Yn,47.70738501606527
0Nc2X53OFDIxl1F1Z5AZfR,10.905038166044076
4J6x16eeV9RvCglUuTLFZ1,55.79277914110593
0WfKDYeUAoLA3vdvLKKWMW,59.355452920016404
7uaSDIL9QzabF2Je0FyDZ7,39.018442394302035
6yLIqXX9edg1x0HZS7cZEv,63.243889218009805
2brjzWiBAfuX7r6eZEk5qG,41.00123753588912
5VGBgPVFO3e0lWz4WHYntQ,61.825104248599
2HzMIJjLgXGbfSWzQlrKtZ,10.611445334569336
09nZ9ZDWq1rTkmM3WjvMvF,49.030640800026276
4GKcaqt6PFor4siHXMO42e,36.77207744773245
3tvxoYBfRkpXNEeqovOJju,61.69776929751602
79UjqYt9MCLlBpzAvaKVJj,29.162323821184682
0CJwLZDmSFdXL2WcA74Vo3,64.27713587626175
60ZppukPfY43NDU9meKJrz,55.30950167949118
0Jyn2SgnPMaqlrDkxCDvu1,38.07071706055369
5zdljOuxFgbkVgVgOXbSIE,39.43290877705956
1OKESSR0bK7tfj0H7ZdXOI,28.660532224760832
6ifUES3keWjwXgae8pXI3o,41.28255549601837
0wzABO1igQsSy8cQ7dIeHK,37.70033235552719
1ort5ZSs5dxZR9Q7NJNIKA,1.0183893946464235
6oyeeA0sHwHM1pPpZaIsrD,57.85510944133034
6DbqCKweKwVkHgRv1CI53D,40.8371011713172
6dr4yfIX1gO7to68cDcCsp,32.937166420007934
2m03BtMMefvQspKp35yLwk,24.89790204829269
4BcDicSKNxj6v4n7HGtq7W,46.71070352869543
6wszmCHeHNQNVBnBSAyl9X,47.407048561543505
1c7UYTut2SBOPq64o2t0uN,66.0241993252421
5ygXl5iJI59xBS22IEvzVY,55.534429340079285
0uhwGiAqqhrXp9Rtv9lTLa,40.88924109046151
0aEOw9HUVwEThZ99eVhu5b,31.403194735404394
1UYZWCuMG9N2do5ZnvWh9x,44.35903134072209
4OMgqSsMbVhPCFnivcNAqh,23.093206288464398
1mB7dCUM7sPyNab6R43nlj,62.04621321345145
0UyljEbX9dqI1K0sqdv6B6,73.90205969963608
023iiH1B94VYpHuq2Wnp1b,60.83271615005217
164C9bSF4ryqWXI4XgxTE0,58.881715504715565
0ULPav7qqKTHn7vgi9v42k,35.558224601804234
7M62cpl1L8v53XwfCZ2GYD,25.509061572998963
3bcduSxypEUxlM5UawQ3kD,68.06442679986809
0IEvbpIyDb26zwhnFGzuLb,42.081656699388965
11jMqNuaE2vTsBBjESguoL,1.4156234295571701
7boKWlaNVmrhJdX8IbzUdD,32.38669484635643
1gsnWXeNlbfoHpaGRi4oQ0,18.01011633892739
6Lr9sGM6kARYVDL2dj0lqV,48.665947087280266
0IKK48xF4eEdfofyaeKWWO,50.38493612384434
61DpiQz5Jli2KNwJZn6s4r,41.23250083121341
0msrDPXxZpts4FRnoX0bFr,57.527102528781235
7evPpWWu01Klxi0KlPxR17,66.46549651663504
71XANkrvmPFBd0bsFuLpvm,40.857561398887846
0t414ewhjcIiuPVF3QECz2,29.058589805693043
4qVR3CF8FuFvHN4L6vXlB1,56.68080177027452
18a9EGG4xhRELv7bgAw5hb,43.98334198351801
3SDlMjloqNmuHbOUWsLyfU,61.501459342529266
4pCEIQ6wBVuaJdER5bALtO,65.35209175338858
4ZYM6R5nOZywxACY90Bsla,42.49683500597729
5MgBUUjbkQ27Kd9CbeZFLo,42.61341965936919
0gCJkpD0RhF2rjiALLHBQL,56.28650948950185
3Tiw5CxZNBqTnZYg6rcPN4,20.431054112610923
6LXRvh3S8TB5P1PKy4lY1S,17.086799045010906
0OxDGZakSMFjEHSoQHEjfy,48.997130081533946
5xUz3xvyPPrNfnBrh9IOZa,61.12982391303763
1eq1wUnLVLg4pdEfx9kajC,53.53568019798229
4OufvzIUm5RUveuvVVytNn,20.48088876380799
3iZ8223bfKeY87iTdcRMtJ,41.10183352995206
1RMJOxR6GRPsBHL8qeC2ux,65.91622919947307
57sk9X1fPLXRfkw74XNrmK,45.7044862441594
5SrbYHN89Ay0EFCiyqyB4a,26.940831992299348
4Ilen0VxPEsVRLpnePji8P,47.59680786562419
2jpcKcN8SZtp94IJpd7JzB,24.571809800872828
2TH65lNHgvLxCKXM3apjxI,78.60201035543413
2FTOLKjQUswhpdMFq15Raf,45.31768970161414
4TeFiXTZZwL5jKysSkCTsl,31.095610707528493
5RubKOuDoPn5Kj5TLVxSxY,75.12525549514919
6nDxUpsVjr4qAQGpd2oy6g,23.9545742491268
2JSxHhnDHsz0d6v22amg7y,41.28126660662341
0Qnr5TKNz4vlYwlSBhtv8y,2.850024369144105
2PAAtJMAcw8C6ayNfy2zVH,31.704536803869182
3FsBtu3gdlfZjBLXyDvmj1,68.91861981292168
7z3Q4j4HJDSOZtbR5rbYdG,31.881623775065634
2XeApaynFKxg3wtfLKqYsa,23.522454040519545
43UwresvfvNPDl8BQruk4L,9.819465804862109
3A0ITFj6kbb9CggwtPe55f,28.3542252331015
4K9xid96G3YmIvQZXN9SXg,51.68964073871096
5U8EeispfUCYzLaM1oKlbm,67.12653243658359
1DIXPcTDzTj8ZMHt3PDt8p,50.13484294014537
2eVDxPgGKdLf3qSIvhCmJB,55.27487900251425
615LO9eHlx6xolbrdQMI7c,19.82605573494777
0rMeOAvbQZ2RTG4B6L1M4p,67.622150266308
2dqmgtEy3ca7ElF4Dv0hdu,23.644111073805995
5e4uOUdrpFCKC2kwnXWWtY,43.646486034332725
7xrLgNBENSWmiu6s8lYIQ8,46.60377674586226
2kWJXkOSbEHAF2NucFv9SN,26.30075688056765
5HnS5kHBcUEleSVO0IooQD,39.96448080894202
7iL6o9tox1zgHpKUfh9vuC,35.35986623102496
1wUiMzNBtO26PxSlv63KDT,42.54159492577457
6geDG6zrcBSqg5AzTFtTlp,0.0
3f5lA8nnc4YYF1qf78WpHw,43.318546360881335
3oITINMgPGsnvA3Wv3ZHGe,20.678039082537694
3k9PtGmPNnQtt32TKWm6f3,61.43239753836586
7p2QsDBkOmFNK8ZETH8S15,33.88903411555576
1kdiiFGX1Htx0aVZYaDwEJ,49.87181555036425
3o3HURR06RatkEIE2Kcsht,41.26498466970032
3LQPTJEqOfljGBxmpgUnoC,37.50765841124257
3n9McysKwxw7VA3Ym3Kvxl,29.698363718140932
7rzaHTWzsnyz3v9liUNW2I,18.667987835421478
14JG4VbsqeLsFuDJlkybOT,23.30244349210075
6WAfYZXIKo2ufmQZQR9L8E,34.05260006723422
29bWDkf8qtCmsvDWOW55CJ,39.57702993757882
1fzw0qGcB6xs4IBXhdfAkj,39.56258197405625
7y7A9sWYJQpPwKiJBwGZOd,5.2463666727378016
1dVZeuQFWzSI22d3hPEncI,78.39953122846498
4W598w0KcHVG5Nwqk0qMpj,57.612691419950295
32may5wXbW4koOYwWgoVKu,41.38132167430623
0dDifktDnbzmGwliFzI0Ld,25.753731487488697
5x7Ffxc1Obg13x5IzM1XXV,41.137856900868734
3cg9A9GVyZAT2CPevqWr65,63.6965755483118
1z33QOn2Hcq9SfI5pES25L,39.1393870115181
7gZ3kWNtIxFgxjsm5OTVMB,43.23110795813848
7KrjtcjqOpMOaH9VbCjYHM,35.930072928631766
6RTcqvVW3VDuHtwJ6ScvOW,40.964321443940044
5K3NDUPkLe46b5DRMt2RNJ,35.41264674377981
1EE5SUPzv0K9sgIOSgaiNv,41.48285496525803
1QGKGu0plpZnzOgzdZFE9r,20.573992215516498
5ZgZhzQGCqVwPydT4CkH0W,57.84687839409012
5GjnIpUlLGEIYk052ISOw9,53.49149597989532
1CZOrmHUUjeDP7N2B4Ba6S,42.91912063650213
4I2m1bwLI7Mk8ibRA9Z87f,0.7311229658631047
0ekRt9Sc1ukWhAlyEyksuU,33.33639343241855
3g1iyXOgxuPm9zkzqpDOeT,43.50005605151751
1wNdGz7BlB9kH5lDc1eLLb,69.90058734640073
1BR2rZ8nZ0pPuRkuyE3oZ2,38.27102230263992
5PvwPy5eRO8BPwpRzCHK3D,36.324349034534166
3mkPGR4NklNB3Y77c3mrOS,54.862411024192404
0xWRZHmgpe4iGNnxV96xZj,39.39563376763487
5hiumTSuqHC4M6526QwV9S,44.11886232324088
1Ub7iDeuSs5XS55OFg1Prh,52.74420713388474
29f4cPjqBi9n5lS8XQlKa3,23.126771283957055
0VeoSHlgashtg5JYPJjl15,67.32437176348809
6PM1sGUlHGCssd7nTPuuYa,26.240128307377642
5LKdAzDeMyMXezSTIHkXcE,38.1706294650772
4FwIOdILaAxMCh5u3IFyVn,28.95068020745436
5TtNpBiVb0frGgr63WEyyv,39.84214969094147
6CKlCWBY885ja7Fz2EQjdE,42.57590686343392
56EPijQ6H0sUMuRKbaIRfG,35.7476712572938
6TqXcAFInzjp0bODyvrWEq,76.23583238228689
27snqdLCPt0CshtieduKID,2.306368776272994
60EBukQJSlpJVp6pEa1trC,38.378109142762355
3X6pX6JttTbFIZLvcYYIZA,25.333946658478315
7KWNTuVSFUziohGRhS3cZL,23.251558521050157
1QcYkVyP0dJb8eUtiVlxVz,39.01964618474818
1gu8VJ0d28EsXtcgKzJcSl,0.1338135758951954
4vQnWwYBGabKpAoYLfinQp,34.50813030297343
2eEpacct3ss21cgswjMEdw,67.27350845688622
4d8iN5Re3A6UOYVxZAbJ7v,17.610832021396554
6QxjRIvCx9Xs4XwKBHKTbh,0.8960152589687728
2iEGj7kAwH7HAa5epwYwLB,65.55152891590481
3h2pnVxdlwh4NWjRkSiMac,51.71161474288871
5QdO7aRLZEUhwti8gTM0qW,47.35137071317877
004s3t0ONYlzxII9PLgU6z,34.97994958908634
3Nv85OQTEgxlN29my6unSG,35.73727594751218
5I0E7hqaGSnbVkJPfF0JNQ,29.38790346376218
4KWq6RMruDDwjzYBBpUi7c,49.24412868270665
7bF6tCO3gFb8INrEDcjNT5,63.98261339062411
3BaridxR3bsmZw3F8ERWPj,59.836387133246504
1fBl642IhJOE5U319Gy2Go,50.86345191602507
5tJjQIhH6mH3PhG1DjW3gD,37.9500493942658
7sO5G9EABYOXQKNPNiE9NR,63.5769672289723
5VxtGuqulvpvb1DymW350L,51.03276509305498
3mEb1rDaVl13swOcpkItwJ,39.83034160752622
2gApWgkuisXedOcS9Tligs,38.35775254009856
0EpssAjtQP1OTQtrX2pUz1,7.858420747364441
71Cid4UeolaHRzdbmMDAVb,49.261939394997626
5RhWszHMSKzb7KiXk4Ae0M,38.473286150683485
0lG6QM1jjbbX5UUn3DPmrZ,54.562224330755676
65elkRvvAVBuQupIVoZfn3,43.04817452603889
5uKHVWzqtWCEkMgoB7dRsb,52.174549040872456
18QsGdqfshiyhrx8oKctlf,28.2132275888584
3RtR0XXNGtBHJkFgY6OvTQ,45.48162690914726
3gw2Mz111daFVWm7IF0Gb7,70.95853759375454
0Psz3az3RIYfJpnsajBT8N,0.4156249020867824
6dvh0VS6h6QBihnGFOxZtI,35.62458354709727
5YOkA7qd2983FtBQnP8sYx,61.68220687475274
37OfppLybeXKwC377AchUI,41.00865357405854
4NhFaw4t0Jtihruigm13zZ,4.581074339580295
19b4vDb9mrs4WFh42ySOi7,3.7565597669529986
26bv58AJe8E62FJzFBMUIM,8.623020815868662
6OocN63GLU7NF0wHdewhID,60.28947116009074
5CG4RXjli90Zd1KDalPqeK,40.30391681550493
6ejipC6dh8CGi2WiUACOvN,44.31679534784892
2iqnTmYyY7e0SanovNvw0I,43.23298067769282
66BlLSG6ImOYNPttwSw3Wl,24.80046248876433
0QBrw0zGpCa8gKIJd2KDGo,0.6264776315991331
4EED67Itwxe7qew8pAiknY,9.453111330802761
1v8NfOckFEnck9gp7iyetm,71.9185337641602
1cOyWWUr3oXJIxY0AjJEx9,40.813700593674035
6SIrNxmmdbv1KUbFBu1PaN,57.35966709256286
0glQyuYv0ylzFhVLJh55E2,40.627338220516805
1vN2rZ4WoUe6QQJjc2NBjN,6.58154662988422
2tqfqPGsrngNCqdTPpyCmT,44.178237138002125
2AoJ1NSLrqfppo6oT5Bqc8,13.805484282179085
4aPlzaMuyJAkNwEdqnlMNc,20.85436227707705
7pDUhxbAWlITdbP9JcjF5Q,41.60176817267581
40H3xIU5zHl700UM0SvOVF,17.311606736448773
5lFDtgWsjRJu8fPOAyJIAK,48.67127091675706
55Tom2dk5sMx1UTJPiTUbX,38.928031862820404
7qtz1mNAD4CQMiIcfFRbj7,0.3690295994681841
6cAbJAh1AeYBLAMurtyNqM,42.58110044826906
6U7QjXYOaLJ741cIWPBTyN,57.575725688635856
6MvGg9X7lIt64WW28Nxfxo,50.640240654387746
5Q7cE6wGHMehLFo2ppkk5D,36.34148424653272
08VZ3ycsCq1LfabZjdRLg4,31.110685179342536
0SYRVn2YF7HBscQEmlkpTI,36.652176019350215
44AyOl4qVkzS48vBsbNXaC,59.93704415245085
2s0QwtFt0lBDGPCnJeDvJz,4.0317543959128495
7Kj2LjwzJFygTn24TFulwK,60.09511356011081
6WZHm21UPkvcmh5VLjhFZg,56.92717112458945
62LJFaYihsdVrrkgUOJC05,49.767181705414686
68L8UtN78zj2DbmxJwcfQU,45.356679473208956
1ZoQVu9XBssJBdeKMgF2eV,58.81772206984133
2N0NifjyXAdMOB4KBGvBJ6,59.74973724809093
6Uqc4WAhVelhB3tkkjaKoM,1.5236522198325113
74y7rve8M2xupgDTSj09VO,53.21416756881475
3SWqGa1J0M7hSBUDM0KePD,65.25340793022635
6iNX5Pi8gs2pxx0XHsaRDL,22.846866409941143
2JPRzi73qRt1kYSSwQHQUJ,44.579501962688504
7pzVg3DrKbo8JMJFCHsMQ9,55.24519828417908
2jGxPUlBQrHgBvOmWMcqDG,40.84799642627391
09CtPGIpYB4BrO8qb1RGsF,81.52548141080626
5vlEg2fT4cFWAqU5QptIpQ,46.90171643867854
6uPSExSu4Xt7HrtJRR1a2P,51.43026314637664
79vchPw6mA5F3b4Ft2TqDT,43.28686305602793
49JVirKEYzK7SE2Nxnrk4K,31.307105420989068
6cvDQENZlOeBkTBJl5yUdk,68.35946670173347
3Wd2jkT8nPKeFXpMS5OegI,47.13894896472166
0UQDSP8cz6WmLJckO5jqUQ,46.135443687919725
57trQKFZdJxHia4sMJioWk,59.043054424643096
0FTDvOs2mzgHAqL31PBXO5,39.9397323473744
1v3Ozpbcx2B926aVW0UuXk,62.187940170218916
3p4Iji2RMmWLnkPupv7gKk,42.54020627224169
7K9kbDWgbJmfNnN9LSoXB4,44.36265864947014
4TlYG3mKosVWfGbb9VfDh3,42.79571016070743
0R8P9KfGJCDULmlEoBagcO,64.79670879403812
0DiWol3AO6WpXZgp0goxAV,66.17908867575335
5xo1Gj4WTssjQgQ0w03cf2,61.196735670095016
4x7gAMNYaYJbAP1A7OEQ2s,32.9850203977054
6lRKIl3IsrJDZbPH9yZdvk,0.0
0PP933bHgvV0eD19dG3ms5,47.23692099403662
4QwcuKjGjtl5fZe7kDdULV,34.25172435067194
6Uc1DKzdj0Xy3cF3GxXib6,50.06190024300825
5XmWr9rlKvjMLmnq2A5HF5,59.83917652547439
6zVhXpiYbJhLJWmLGV9k1r,42.29196782785131
6h7MPC2hBJHJQuobsRXqwF,40.67905179966949
5YWqXfOry1xVvz1mMhKRsX,39.317283539495165
4PPJY2E8YwiDSaiug98qIp,1.569227232606883
72Bz4ciRZPBcVSw0nrZDHi,51.17745519460988
0PDwgRrbKYOgZS82F8uvPt,1.569227232606883
5FGBOYI8mj9chVhWlNOVXK,21.18951714605662
6amZm52SfS7d6oCEu9NDMl,38.83393767123492
2RmEAopmu9Of7kQNfPrdHc,61.095722758048055
0UreG2A8t2D4s0DycjmAbS,38.588383353383435
6epvwUINain4iSHCTWA0sj,50.20341338313161
6XyxCBp6x3jvtxXvMN5sAA,50.91604928396549
6TpowNTagUJ7f8ctFFCVN8,42.90418513899863
2uLx3Gka9TGCz9Zgu7Uwav,40.86897944267897
40rO5T5aZa0MlgzCetTRTn,38.50809036423994
1vgkVUPdCcsqc0Y15TuFH8,48.37493889674646
3HoYNJMxEgTLKiMXjXeHjs,54.81197199633949
4XiGKQqbmnMVxDzUj6j3f2,44.87316590935619
4P9mkwYxReeSJDsUvUtAkE,67.65913421940516
5mSJyWjbBeQzJlfaRmZAIN,0.0
6S3SnnZ7HRMoTF11Fqu8th,39.30005026950753
6XPmY4hIb1RGRyNuq0UBsl,43.00149955166915
2kL2hCTYMfR69sQkRbALDY,30.578823919841028
2ubrTNQou3onHm2WNHcCyT,26.123728396853497
3iC3Numiy9P3AkF7iioKmx,3.055392210616089
4fTHlSAySrSeveDQpxBSfp,57.24699735602402
4aYLAF6ckQ5ooGGGM7sWAa,60.07754082686415
2hYpH6B9Y1cMwU4p9pwxa7,54.366097333158415
1ZZZO1HhRYkCeY545WzBUw,39.24223742455029
1tpbAGsGpZee5jDHMcLrUJ,41.02971212473147
4BodkdQk2Ouo6BFbLqoWtG,42.97495696939943
5hfA2BeYLbBukMAPXJNzdI,28.286334083953648
0Jo9q8aprinSXSST7kY3nc,54.77460465712194
5Uo7AAr2d1CNZlaKgVUT3i,0.0
2guNhJXjJVCHO5rYBVcm5H,40.537471260427985
4VPq4O1fhqHyKpP2UoKryq,56.05687466745913
201NunZ5rsvabQoX2PxMlS,21.164488221332416
43zjzzrWWXSACEH6rhj9x5,0.7481562761584308
5hduHc1QcT6s2MuJPQv2I6,23.801497539879207
5azdR0MZxdZjGtb6tFLEav,21.118993544527545
7yss3y4G3zjtufzx8adHMb,2.4056804104457674
3CwocqtW6g2rCqsI8PQCf4,69.09300737628345
0SMek8tzVJRYzQkloRhiEk,16.409601910332977
2yR1PWuxh7kmuSPF8wKftn,28.23117241204694
0SfCG1utWyG5qWZE0feV6S,39.88299030414885
6Bv2bQvYZDJLVlMPbmuFQm,37.02821692673189
6Xs7OKt6i0Ddq8B4M5Dgvr,56.29918334447563
1DfRCC2qpjjzc6l5DmTjkG,55.90752510971873
2ZICF8SFI5tHttaLJKMY1X,68.46228930768821
4FfJyCX8Dq3BcfOhFEL06K,24.582042738803267
0Mn3amMRMoabaoTf1Publ4,44.53298736797126
6GbYxW4CH313YQbxtzjLNN,40.36069752700476
5CF8imCLvp95nd5EY9f2y2,43.963700231105896
1ZMiCix7XSAbfAJlEZWMCp,85.07318793413013
223pTIXzqcuxzQyAtz5kyo,38.9220271353213
7MMfMzBJbXYfA37UYzRYUI,40.424429073826474
0llVmVvhhn5vS5OdiYhq8C,4.651070062500453
1BH3rSiixIJhXe3viUeMAN,34.81325567840816
2oFIvl4pywbL7EBsgBHdhx,24.090177595234014
6XPYPchsGj40NxVLe3m7AM,37.67437040032469
6x9NTpcvNmfQpOpxMeC4rL,38.79562098395052
67SMaSkF6rOBiTkwLCMUIW,13.047013453111118
6en4NMn5Mac3lqJKNxUdaz,8.071924309330416
36QG29bbGuJkxNgzY6o9Mu,52.01318143225624
3Xw3GUiSfGxfyjKzaKZljD,34.02541378132097
6JEgyvjdGb4CYzcCh6fssP,49.83082031202807
05R2lE5g9hnaSmxIrUl3C0,31.97733483553259
3noZh3GynRLHd9QxtbmAyX,14.681587620221466
02qf5aeUXhov2KmQeKQaVa,28.265708260955602
3e5eR2DBoHD2qR4HN3YmTv,4.947434719579122
12ttZVpkIbYVZqnpWDIDtr,0.0
0Q2dRzhPWFOex89dOjbq5Y,41.82410805579058
4VcV0t8VN6AZcWTznJOUUN,36.3855465436665
4Ro98RCK90oHqqSZUnTFq5,63.436510153476604
0eaZbB3SewakRxB9uHKjjj,46.16159982978042
1PhLYngBKbeDtdmDzCg3Pb,59.33833823162803
4svCVV4VHEL3Z4efES868h,57.139492578913725
3mhA3HuRldiEtTvCpJ2Act,39.83597266560063
4gMqB8Vs2NvA3usbZoPgdv,36.82511134935316
027vx3TVLFM1pIWDQFTfnY,36.16978283217993
2665YLaM0dLaIhkjpUHT7k,45.509812627862956
11zf7m4vw9Ze7cer9Nyhk1,71.56921883520957
45R6DmpsaoqLujIn6qPTPH,39.83704845831204
1YXsDvZqz5dGdC1cngX0Nf,30.502123278293578
2eXoWAL6kC9sdlpdOGvSCw,70.62580497335495
1HNs07uZxZniPNmniw2GTa,60.26245586808543
3ujzd7pcdAhILCnS3oGbaU,64.05749082608062
2AhV6GW8sUFpcEuDy5EOln,49.446116641860996
1o4XQ7tYJrDxgEpJufbOI8,28.728199547584364
7BgUcOjSOlKJXASLgJ6bx1,29.56374546878429
6GvPBeWzRMK7AZAVQnla6s,42.12802160290601
14WC41AQDTPVzRUpvcIenM,50.86423344528742
6fdxpwerepfYpTCjchuP5J,40.96652293085033
0FBywYb06nuyLdn4gBlQLb,10.504638973636325
1ozdRCYFVt8Ui0dba1520D,43.969351224526044
2FGBAvdswjz67iMGUXgBZD,68.90656638449084
1TPVFKsYJqlY3eN6wdDWFR,38.04537127932171
3dqDRmye4pQMEHBFvJxhsA,35.499464975984786
